formula,kappa_L,kappa_units,temperature_K,method,method_tier,tier_name,weight,kappa_basis,struct_a_A,struct_spacegroup,struct_sg_symbol,struct_prototype,struct_site_ordering,struct_species,struct_frac_coords,struct_grade,lattice_convention,source,source_doi,source_url,source_location,struct_source,struct_source_url,struct_source_detail,struct_id,struct_same_paper_as_kappa,stoichiometry,parent_formula,rule,action,reason,file,matched_source,sample_id,formula_raw,spacegroup,a_A
ZnNiSn,4.259307322765244,W/m/K,599.16,"experimental, Wiedemann-Franz: kappa_total - L*T/rho (Kim2015 L(S=93uV/K))",0,experimental,1.0,wf_subtracted,5.94093,216.0,F-43m,half_Heusler_C1b,,"[""Ni"", ""Zn"", ""Sn""]","[[0.0, 0.0, 0.0], [0.25, 0.25, 0.25], [0.75, 0.75, 0.75]]",A,conventional,Starrydata (experimental),10.1088/1742-6596/327/1/012008,https://doi.org/10.1088/1742-6596/327/1/012008,Starrydata all_curves.csv (release 'latest'),JARVIS-DFT (NIST),https://www.ctcms.nist.gov/~knc6/static/JARVIS-DFT/JVASP-193461.xml,JARVIS-DFT (NIST),JVASP-193461,False,stoichiometric,ZnNiSn,D4,relabelled,Starrydata typo ZnNiSn -> ZrNiSn; source title names ZrNiSn,data/Target_Materials/HEUSLER_KAPPA_TRAINING_SET.csv,,,,,
ZnNiSn,2.9125655617280204,W/m/K,600.0,"experimental, Wiedemann-Franz: kappa_total - L*T/rho (Kim2015 L(S=108uV/K))",0,experimental,1.0,wf_subtracted,5.94093,216.0,F-43m,half_Heusler_C1b,,"[""Ni"", ""Zn"", ""Sn""]","[[0.0, 0.0, 0.0], [0.25, 0.25, 0.25], [0.75, 0.75, 0.75]]",A,conventional,Starrydata (experimental),10.1088/1742-6596/327/1/012008,https://doi.org/10.1088/1742-6596/327/1/012008,Starrydata all_curves.csv (release 'latest'),JARVIS-DFT (NIST),https://www.ctcms.nist.gov/~knc6/static/JARVIS-DFT/JVASP-193461.xml,JARVIS-DFT (NIST),JVASP-193461,False,stoichiometric,ZnNiSn,D4,relabelled,Starrydata typo ZnNiSn -> ZrNiSn; source title names ZrNiSn,data/Target_Materials/HEUSLER_KAPPA_TRAINING_SET.csv,,,,,
ZnNiSn,2.32492930508188,W/m/K,698.32,"experimental, Wiedemann-Franz: kappa_total - L*T/rho (Kim2015 L(S=114uV/K))",0,experimental,1.0,wf_subtracted,5.94093,216.0,F-43m,half_Heusler_C1b,,"[""Ni"", ""Zn"", ""Sn""]","[[0.0, 0.0, 0.0], [0.25, 0.25, 0.25], [0.75, 0.75, 0.75]]",A,conventional,Starrydata (experimental),10.1088/1742-6596/327/1/012008,https://doi.org/10.1088/1742-6596/327/1/012008,Starrydata all_curves.csv (release 'latest'),JARVIS-DFT (NIST),https://www.ctcms.nist.gov/~knc6/static/JARVIS-DFT/JVASP-193461.xml,JARVIS-DFT (NIST),JVASP-193461,False,stoichiometric,ZnNiSn,D4,relabelled,Starrydata typo ZnNiSn -> ZrNiSn; source title names ZrNiSn,data/Target_Materials/HEUSLER_KAPPA_TRAINING_SET.csv,,,,,
ZnNiSn,3.3073310212746376,W/m/K,699.16,"experimental, Wiedemann-Franz: kappa_total - L*T/rho (Kim2015 L(S=97uV/K))",0,experimental,1.0,wf_subtracted,5.94093,216.0,F-43m,half_Heusler_C1b,,"[""Ni"", ""Zn"", ""Sn""]","[[0.0, 0.0, 0.0], [0.25, 0.25, 0.25], [0.75, 0.75, 0.75]]",A,conventional,Starrydata (experimental),10.1088/1742-6596/327/1/012008,https://doi.org/10.1088/1742-6596/327/1/012008,Starrydata all_curves.csv (release 'latest'),JARVIS-DFT (NIST),https://www.ctcms.nist.gov/~knc6/static/JARVIS-DFT/JVASP-193461.xml,JARVIS-DFT (NIST),JVASP-193461,False,stoichiometric,ZnNiSn,D4,relabelled,Starrydata typo ZnNiSn -> ZrNiSn; source title names ZrNiSn,data/Target_Materials/HEUSLER_KAPPA_TRAINING_SET.csv,,,,,
ZnNiSn,2.3529188010866298,W/m/K,798.32,"experimental, Wiedemann-Franz: kappa_total - L*T/rho (Kim2015 L(S=127uV/K))",0,experimental,1.0,wf_subtracted,5.94093,216.0,F-43m,half_Heusler_C1b,,"[""Ni"", ""Zn"", ""Sn""]","[[0.0, 0.0, 0.0], [0.25, 0.25, 0.25], [0.75, 0.75, 0.75]]",A,conventional,Starrydata (experimental),10.1088/1742-6596/327/1/012008,https://doi.org/10.1088/1742-6596/327/1/012008,Starrydata all_curves.csv (release 'latest'),JARVIS-DFT (NIST),https://www.ctcms.nist.gov/~knc6/static/JARVIS-DFT/JVASP-193461.xml,JARVIS-DFT (NIST),JVASP-193461,False,stoichiometric,ZnNiSn,D4,relabelled,Starrydata typo ZnNiSn -> ZrNiSn; source title names ZrNiSn,data/Target_Materials/HEUSLER_KAPPA_TRAINING_SET.csv,,,,,
ZnNiSn,3.1078001590187823,W/m/K,802.52,"experimental, Wiedemann-Franz: kappa_total - L*T/rho (Kim2015 L(S=108uV/K))",0,experimental,1.0,wf_subtracted,5.94093,216.0,F-43m,half_Heusler_C1b,,"[""Ni"", ""Zn"", ""Sn""]","[[0.0, 0.0, 0.0], [0.25, 0.25, 0.25], [0.75, 0.75, 0.75]]",A,conventional,Starrydata (experimental),10.1088/1742-6596/327/1/012008,https://doi.org/10.1088/1742-6596/327/1/012008,Starrydata all_curves.csv (release 'latest'),JARVIS-DFT (NIST),https://www.ctcms.nist.gov/~knc6/static/JARVIS-DFT/JVASP-193461.xml,JARVIS-DFT (NIST),JVASP-193461,False,stoichiometric,ZnNiSn,D4,relabelled,Starrydata typo ZnNiSn -> ZrNiSn; source title names ZrNiSn,data/Target_Materials/HEUSLER_KAPPA_TRAINING_SET.csv,,,,,
ZnNiSn,1.6914458901630955,W/m/K,899.16,"experimental, Wiedemann-Franz: kappa_total - L*T/rho (Kim2015 L(S=126uV/K))",0,experimental,1.0,wf_subtracted,5.94093,216.0,F-43m,half_Heusler_C1b,,"[""Ni"", ""Zn"", ""Sn""]","[[0.0, 0.0, 0.0], [0.25, 0.25, 0.25], [0.75, 0.75, 0.75]]",A,conventional,Starrydata (experimental),10.1088/1742-6596/327/1/012008,https://doi.org/10.1088/1742-6596/327/1/012008,Starrydata all_curves.csv (release 'latest'),JARVIS-DFT (NIST),https://www.ctcms.nist.gov/~knc6/static/JARVIS-DFT/JVASP-193461.xml,JARVIS-DFT (NIST),JVASP-193461,False,stoichiometric,ZnNiSn,D4,relabelled,Starrydata typo ZnNiSn -> ZrNiSn; source title names ZrNiSn,data/Target_Materials/HEUSLER_KAPPA_TRAINING_SET.csv,,,,,
ZnNiSn,3.0311588119489143,W/m/K,901.68,"experimental, Wiedemann-Franz: kappa_total - L*T/rho (Kim2015 L(S=105uV/K))",0,experimental,1.0,wf_subtracted,5.94093,216.0,F-43m,half_Heusler_C1b,,"[""Ni"", ""Zn"", ""Sn""]","[[0.0, 0.0, 0.0], [0.25, 0.25, 0.25], [0.75, 0.75, 0.75]]",A,conventional,Starrydata (experimental),10.1088/1742-6596/327/1/012008,https://doi.org/10.1088/1742-6596/327/1/012008,Starrydata all_curves.csv (release 'latest'),JARVIS-DFT (NIST),https://www.ctcms.nist.gov/~knc6/static/JARVIS-DFT/JVASP-193461.xml,JARVIS-DFT (NIST),JVASP-193461,False,stoichiometric,ZnNiSn,D4,relabelled,Starrydata typo ZnNiSn -> ZrNiSn; source title names ZrNiSn,data/Target_Materials/HEUSLER_KAPPA_TRAINING_SET.csv,,,,,
ZnNiSn,3.53427293274053,W/m/K,1000.0,"experimental, Wiedemann-Franz: kappa_total - L*T/rho (Kim2015 L(S=89uV/K))",0,experimental,1.0,wf_subtracted,5.94093,216.0,F-43m,half_Heusler_C1b,,"[""Ni"", ""Zn"", ""Sn""]","[[0.0, 0.0, 0.0], [0.25, 0.25, 0.25], [0.75, 0.75, 0.75]]",A,conventional,Starrydata (experimental),10.1088/1742-6596/327/1/012008,https://doi.org/10.1088/1742-6596/327/1/012008,Starrydata all_curves.csv (release 'latest'),JARVIS-DFT (NIST),https://www.ctcms.nist.gov/~knc6/static/JARVIS-DFT/JVASP-193461.xml,JARVIS-DFT (NIST),JVASP-193461,False,stoichiometric,ZnNiSn,D4,relabelled,Starrydata typo ZnNiSn -> ZrNiSn; source title names ZrNiSn,data/Target_Materials/HEUSLER_KAPPA_TRAINING_SET.csv,,,,,
ZnNiSn,1.8504745793279471,W/m/K,1000.8,"experimental, Wiedemann-Franz: kappa_total - L*T/rho (Kim2015 L(S=121uV/K))",0,experimental,1.0,wf_subtracted,5.94093,216.0,F-43m,half_Heusler_C1b,,"[""Ni"", ""Zn"", ""Sn""]","[[0.0, 0.0, 0.0], [0.25, 0.25, 0.25], [0.75, 0.75, 0.75]]",A,conventional,Starrydata (experimental),10.1088/1742-6596/327/1/012008,https://doi.org/10.1088/1742-6596/327/1/012008,Starrydata all_curves.csv (release 'latest'),JARVIS-DFT (NIST),https://www.ctcms.nist.gov/~knc6/static/JARVIS-DFT/JVASP-193461.xml,JARVIS-DFT (NIST),JVASP-193461,False,stoichiometric,ZnNiSn,D4,relabelled,Starrydata typo ZnNiSn -> ZrNiSn; source title names ZrNiSn,data/Target_Materials/HEUSLER_KAPPA_TRAINING_SET.csv,,,,,
CuAgTe,0.8331143,W/m/K,319.5117,"experimental, lattice thermal conductivity as published",0,experimental,1.0,reported_lattice,6.486388000000001,216.0,,,,"Ag,Cu,Te","[[0.25, 0.25, 0.25], [0.75, 0.75, 0.75], [0.0, 0.0, 0.0]]",A,primitive->conventional (x sqrt2),Starrydata (experimental),10.1016/j.jallcom.2021.159425,https://doi.org/10.1016/j.jallcom.2021.159425,Starrydata all_curves.csv (release 'latest'),Materials Project,,MP relaxed structure,,False,stoichiometric,CuAgTe,D4,removed,"two-phase (Cu2Te)50(Ag2Te)50 composite, not a single-phase Heusler",data/Target_Materials/HEUSLER_KAPPA_TRAINING_SET.csv,,,,,
CuAgTe,0.8700651028575603,W/m/K,319.8039,"experimental, Wiedemann-Franz: kappa_total - L*T/rho (Kim2015 L(S=30uV/K))",0,experimental,1.0,wf_subtracted,6.486388000000001,216.0,,,,"Ag,Cu,Te","[[0.25, 0.25, 0.25], [0.75, 0.75, 0.75], [0.0, 0.0, 0.0]]",A,primitive->conventional (x sqrt2),Starrydata (experimental),10.1016/j.jallcom.2021.159425,https://doi.org/10.1016/j.jallcom.2021.159425,Starrydata all_curves.csv (release 'latest'),Materials Project,,MP relaxed structure,,False,stoichiometric,CuAgTe,D4,removed,"two-phase (Cu2Te)50(Ag2Te)50 composite, not a single-phase Heusler",data/Target_Materials/HEUSLER_KAPPA_TRAINING_SET.csv,,,,,
CuAgTe,0.2832229702885199,W/m/K,324.5455,"experimental, Wiedemann-Franz: kappa_total - L*T/rho (Kim2015 L(S=29uV/K))",0,experimental,1.0,wf_subtracted,6.486388000000001,216.0,,,,"Ag,Cu,Te","[[0.25, 0.25, 0.25], [0.75, 0.75, 0.75], [0.0, 0.0, 0.0]]",A,primitive->conventional (x sqrt2),Starrydata (experimental),10.1016/j.cej.2019.123917,https://doi.org/10.1016/j.cej.2019.123917,Starrydata all_curves.csv (release 'latest'),Materials Project,,MP relaxed structure,,False,stoichiometric,CuAgTe,D4,removed,"two-phase (Cu2Te)50(Ag2Te)50 composite, not a single-phase Heusler",data/Target_Materials/HEUSLER_KAPPA_TRAINING_SET.csv,,,,,
CuAgTe,0.2517698714295844,W/m/K,324.5455,"experimental, Wiedemann-Franz: kappa_total - L*T/rho (Kim2015 L(S=22uV/K))",0,experimental,1.0,wf_subtracted,6.486388000000001,216.0,,,,"Ag,Cu,Te","[[0.25, 0.25, 0.25], [0.75, 0.75, 0.75], [0.0, 0.0, 0.0]]",A,primitive->conventional (x sqrt2),Starrydata (experimental),10.1016/j.cej.2019.123917,https://doi.org/10.1016/j.cej.2019.123917,Starrydata all_curves.csv (release 'latest'),Materials Project,,MP relaxed structure,,False,stoichiometric,CuAgTe,D4,removed,"two-phase (Cu2Te)50(Ag2Te)50 composite, not a single-phase Heusler",data/Target_Materials/HEUSLER_KAPPA_TRAINING_SET.csv,,,,,
CuAgTe,0.2742960933295375,W/m/K,324.6047,"experimental, Wiedemann-Franz: kappa_total - L*T/rho (Kim2015 L(S=27uV/K))",0,experimental,1.0,wf_subtracted,6.486388000000001,216.0,,,,"Ag,Cu,Te","[[0.25, 0.25, 0.25], [0.75, 0.75, 0.75], [0.0, 0.0, 0.0]]",A,primitive->conventional (x sqrt2),Starrydata (experimental),10.1016/j.cej.2019.123917,https://doi.org/10.1016/j.cej.2019.123917,Starrydata all_curves.csv (release 'latest'),Materials Project,,MP relaxed structure,,False,stoichiometric,CuAgTe,D4,removed,"two-phase (Cu2Te)50(Ag2Te)50 composite, not a single-phase Heusler",data/Target_Materials/HEUSLER_KAPPA_TRAINING_SET.csv,,,,,
CuAgTe,0.301896645708208,W/m/K,324.643,"experimental, Wiedemann-Franz: kappa_total - L*T/rho (Kim2015 L(S=29uV/K))",0,experimental,1.0,wf_subtracted,6.486388000000001,216.0,,,,"Ag,Cu,Te","[[0.25, 0.25, 0.25], [0.75, 0.75, 0.75], [0.0, 0.0, 0.0]]",A,primitive->conventional (x sqrt2),Starrydata (experimental),10.1016/j.cej.2019.123917,https://doi.org/10.1016/j.cej.2019.123917,Starrydata all_curves.csv (release 'latest'),Materials Project,,MP relaxed structure,,False,stoichiometric,CuAgTe,D4,removed,"two-phase (Cu2Te)50(Ag2Te)50 composite, not a single-phase Heusler",data/Target_Materials/HEUSLER_KAPPA_TRAINING_SET.csv,,,,,
CuAgTe,0.2979749916279022,W/m/K,324.7997,"experimental, Wiedemann-Franz: kappa_total - L*T/rho (Kim2015 L(S=19uV/K))",0,experimental,1.0,wf_subtracted,6.486388000000001,216.0,,,,"Ag,Cu,Te","[[0.25, 0.25, 0.25], [0.75, 0.75, 0.75], [0.0, 0.0, 0.0]]",A,primitive->conventional (x sqrt2),Starrydata (experimental),10.1016/j.cej.2019.123917,https://doi.org/10.1016/j.cej.2019.123917,Starrydata all_curves.csv (release 'latest'),Materials Project,,MP relaxed structure,,False,stoichiometric,CuAgTe,D4,removed,"two-phase (Cu2Te)50(Ag2Te)50 composite, not a single-phase Heusler",data/Target_Materials/HEUSLER_KAPPA_TRAINING_SET.csv,,,,,
CuAgTe,0.2118932261858346,W/m/K,325.127,"experimental, Wiedemann-Franz: kappa_total - L*T/rho (Kim2015 L(S=1uV/K))",0,experimental,1.0,wf_subtracted,6.486388000000001,216.0,,,,"Ag,Cu,Te","[[0.25, 0.25, 0.25], [0.75, 0.75, 0.75], [0.0, 0.0, 0.0]]",A,primitive->conventional (x sqrt2),Starrydata (experimental),10.1016/j.cej.2019.123917,https://doi.org/10.1016/j.cej.2019.123917,Starrydata all_curves.csv (release 'latest'),Materials Project,,MP relaxed structure,,False,stoichiometric,CuAgTe,D4,removed,"two-phase (Cu2Te)50(Ag2Te)50 composite, not a single-phase Heusler",data/Target_Materials/HEUSLER_KAPPA_TRAINING_SET.csv,,,,,
CuAgTe,0.2967396479696752,W/m/K,325.7902,"experimental, Wiedemann-Franz: kappa_total - L*T/rho (Kim2015 L(S=8uV/K))",0,experimental,1.0,wf_subtracted,6.486388000000001,216.0,,,,"Ag,Cu,Te","[[0.25, 0.25, 0.25], [0.75, 0.75, 0.75], [0.0, 0.0, 0.0]]",A,primitive->conventional (x sqrt2),Starrydata (experimental),10.1016/j.cej.2019.123917,https://doi.org/10.1016/j.cej.2019.123917,Starrydata all_curves.csv (release 'latest'),Materials Project,,MP relaxed structure,,False,stoichiometric,CuAgTe,D4,removed,"two-phase (Cu2Te)50(Ag2Te)50 composite, not a single-phase Heusler",data/Target_Materials/HEUSLER_KAPPA_TRAINING_SET.csv,,,,,
CuAgTe,0.9222438319401204,W/m/K,326.6542,"experimental, Wiedemann-Franz: kappa_total - L*T/rho (Kim2015 L(S=6uV/K))",0,experimental,1.0,wf_subtracted,6.486388000000001,216.0,,,,"Ag,Cu,Te","[[0.25, 0.25, 0.25], [0.75, 0.75, 0.75], [0.0, 0.0, 0.0]]",A,primitive->conventional (x sqrt2),Starrydata (experimental),10.1016/j.jallcom.2020.156540,https://doi.org/10.1016/j.jallcom.2020.156540,Starrydata all_curves.csv (release 'latest'),Materials Project,,MP relaxed structure,,False,stoichiometric,CuAgTe,D4,removed,"two-phase (Cu2Te)50(Ag2Te)50 composite, not a single-phase Heusler",data/Target_Materials/HEUSLER_KAPPA_TRAINING_SET.csv,,,,,
CuAgTe,0.333419,W/m/K,369.9967,"experimental, lattice thermal conductivity as published",0,experimental,1.0,reported_lattice,6.486388000000001,216.0,,,,"Ag,Cu,Te","[[0.25, 0.25, 0.25], [0.75, 0.75, 0.75], [0.0, 0.0, 0.0]]",A,primitive->conventional (x sqrt2),Starrydata (experimental),10.1016/j.jallcom.2021.159425,https://doi.org/10.1016/j.jallcom.2021.159425,Starrydata all_curves.csv (release 'latest'),Materials Project,,MP relaxed structure,,False,stoichiometric,CuAgTe,D4,removed,"two-phase (Cu2Te)50(Ag2Te)50 composite, not a single-phase Heusler",data/Target_Materials/HEUSLER_KAPPA_TRAINING_SET.csv,,,,,
CuAgTe,0.3861810402222758,W/m/K,370.1645,"experimental, Wiedemann-Franz: kappa_total - L*T/rho (Kim2015 L(S=33uV/K))",0,experimental,1.0,wf_subtracted,6.486388000000001,216.0,,,,"Ag,Cu,Te","[[0.25, 0.25, 0.25], [0.75, 0.75, 0.75], [0.0, 0.0, 0.0]]",A,primitive->conventional (x sqrt2),Starrydata (experimental),10.1016/j.jallcom.2021.159425,https://doi.org/10.1016/j.jallcom.2021.159425,Starrydata all_curves.csv (release 'latest'),Materials Project,,MP relaxed structure,,False,stoichiometric,CuAgTe,D4,removed,"two-phase (Cu2Te)50(Ag2Te)50 composite, not a single-phase Heusler",data/Target_Materials/HEUSLER_KAPPA_TRAINING_SET.csv,,,,,
CuAgTe,0.2694227924300219,W/m/K,374.2685,"experimental, Wiedemann-Franz: kappa_total - L*T/rho (Kim2015 L(S=40uV/K))",0,experimental,1.0,wf_subtracted,6.486388000000001,216.0,,,,"Ag,Cu,Te","[[0.25, 0.25, 0.25], [0.75, 0.75, 0.75], [0.0, 0.0, 0.0]]",A,primitive->conventional (x sqrt2),Starrydata (experimental),10.1016/j.cej.2019.123917,https://doi.org/10.1016/j.cej.2019.123917,Starrydata all_curves.csv (release 'latest'),Materials Project,,MP relaxed structure,,False,stoichiometric,CuAgTe,D4,removed,"two-phase (Cu2Te)50(Ag2Te)50 composite, not a single-phase Heusler",data/Target_Materials/HEUSLER_KAPPA_TRAINING_SET.csv,,,,,
CuAgTe,0.2315506762255033,W/m/K,374.46,"experimental, Wiedemann-Franz: kappa_total - L*T/rho (Kim2015 L(S=16uV/K))",0,experimental,1.0,wf_subtracted,6.486388000000001,216.0,,,,"Ag,Cu,Te","[[0.25, 0.25, 0.25], [0.75, 0.75, 0.75], [0.0, 0.0, 0.0]]",A,primitive->conventional (x sqrt2),Starrydata (experimental),10.1016/j.cej.2019.123917,https://doi.org/10.1016/j.cej.2019.123917,Starrydata all_curves.csv (release 'latest'),Materials Project,,MP relaxed structure,,False,stoichiometric,CuAgTe,D4,removed,"two-phase (Cu2Te)50(Ag2Te)50 composite, not a single-phase Heusler",data/Target_Materials/HEUSLER_KAPPA_TRAINING_SET.csv,,,,,
CuAgTe,0.2545737498310311,W/m/K,375.0571,"experimental, Wiedemann-Franz: kappa_total - L*T/rho (Kim2015 L(S=31uV/K))",0,experimental,1.0,wf_subtracted,6.486388000000001,216.0,,,,"Ag,Cu,Te","[[0.25, 0.25, 0.25], [0.75, 0.75, 0.75], [0.0, 0.0, 0.0]]",A,primitive->conventional (x sqrt2),Starrydata (experimental),10.1016/j.cej.2019.123917,https://doi.org/10.1016/j.cej.2019.123917,Starrydata all_curves.csv (release 'latest'),Materials Project,,MP relaxed structure,,False,stoichiometric,CuAgTe,D4,removed,"two-phase (Cu2Te)50(Ag2Te)50 composite, not a single-phase Heusler",data/Target_Materials/HEUSLER_KAPPA_TRAINING_SET.csv,,,,,
CuAgTe,0.2472770749994278,W/m/K,375.0954,"experimental, Wiedemann-Franz: kappa_total - L*T/rho (Kim2015 L(S=34uV/K))",0,experimental,1.0,wf_subtracted,6.486388000000001,216.0,,,,"Ag,Cu,Te","[[0.25, 0.25, 0.25], [0.75, 0.75, 0.75], [0.0, 0.0, 0.0]]",A,primitive->conventional (x sqrt2),Starrydata (experimental),10.1016/j.cej.2019.123917,https://doi.org/10.1016/j.cej.2019.123917,Starrydata all_curves.csv (release 'latest'),Materials Project,,MP relaxed structure,,False,stoichiometric,CuAgTe,D4,removed,"two-phase (Cu2Te)50(Ag2Te)50 composite, not a single-phase Heusler",data/Target_Materials/HEUSLER_KAPPA_TRAINING_SET.csv,,,,,
CuAgTe,0.2783194919285391,W/m/K,375.1476,"experimental, Wiedemann-Franz: kappa_total - L*T/rho (Kim2015 L(S=28uV/K))",0,experimental,1.0,wf_subtracted,6.486388000000001,216.0,,,,"Ag,Cu,Te","[[0.25, 0.25, 0.25], [0.75, 0.75, 0.75], [0.0, 0.0, 0.0]]",A,primitive->conventional (x sqrt2),Starrydata (experimental),10.1016/j.cej.2019.123917,https://doi.org/10.1016/j.cej.2019.123917,Starrydata all_curves.csv (release 'latest'),Materials Project,,MP relaxed structure,,False,stoichiometric,CuAgTe,D4,removed,"two-phase (Cu2Te)50(Ag2Te)50 composite, not a single-phase Heusler",data/Target_Materials/HEUSLER_KAPPA_TRAINING_SET.csv,,,,,
CuAgTe,0.2080608809625741,W/m/K,375.4227,"experimental, Wiedemann-Franz: kappa_total - L*T/rho (Kim2015 L(S=7uV/K))",0,experimental,1.0,wf_subtracted,6.486388000000001,216.0,,,,"Ag,Cu,Te","[[0.25, 0.25, 0.25], [0.75, 0.75, 0.75], [0.0, 0.0, 0.0]]",A,primitive->conventional (x sqrt2),Starrydata (experimental),10.1016/j.cej.2019.123917,https://doi.org/10.1016/j.cej.2019.123917,Starrydata all_curves.csv (release 'latest'),Materials Project,,MP relaxed structure,,False,stoichiometric,CuAgTe,D4,removed,"two-phase (Cu2Te)50(Ag2Te)50 composite, not a single-phase Heusler",data/Target_Materials/HEUSLER_KAPPA_TRAINING_SET.csv,,,,,
CuAgTe,0.1986924277188991,W/m/K,375.562,"experimental, Wiedemann-Franz: kappa_total - L*T/rho (Kim2015 L(S=0uV/K))",0,experimental,1.0,wf_subtracted,6.486388000000001,216.0,,,,"Ag,Cu,Te","[[0.25, 0.25, 0.25], [0.75, 0.75, 0.75], [0.0, 0.0, 0.0]]",A,primitive->conventional (x sqrt2),Starrydata (experimental),10.1016/j.cej.2019.123917,https://doi.org/10.1016/j.cej.2019.123917,Starrydata all_curves.csv (release 'latest'),Materials Project,,MP relaxed structure,,False,stoichiometric,CuAgTe,D4,removed,"two-phase (Cu2Te)50(Ag2Te)50 composite, not a single-phase Heusler",data/Target_Materials/HEUSLER_KAPPA_TRAINING_SET.csv,,,,,
CuAgTe,0.8059292935778501,W/m/K,378.5971,"experimental, Wiedemann-Franz: kappa_total - L*T/rho (Kim2015 L(S=9uV/K))",0,experimental,1.0,wf_subtracted,6.486388000000001,216.0,,,,"Ag,Cu,Te","[[0.25, 0.25, 0.25], [0.75, 0.75, 0.75], [0.0, 0.0, 0.0]]",A,primitive->conventional (x sqrt2),Starrydata (experimental),10.1016/j.jallcom.2020.156540,https://doi.org/10.1016/j.jallcom.2020.156540,Starrydata all_curves.csv (release 'latest'),Materials Project,,MP relaxed structure,,False,stoichiometric,CuAgTe,D4,removed,"two-phase (Cu2Te)50(Ag2Te)50 composite, not a single-phase Heusler",data/Target_Materials/HEUSLER_KAPPA_TRAINING_SET.csv,,,,,
CuAgTe,0.5920347645792832,W/m/K,418.939,"experimental, Wiedemann-Franz: kappa_total - L*T/rho (Kim2015 L(S=73uV/K))",0,experimental,1.0,wf_subtracted,6.486388000000001,216.0,,,,"Ag,Cu,Te","[[0.25, 0.25, 0.25], [0.75, 0.75, 0.75], [0.0, 0.0, 0.0]]",A,primitive->conventional (x sqrt2),Starrydata (experimental),10.1016/j.jallcom.2021.159425,https://doi.org/10.1016/j.jallcom.2021.159425,Starrydata all_curves.csv (release 'latest'),Materials Project,,MP relaxed structure,,False,stoichiometric,CuAgTe,D4,removed,"two-phase (Cu2Te)50(Ag2Te)50 composite, not a single-phase Heusler",data/Target_Materials/HEUSLER_KAPPA_TRAINING_SET.csv,,,,,
CuAgTe,0.5803723,W/m/K,420.3378,"experimental, lattice thermal conductivity as published",0,experimental,1.0,reported_lattice,6.486388000000001,216.0,,,,"Ag,Cu,Te","[[0.25, 0.25, 0.25], [0.75, 0.75, 0.75], [0.0, 0.0, 0.0]]",A,primitive->conventional (x sqrt2),Starrydata (experimental),10.1016/j.jallcom.2021.159425,https://doi.org/10.1016/j.jallcom.2021.159425,Starrydata all_curves.csv (release 'latest'),Materials Project,,MP relaxed structure,,False,stoichiometric,CuAgTe,D4,removed,"two-phase (Cu2Te)50(Ag2Te)50 composite, not a single-phase Heusler",data/Target_Materials/HEUSLER_KAPPA_TRAINING_SET.csv,,,,,
CuAgTe,0.8192471481457849,W/m/K,430.527,"experimental, Wiedemann-Franz: kappa_total - L*T/rho (Kim2015 L(S=108uV/K))",0,experimental,1.0,wf_subtracted,6.486388000000001,216.0,,,,"Ag,Cu,Te","[[0.25, 0.25, 0.25], [0.75, 0.75, 0.75], [0.0, 0.0, 0.0]]",A,primitive->conventional (x sqrt2),Starrydata (experimental),10.1016/j.jallcom.2020.156540,https://doi.org/10.1016/j.jallcom.2020.156540,Starrydata all_curves.csv (release 'latest'),Materials Project,,MP relaxed structure,,False,stoichiometric,CuAgTe,D4,removed,"two-phase (Cu2Te)50(Ag2Te)50 composite, not a single-phase Heusler",data/Target_Materials/HEUSLER_KAPPA_TRAINING_SET.csv,,,,,
CuAgTe,0.6846828,W/m/K,469.6722,"experimental, lattice thermal conductivity as published",0,experimental,1.0,reported_lattice,6.486388000000001,216.0,,,,"Ag,Cu,Te","[[0.25, 0.25, 0.25], [0.75, 0.75, 0.75], [0.0, 0.0, 0.0]]",A,primitive->conventional (x sqrt2),Starrydata (experimental),10.1016/j.jallcom.2021.159425,https://doi.org/10.1016/j.jallcom.2021.159425,Starrydata all_curves.csv (release 'latest'),Materials Project,,MP relaxed structure,,False,stoichiometric,CuAgTe,D4,removed,"two-phase (Cu2Te)50(Ag2Te)50 composite, not a single-phase Heusler",data/Target_Materials/HEUSLER_KAPPA_TRAINING_SET.csv,,,,,
CuAgTe,0.7059953865833336,W/m/K,470.0927,"experimental, Wiedemann-Franz: kappa_total - L*T/rho (Kim2015 L(S=161uV/K))",0,experimental,1.0,wf_subtracted,6.486388000000001,216.0,,,,"Ag,Cu,Te","[[0.25, 0.25, 0.25], [0.75, 0.75, 0.75], [0.0, 0.0, 0.0]]",A,primitive->conventional (x sqrt2),Starrydata (experimental),10.1016/j.jallcom.2021.159425,https://doi.org/10.1016/j.jallcom.2021.159425,Starrydata all_curves.csv (release 'latest'),Materials Project,,MP relaxed structure,,False,stoichiometric,CuAgTe,D4,removed,"two-phase (Cu2Te)50(Ag2Te)50 composite, not a single-phase Heusler",data/Target_Materials/HEUSLER_KAPPA_TRAINING_SET.csv,,,,,
CuAgTe,0.5434526912457489,W/m/K,483.8383,"experimental, Wiedemann-Franz: kappa_total - L*T/rho (Kim2015 L(S=142uV/K))",0,experimental,1.0,wf_subtracted,6.486388000000001,216.0,,,,"Ag,Cu,Te","[[0.25, 0.25, 0.25], [0.75, 0.75, 0.75], [0.0, 0.0, 0.0]]",A,primitive->conventional (x sqrt2),Starrydata (experimental),10.1016/j.jallcom.2020.156540,https://doi.org/10.1016/j.jallcom.2020.156540,Starrydata all_curves.csv (release 'latest'),Materials Project,,MP relaxed structure,,False,stoichiometric,CuAgTe,D4,removed,"two-phase (Cu2Te)50(Ag2Te)50 composite, not a single-phase Heusler",data/Target_Materials/HEUSLER_KAPPA_TRAINING_SET.csv,,,,,
CuAgTe,0.5039471,W/m/K,519.6426,"experimental, lattice thermal conductivity as published",0,experimental,1.0,reported_lattice,6.486388000000001,216.0,,,,"Ag,Cu,Te","[[0.25, 0.25, 0.25], [0.75, 0.75, 0.75], [0.0, 0.0, 0.0]]",A,primitive->conventional (x sqrt2),Starrydata (experimental),10.1016/j.jallcom.2021.159425,https://doi.org/10.1016/j.jallcom.2021.159425,Starrydata all_curves.csv (release 'latest'),Materials Project,,MP relaxed structure,,False,stoichiometric,CuAgTe,D4,removed,"two-phase (Cu2Te)50(Ag2Te)50 composite, not a single-phase Heusler",data/Target_Materials/HEUSLER_KAPPA_TRAINING_SET.csv,,,,,
CuAgTe,0.5093750503498643,W/m/K,519.9605,"experimental, Wiedemann-Franz: kappa_total - L*T/rho (Kim2015 L(S=192uV/K))",0,experimental,1.0,wf_subtracted,6.486388000000001,216.0,,,,"Ag,Cu,Te","[[0.25, 0.25, 0.25], [0.75, 0.75, 0.75], [0.0, 0.0, 0.0]]",A,primitive->conventional (x sqrt2),Starrydata (experimental),10.1016/j.jallcom.2021.159425,https://doi.org/10.1016/j.jallcom.2021.159425,Starrydata all_curves.csv (release 'latest'),Materials Project,,MP relaxed structure,,False,stoichiometric,CuAgTe,D4,removed,"two-phase (Cu2Te)50(Ag2Te)50 composite, not a single-phase Heusler",data/Target_Materials/HEUSLER_KAPPA_TRAINING_SET.csv,,,,,
CuAgTe,0.2515823256416825,W/m/K,523.8309,"experimental, Wiedemann-Franz: kappa_total - L*T/rho (Kim2015 L(S=162uV/K))",0,experimental,1.0,wf_subtracted,6.486388000000001,216.0,,,,"Ag,Cu,Te","[[0.25, 0.25, 0.25], [0.75, 0.75, 0.75], [0.0, 0.0, 0.0]]",A,primitive->conventional (x sqrt2),Starrydata (experimental),10.1016/j.cej.2019.123917,https://doi.org/10.1016/j.cej.2019.123917,Starrydata all_curves.csv (release 'latest'),Materials Project,,MP relaxed structure,,False,stoichiometric,CuAgTe,D4,removed,"two-phase (Cu2Te)50(Ag2Te)50 composite, not a single-phase Heusler",data/Target_Materials/HEUSLER_KAPPA_TRAINING_SET.csv,,,,,
CuAgTe,0.2280362665297869,W/m/K,523.8449,"experimental, Wiedemann-Franz: kappa_total - L*T/rho (Kim2015 L(S=154uV/K))",0,experimental,1.0,wf_subtracted,6.486388000000001,216.0,,,,"Ag,Cu,Te","[[0.25, 0.25, 0.25], [0.75, 0.75, 0.75], [0.0, 0.0, 0.0]]",A,primitive->conventional (x sqrt2),Starrydata (experimental),10.1016/j.cej.2019.123917,https://doi.org/10.1016/j.cej.2019.123917,Starrydata all_curves.csv (release 'latest'),Materials Project,,MP relaxed structure,,False,stoichiometric,CuAgTe,D4,removed,"two-phase (Cu2Te)50(Ag2Te)50 composite, not a single-phase Heusler",data/Target_Materials/HEUSLER_KAPPA_TRAINING_SET.csv,,,,,
CuAgTe,0.2305265948801281,W/m/K,523.8692,"experimental, Wiedemann-Franz: kappa_total - L*T/rho (Kim2015 L(S=153uV/K))",0,experimental,1.0,wf_subtracted,6.486388000000001,216.0,,,,"Ag,Cu,Te","[[0.25, 0.25, 0.25], [0.75, 0.75, 0.75], [0.0, 0.0, 0.0]]",A,primitive->conventional (x sqrt2),Starrydata (experimental),10.1016/j.cej.2019.123917,https://doi.org/10.1016/j.cej.2019.123917,Starrydata all_curves.csv (release 'latest'),Materials Project,,MP relaxed structure,,False,stoichiometric,CuAgTe,D4,removed,"two-phase (Cu2Te)50(Ag2Te)50 composite, not a single-phase Heusler",data/Target_Materials/HEUSLER_KAPPA_TRAINING_SET.csv,,,,,
CuAgTe,0.1435169480809706,W/m/K,523.8778,"experimental, Wiedemann-Franz: kappa_total - L*T/rho (Kim2015 L(S=116uV/K))",0,experimental,1.0,wf_subtracted,6.486388000000001,216.0,,,,"Ag,Cu,Te","[[0.25, 0.25, 0.25], [0.75, 0.75, 0.75], [0.0, 0.0, 0.0]]",A,primitive->conventional (x sqrt2),Starrydata (experimental),10.1016/j.jmat.2019.01.008,https://doi.org/10.1016/j.jmat.2019.01.008,Starrydata all_curves.csv (release 'latest'),Materials Project,,MP relaxed structure,,False,stoichiometric,CuAgTe,D4,removed,"two-phase (Cu2Te)50(Ag2Te)50 composite, not a single-phase Heusler",data/Target_Materials/HEUSLER_KAPPA_TRAINING_SET.csv,,,,,
CuAgTe,0.2137923420798043,W/m/K,523.9667,"experimental, Wiedemann-Franz: kappa_total - L*T/rho (Kim2015 L(S=134uV/K))",0,experimental,1.0,wf_subtracted,6.486388000000001,216.0,,,,"Ag,Cu,Te","[[0.25, 0.25, 0.25], [0.75, 0.75, 0.75], [0.0, 0.0, 0.0]]",A,primitive->conventional (x sqrt2),Starrydata (experimental),10.1016/j.cej.2019.123917,https://doi.org/10.1016/j.cej.2019.123917,Starrydata all_curves.csv (release 'latest'),Materials Project,,MP relaxed structure,,False,stoichiometric,CuAgTe,D4,removed,"two-phase (Cu2Te)50(Ag2Te)50 composite, not a single-phase Heusler",data/Target_Materials/HEUSLER_KAPPA_TRAINING_SET.csv,,,,,
CuAgTe,0.2538576083117372,W/m/K,524.623,"experimental, Wiedemann-Franz: kappa_total - L*T/rho (Kim2015 L(S=162uV/K))",0,experimental,1.0,wf_subtracted,6.486388000000001,216.0,,,,"Ag,Cu,Te","[[0.25, 0.25, 0.25], [0.75, 0.75, 0.75], [0.0, 0.0, 0.0]]",A,primitive->conventional (x sqrt2),Starrydata (experimental),10.1016/j.cej.2019.123917,https://doi.org/10.1016/j.cej.2019.123917,Starrydata all_curves.csv (release 'latest'),Materials Project,,MP relaxed structure,,False,stoichiometric,CuAgTe,D4,removed,"two-phase (Cu2Te)50(Ag2Te)50 composite, not a single-phase Heusler",data/Target_Materials/HEUSLER_KAPPA_TRAINING_SET.csv,,,,,
CuAgTe,0.2349667919476901,W/m/K,524.7135,"experimental, Wiedemann-Franz: kappa_total - L*T/rho (Kim2015 L(S=142uV/K))",0,experimental,1.0,wf_subtracted,6.486388000000001,216.0,,,,"Ag,Cu,Te","[[0.25, 0.25, 0.25], [0.75, 0.75, 0.75], [0.0, 0.0, 0.0]]",A,primitive->conventional (x sqrt2),Starrydata (experimental),10.1016/j.cej.2019.123917,https://doi.org/10.1016/j.cej.2019.123917,Starrydata all_curves.csv (release 'latest'),Materials Project,,MP relaxed structure,,False,stoichiometric,CuAgTe,D4,removed,"two-phase (Cu2Te)50(Ag2Te)50 composite, not a single-phase Heusler",data/Target_Materials/HEUSLER_KAPPA_TRAINING_SET.csv,,,,,
CuAgTe,0.144684426132564,W/m/K,524.7762,"experimental, Wiedemann-Franz: kappa_total - L*T/rho (Kim2015 L(S=123uV/K))",0,experimental,1.0,wf_subtracted,6.486388000000001,216.0,,,,"Ag,Cu,Te","[[0.25, 0.25, 0.25], [0.75, 0.75, 0.75], [0.0, 0.0, 0.0]]",A,primitive->conventional (x sqrt2),Starrydata (experimental),10.1016/j.cej.2019.123917,https://doi.org/10.1016/j.cej.2019.123917,Starrydata all_curves.csv (release 'latest'),Materials Project,,MP relaxed structure,,False,stoichiometric,CuAgTe,D4,removed,"two-phase (Cu2Te)50(Ag2Te)50 composite, not a single-phase Heusler",data/Target_Materials/HEUSLER_KAPPA_TRAINING_SET.csv,,,,,
CuAgTe,0.1669262417412553,W/m/K,536.831,"experimental, Wiedemann-Franz: kappa_total - L*T/rho (Kim2015 L(S=138uV/K))",0,experimental,1.0,wf_subtracted,6.486388000000001,216.0,,,,"Ag,Cu,Te","[[0.25, 0.25, 0.25], [0.75, 0.75, 0.75], [0.0, 0.0, 0.0]]",A,primitive->conventional (x sqrt2),Starrydata (experimental),10.1016/j.jallcom.2020.156540,https://doi.org/10.1016/j.jallcom.2020.156540,Starrydata all_curves.csv (release 'latest'),Materials Project,,MP relaxed structure,,False,stoichiometric,CuAgTe,D4,removed,"two-phase (Cu2Te)50(Ag2Te)50 composite, not a single-phase Heusler",data/Target_Materials/HEUSLER_KAPPA_TRAINING_SET.csv,,,,,
CuAgTe,0.6033646,W/m/K,569.1126,"experimental, lattice thermal conductivity as published",0,experimental,1.0,reported_lattice,6.486388000000001,216.0,,,,"Ag,Cu,Te","[[0.25, 0.25, 0.25], [0.75, 0.75, 0.75], [0.0, 0.0, 0.0]]",A,primitive->conventional (x sqrt2),Starrydata (experimental),10.1016/j.jallcom.2021.159425,https://doi.org/10.1016/j.jallcom.2021.159425,Starrydata all_curves.csv (release 'latest'),Materials Project,,MP relaxed structure,,False,stoichiometric,CuAgTe,D4,removed,"two-phase (Cu2Te)50(Ag2Te)50 composite, not a single-phase Heusler",data/Target_Materials/HEUSLER_KAPPA_TRAINING_SET.csv,,,,,
CuAgTe,0.6221959170359193,W/m/K,570.0208,"experimental, Wiedemann-Franz: kappa_total - L*T/rho (Kim2015 L(S=193uV/K))",0,experimental,1.0,wf_subtracted,6.486388000000001,216.0,,,,"Ag,Cu,Te","[[0.25, 0.25, 0.25], [0.75, 0.75, 0.75], [0.0, 0.0, 0.0]]",A,primitive->conventional (x sqrt2),Starrydata (experimental),10.1016/j.jallcom.2021.159425,https://doi.org/10.1016/j.jallcom.2021.159425,Starrydata all_curves.csv (release 'latest'),Materials Project,,MP relaxed structure,,False,stoichiometric,CuAgTe,D4,removed,"two-phase (Cu2Te)50(Ag2Te)50 composite, not a single-phase Heusler",data/Target_Materials/HEUSLER_KAPPA_TRAINING_SET.csv,,,,,
CuAgTe,0.113130006267402,W/m/K,573.9473,"experimental, Wiedemann-Franz: kappa_total - L*T/rho (Kim2015 L(S=126uV/K))",0,experimental,1.0,wf_subtracted,6.486388000000001,216.0,,,,"Ag,Cu,Te","[[0.25, 0.25, 0.25], [0.75, 0.75, 0.75], [0.0, 0.0, 0.0]]",A,primitive->conventional (x sqrt2),Starrydata (experimental),10.1016/j.cej.2019.123917,https://doi.org/10.1016/j.cej.2019.123917,Starrydata all_curves.csv (release 'latest'),Materials Project,,MP relaxed structure,,False,stoichiometric,CuAgTe,D4,removed,"two-phase (Cu2Te)50(Ag2Te)50 composite, not a single-phase Heusler",data/Target_Materials/HEUSLER_KAPPA_TRAINING_SET.csv,,,,,
CuAgTe,0.1982626419361434,W/m/K,574.5129,"experimental, Wiedemann-Franz: kappa_total - L*T/rho (Kim2015 L(S=117uV/K))",0,experimental,1.0,wf_subtracted,6.486388000000001,216.0,,,,"Ag,Cu,Te","[[0.25, 0.25, 0.25], [0.75, 0.75, 0.75], [0.0, 0.0, 0.0]]",A,primitive->conventional (x sqrt2),Starrydata (experimental),10.1016/j.jmat.2019.01.008,https://doi.org/10.1016/j.jmat.2019.01.008,Starrydata all_curves.csv (release 'latest'),Materials Project,,MP relaxed structure,,False,stoichiometric,CuAgTe,D4,removed,"two-phase (Cu2Te)50(Ag2Te)50 composite, not a single-phase Heusler",data/Target_Materials/HEUSLER_KAPPA_TRAINING_SET.csv,,,,,
CuAgTe,0.2316996855168302,W/m/K,574.527,"experimental, Wiedemann-Franz: kappa_total - L*T/rho (Kim2015 L(S=163uV/K))",0,experimental,1.0,wf_subtracted,6.486388000000001,216.0,,,,"Ag,Cu,Te","[[0.25, 0.25, 0.25], [0.75, 0.75, 0.75], [0.0, 0.0, 0.0]]",A,primitive->conventional (x sqrt2),Starrydata (experimental),10.1016/j.cej.2019.123917,https://doi.org/10.1016/j.cej.2019.123917,Starrydata all_curves.csv (release 'latest'),Materials Project,,MP relaxed structure,,False,stoichiometric,CuAgTe,D4,removed,"two-phase (Cu2Te)50(Ag2Te)50 composite, not a single-phase Heusler",data/Target_Materials/HEUSLER_KAPPA_TRAINING_SET.csv,,,,,
CuAgTe,0.2320194619871997,W/m/K,574.5305,"experimental, Wiedemann-Franz: kappa_total - L*T/rho (Kim2015 L(S=164uV/K))",0,experimental,1.0,wf_subtracted,6.486388000000001,216.0,,,,"Ag,Cu,Te","[[0.25, 0.25, 0.25], [0.75, 0.75, 0.75], [0.0, 0.0, 0.0]]",A,primitive->conventional (x sqrt2),Starrydata (experimental),10.1016/j.cej.2019.123917,https://doi.org/10.1016/j.cej.2019.123917,Starrydata all_curves.csv (release 'latest'),Materials Project,,MP relaxed structure,,False,stoichiometric,CuAgTe,D4,removed,"two-phase (Cu2Te)50(Ag2Te)50 composite, not a single-phase Heusler",data/Target_Materials/HEUSLER_KAPPA_TRAINING_SET.csv,,,,,
CuAgTe,0.197276532191416,W/m/K,574.5793,"experimental, Wiedemann-Franz: kappa_total - L*T/rho (Kim2015 L(S=153uV/K))",0,experimental,1.0,wf_subtracted,6.486388000000001,216.0,,,,"Ag,Cu,Te","[[0.25, 0.25, 0.25], [0.75, 0.75, 0.75], [0.0, 0.0, 0.0]]",A,primitive->conventional (x sqrt2),Starrydata (experimental),10.1016/j.cej.2019.123917,https://doi.org/10.1016/j.cej.2019.123917,Starrydata all_curves.csv (release 'latest'),Materials Project,,MP relaxed structure,,False,stoichiometric,CuAgTe,D4,removed,"two-phase (Cu2Te)50(Ag2Te)50 composite, not a single-phase Heusler",data/Target_Materials/HEUSLER_KAPPA_TRAINING_SET.csv,,,,,
CuAgTe,0.2432461138012093,W/m/K,574.6036,"experimental, Wiedemann-Franz: kappa_total - L*T/rho (Kim2015 L(S=155uV/K))",0,experimental,1.0,wf_subtracted,6.486388000000001,216.0,,,,"Ag,Cu,Te","[[0.25, 0.25, 0.25], [0.75, 0.75, 0.75], [0.0, 0.0, 0.0]]",A,primitive->conventional (x sqrt2),Starrydata (experimental),10.1016/j.cej.2019.123917,https://doi.org/10.1016/j.cej.2019.123917,Starrydata all_curves.csv (release 'latest'),Materials Project,,MP relaxed structure,,False,stoichiometric,CuAgTe,D4,removed,"two-phase (Cu2Te)50(Ag2Te)50 composite, not a single-phase Heusler",data/Target_Materials/HEUSLER_KAPPA_TRAINING_SET.csv,,,,,
CuAgTe,0.2376298788616895,W/m/K,574.6698,"experimental, Wiedemann-Franz: kappa_total - L*T/rho (Kim2015 L(S=143uV/K))",0,experimental,1.0,wf_subtracted,6.486388000000001,216.0,,,,"Ag,Cu,Te","[[0.25, 0.25, 0.25], [0.75, 0.75, 0.75], [0.0, 0.0, 0.0]]",A,primitive->conventional (x sqrt2),Starrydata (experimental),10.1016/j.cej.2019.123917,https://doi.org/10.1016/j.cej.2019.123917,Starrydata all_curves.csv (release 'latest'),Materials Project,,MP relaxed structure,,False,stoichiometric,CuAgTe,D4,removed,"two-phase (Cu2Te)50(Ag2Te)50 composite, not a single-phase Heusler",data/Target_Materials/HEUSLER_KAPPA_TRAINING_SET.csv,,,,,
CuAgTe,0.1788296162052229,W/m/K,574.7046,"experimental, Wiedemann-Franz: kappa_total - L*T/rho (Kim2015 L(S=135uV/K))",0,experimental,1.0,wf_subtracted,6.486388000000001,216.0,,,,"Ag,Cu,Te","[[0.25, 0.25, 0.25], [0.75, 0.75, 0.75], [0.0, 0.0, 0.0]]",A,primitive->conventional (x sqrt2),Starrydata (experimental),10.1016/j.cej.2019.123917,https://doi.org/10.1016/j.cej.2019.123917,Starrydata all_curves.csv (release 'latest'),Materials Project,,MP relaxed structure,,False,stoichiometric,CuAgTe,D4,removed,"two-phase (Cu2Te)50(Ag2Te)50 composite, not a single-phase Heusler",data/Target_Materials/HEUSLER_KAPPA_TRAINING_SET.csv,,,,,
CuAgTe,0.0816757295325875,W/m/K,588.7527,"experimental, Wiedemann-Franz: kappa_total - L*T/rho (Kim2015 L(S=150uV/K))",0,experimental,1.0,wf_subtracted,6.486388000000001,216.0,,,,"Ag,Cu,Te","[[0.25, 0.25, 0.25], [0.75, 0.75, 0.75], [0.0, 0.0, 0.0]]",A,primitive->conventional (x sqrt2),Starrydata (experimental),10.1016/j.jallcom.2020.156540,https://doi.org/10.1016/j.jallcom.2020.156540,Starrydata all_curves.csv (release 'latest'),Materials Project,,MP relaxed structure,,False,stoichiometric,CuAgTe,D4,removed,"two-phase (Cu2Te)50(Ag2Te)50 composite, not a single-phase Heusler",data/Target_Materials/HEUSLER_KAPPA_TRAINING_SET.csv,,,,,
CuAgTe,0.0585992126519411,W/m/K,622.6739,"experimental, Wiedemann-Franz: kappa_total - L*T/rho (Kim2015 L(S=119uV/K))",0,experimental,1.0,wf_subtracted,6.486388000000001,216.0,,,,"Ag,Cu,Te","[[0.25, 0.25, 0.25], [0.75, 0.75, 0.75], [0.0, 0.0, 0.0]]",A,primitive->conventional (x sqrt2),Starrydata (experimental),10.1016/j.jmat.2019.01.008,https://doi.org/10.1016/j.jmat.2019.01.008,Starrydata all_curves.csv (release 'latest'),Materials Project,,MP relaxed structure,,False,stoichiometric,CuAgTe,D4,removed,"two-phase (Cu2Te)50(Ag2Te)50 composite, not a single-phase Heusler",data/Target_Materials/HEUSLER_KAPPA_TRAINING_SET.csv,,,,,
CuAgTe,0.211819689590703,W/m/K,624.5112,"experimental, Wiedemann-Franz: kappa_total - L*T/rho (Kim2015 L(S=154uV/K))",0,experimental,1.0,wf_subtracted,6.486388000000001,216.0,,,,"Ag,Cu,Te","[[0.25, 0.25, 0.25], [0.75, 0.75, 0.75], [0.0, 0.0, 0.0]]",A,primitive->conventional (x sqrt2),Starrydata (experimental),10.1016/j.cej.2019.123917,https://doi.org/10.1016/j.cej.2019.123917,Starrydata all_curves.csv (release 'latest'),Materials Project,,MP relaxed structure,,False,stoichiometric,CuAgTe,D4,removed,"two-phase (Cu2Te)50(Ag2Te)50 composite, not a single-phase Heusler",data/Target_Materials/HEUSLER_KAPPA_TRAINING_SET.csv,,,,,
CuAgTe,0.2267117755083815,W/m/K,624.5181,"experimental, Wiedemann-Franz: kappa_total - L*T/rho (Kim2015 L(S=157uV/K))",0,experimental,1.0,wf_subtracted,6.486388000000001,216.0,,,,"Ag,Cu,Te","[[0.25, 0.25, 0.25], [0.75, 0.75, 0.75], [0.0, 0.0, 0.0]]",A,primitive->conventional (x sqrt2),Starrydata (experimental),10.1016/j.cej.2019.123917,https://doi.org/10.1016/j.cej.2019.123917,Starrydata all_curves.csv (release 'latest'),Materials Project,,MP relaxed structure,,False,stoichiometric,CuAgTe,D4,removed,"two-phase (Cu2Te)50(Ag2Te)50 composite, not a single-phase Heusler",data/Target_Materials/HEUSLER_KAPPA_TRAINING_SET.csv,,,,,
CuAgTe,0.1870073576552032,W/m/K,624.5495,"experimental, Wiedemann-Franz: kappa_total - L*T/rho (Kim2015 L(S=149uV/K))",0,experimental,1.0,wf_subtracted,6.486388000000001,216.0,,,,"Ag,Cu,Te","[[0.25, 0.25, 0.25], [0.75, 0.75, 0.75], [0.0, 0.0, 0.0]]",A,primitive->conventional (x sqrt2),Starrydata (experimental),10.1016/j.cej.2019.123917,https://doi.org/10.1016/j.cej.2019.123917,Starrydata all_curves.csv (release 'latest'),Materials Project,,MP relaxed structure,,False,stoichiometric,CuAgTe,D4,removed,"two-phase (Cu2Te)50(Ag2Te)50 composite, not a single-phase Heusler",data/Target_Materials/HEUSLER_KAPPA_TRAINING_SET.csv,,,,,
CuAgTe,0.195837192046995,W/m/K,624.6052,"experimental, Wiedemann-Franz: kappa_total - L*T/rho (Kim2015 L(S=141uV/K))",0,experimental,1.0,wf_subtracted,6.486388000000001,216.0,,,,"Ag,Cu,Te","[[0.25, 0.25, 0.25], [0.75, 0.75, 0.75], [0.0, 0.0, 0.0]]",A,primitive->conventional (x sqrt2),Starrydata (experimental),10.1016/j.cej.2019.123917,https://doi.org/10.1016/j.cej.2019.123917,Starrydata all_curves.csv (release 'latest'),Materials Project,,MP relaxed structure,,False,stoichiometric,CuAgTe,D4,removed,"two-phase (Cu2Te)50(Ag2Te)50 composite, not a single-phase Heusler",data/Target_Materials/HEUSLER_KAPPA_TRAINING_SET.csv,,,,,
CuAgTe,0.1558246682872337,W/m/K,624.6365,"experimental, Wiedemann-Franz: kappa_total - L*T/rho (Kim2015 L(S=135uV/K))",0,experimental,1.0,wf_subtracted,6.486388000000001,216.0,,,,"Ag,Cu,Te","[[0.25, 0.25, 0.25], [0.75, 0.75, 0.75], [0.0, 0.0, 0.0]]",A,primitive->conventional (x sqrt2),Starrydata (experimental),10.1016/j.cej.2019.123917,https://doi.org/10.1016/j.cej.2019.123917,Starrydata all_curves.csv (release 'latest'),Materials Project,,MP relaxed structure,,False,stoichiometric,CuAgTe,D4,removed,"two-phase (Cu2Te)50(Ag2Te)50 composite, not a single-phase Heusler",data/Target_Materials/HEUSLER_KAPPA_TRAINING_SET.csv,,,,,
CuAgTe,0.1104702225319281,W/m/K,624.6539,"experimental, Wiedemann-Franz: kappa_total - L*T/rho (Kim2015 L(S=132uV/K))",0,experimental,1.0,wf_subtracted,6.486388000000001,216.0,,,,"Ag,Cu,Te","[[0.25, 0.25, 0.25], [0.75, 0.75, 0.75], [0.0, 0.0, 0.0]]",A,primitive->conventional (x sqrt2),Starrydata (experimental),10.1016/j.cej.2019.123917,https://doi.org/10.1016/j.cej.2019.123917,Starrydata all_curves.csv (release 'latest'),Materials Project,,MP relaxed structure,,False,stoichiometric,CuAgTe,D4,removed,"two-phase (Cu2Te)50(Ag2Te)50 composite, not a single-phase Heusler",data/Target_Materials/HEUSLER_KAPPA_TRAINING_SET.csv,,,,,
CuAgTe,0.1783394012307081,W/m/K,625.352,"experimental, Wiedemann-Franz: kappa_total - L*T/rho (Kim2015 L(S=145uV/K))",0,experimental,1.0,wf_subtracted,6.486388000000001,216.0,,,,"Ag,Cu,Te","[[0.25, 0.25, 0.25], [0.75, 0.75, 0.75], [0.0, 0.0, 0.0]]",A,primitive->conventional (x sqrt2),Starrydata (experimental),10.1016/j.cej.2019.123917,https://doi.org/10.1016/j.cej.2019.123917,Starrydata all_curves.csv (release 'latest'),Materials Project,,MP relaxed structure,,False,stoichiometric,CuAgTe,D4,removed,"two-phase (Cu2Te)50(Ag2Te)50 composite, not a single-phase Heusler",data/Target_Materials/HEUSLER_KAPPA_TRAINING_SET.csv,,,,,
CuAgTe,0.2069097630938656,W/m/K,674.4326,"experimental, Wiedemann-Franz: kappa_total - L*T/rho (Kim2015 L(S=158uV/K))",0,experimental,1.0,wf_subtracted,6.486388000000001,216.0,,,,"Ag,Cu,Te","[[0.25, 0.25, 0.25], [0.75, 0.75, 0.75], [0.0, 0.0, 0.0]]",A,primitive->conventional (x sqrt2),Starrydata (experimental),10.1016/j.cej.2019.123917,https://doi.org/10.1016/j.cej.2019.123917,Starrydata all_curves.csv (release 'latest'),Materials Project,,MP relaxed structure,,False,stoichiometric,CuAgTe,D4,removed,"two-phase (Cu2Te)50(Ag2Te)50 composite, not a single-phase Heusler",data/Target_Materials/HEUSLER_KAPPA_TRAINING_SET.csv,,,,,
CuAgTe,0.1344098689613935,W/m/K,674.4396,"experimental, Wiedemann-Franz: kappa_total - L*T/rho (Kim2015 L(S=153uV/K))",0,experimental,1.0,wf_subtracted,6.486388000000001,216.0,,,,"Ag,Cu,Te","[[0.25, 0.25, 0.25], [0.75, 0.75, 0.75], [0.0, 0.0, 0.0]]",A,primitive->conventional (x sqrt2),Starrydata (experimental),10.1016/j.cej.2019.123917,https://doi.org/10.1016/j.cej.2019.123917,Starrydata all_curves.csv (release 'latest'),Materials Project,,MP relaxed structure,,False,stoichiometric,CuAgTe,D4,removed,"two-phase (Cu2Te)50(Ag2Te)50 composite, not a single-phase Heusler",data/Target_Materials/HEUSLER_KAPPA_TRAINING_SET.csv,,,,,
CuAgTe,0.2060118239941992,W/m/K,674.4396,"experimental, Wiedemann-Franz: kappa_total - L*T/rho (Kim2015 L(S=159uV/K))",0,experimental,1.0,wf_subtracted,6.486388000000001,216.0,,,,"Ag,Cu,Te","[[0.25, 0.25, 0.25], [0.75, 0.75, 0.75], [0.0, 0.0, 0.0]]",A,primitive->conventional (x sqrt2),Starrydata (experimental),10.1016/j.cej.2019.123917,https://doi.org/10.1016/j.cej.2019.123917,Starrydata all_curves.csv (release 'latest'),Materials Project,,MP relaxed structure,,False,stoichiometric,CuAgTe,D4,removed,"two-phase (Cu2Te)50(Ag2Te)50 composite, not a single-phase Heusler",data/Target_Materials/HEUSLER_KAPPA_TRAINING_SET.csv,,,,,
CuAgTe,0.145545004959565,W/m/K,674.4639,"experimental, Wiedemann-Franz: kappa_total - L*T/rho (Kim2015 L(S=150uV/K))",0,experimental,1.0,wf_subtracted,6.486388000000001,216.0,,,,"Ag,Cu,Te","[[0.25, 0.25, 0.25], [0.75, 0.75, 0.75], [0.0, 0.0, 0.0]]",A,primitive->conventional (x sqrt2),Starrydata (experimental),10.1016/j.cej.2019.123917,https://doi.org/10.1016/j.cej.2019.123917,Starrydata all_curves.csv (release 'latest'),Materials Project,,MP relaxed structure,,False,stoichiometric,CuAgTe,D4,removed,"two-phase (Cu2Te)50(Ag2Te)50 composite, not a single-phase Heusler",data/Target_Materials/HEUSLER_KAPPA_TRAINING_SET.csv,,,,,
CuAgTe,0.1718136314305678,W/m/K,674.5022,"experimental, Wiedemann-Franz: kappa_total - L*T/rho (Kim2015 L(S=148uV/K))",0,experimental,1.0,wf_subtracted,6.486388000000001,216.0,,,,"Ag,Cu,Te","[[0.25, 0.25, 0.25], [0.75, 0.75, 0.75], [0.0, 0.0, 0.0]]",A,primitive->conventional (x sqrt2),Starrydata (experimental),10.1016/j.cej.2019.123917,https://doi.org/10.1016/j.cej.2019.123917,Starrydata all_curves.csv (release 'latest'),Materials Project,,MP relaxed structure,,False,stoichiometric,CuAgTe,D4,removed,"two-phase (Cu2Te)50(Ag2Te)50 composite, not a single-phase Heusler",data/Target_Materials/HEUSLER_KAPPA_TRAINING_SET.csv,,,,,
CuAgTe,0.1105829672393884,W/m/K,674.5545,"experimental, Wiedemann-Franz: kappa_total - L*T/rho (Kim2015 L(S=139uV/K))",0,experimental,1.0,wf_subtracted,6.486388000000001,216.0,,,,"Ag,Cu,Te","[[0.25, 0.25, 0.25], [0.75, 0.75, 0.75], [0.0, 0.0, 0.0]]",A,primitive->conventional (x sqrt2),Starrydata (experimental),10.1016/j.cej.2019.123917,https://doi.org/10.1016/j.cej.2019.123917,Starrydata all_curves.csv (release 'latest'),Materials Project,,MP relaxed structure,,False,stoichiometric,CuAgTe,D4,removed,"two-phase (Cu2Te)50(Ag2Te)50 composite, not a single-phase Heusler",data/Target_Materials/HEUSLER_KAPPA_TRAINING_SET.csv,,,,,
CuAgTe,0.151645327165259,W/m/K,675.3187,"experimental, Wiedemann-Franz: kappa_total - L*T/rho (Kim2015 L(S=143uV/K))",0,experimental,1.0,wf_subtracted,6.486388000000001,216.0,,,,"Ag,Cu,Te","[[0.25, 0.25, 0.25], [0.75, 0.75, 0.75], [0.0, 0.0, 0.0]]",A,primitive->conventional (x sqrt2),Starrydata (experimental),10.1016/j.cej.2019.123917,https://doi.org/10.1016/j.cej.2019.123917,Starrydata all_curves.csv (release 'latest'),Materials Project,,MP relaxed structure,,False,stoichiometric,CuAgTe,D4,removed,"two-phase (Cu2Te)50(Ag2Te)50 composite, not a single-phase Heusler",data/Target_Materials/HEUSLER_KAPPA_TRAINING_SET.csv,,,,,
CuAgTe,0.1826057363934606,W/m/K,723.5272,"experimental, Wiedemann-Franz: kappa_total - L*T/rho (Kim2015 L(S=167uV/K))",0,experimental,1.0,wf_subtracted,6.486388000000001,216.0,,,,"Ag,Cu,Te","[[0.25, 0.25, 0.25], [0.75, 0.75, 0.75], [0.0, 0.0, 0.0]]",A,primitive->conventional (x sqrt2),Starrydata (experimental),10.1016/j.cej.2019.123917,https://doi.org/10.1016/j.cej.2019.123917,Starrydata all_curves.csv (release 'latest'),Materials Project,,MP relaxed structure,,False,stoichiometric,CuAgTe,D4,removed,"two-phase (Cu2Te)50(Ag2Te)50 composite, not a single-phase Heusler",data/Target_Materials/HEUSLER_KAPPA_TRAINING_SET.csv,,,,,
CuAgTe,0.0993634378518494,W/m/K,723.6386,"experimental, Wiedemann-Franz: kappa_total - L*T/rho (Kim2015 L(S=149uV/K))",0,experimental,1.0,wf_subtracted,6.486388000000001,216.0,,,,"Ag,Cu,Te","[[0.25, 0.25, 0.25], [0.75, 0.75, 0.75], [0.0, 0.0, 0.0]]",A,primitive->conventional (x sqrt2),Starrydata (experimental),10.1016/j.cej.2019.123917,https://doi.org/10.1016/j.cej.2019.123917,Starrydata all_curves.csv (release 'latest'),Materials Project,,MP relaxed structure,,False,stoichiometric,CuAgTe,D4,removed,"two-phase (Cu2Te)50(Ag2Te)50 composite, not a single-phase Heusler",data/Target_Materials/HEUSLER_KAPPA_TRAINING_SET.csv,,,,,
CuAgTe,0.2104611593793757,W/m/K,724.3157,"experimental, Wiedemann-Franz: kappa_total - L*T/rho (Kim2015 L(S=170uV/K))",0,experimental,1.0,wf_subtracted,6.486388000000001,216.0,,,,"Ag,Cu,Te","[[0.25, 0.25, 0.25], [0.75, 0.75, 0.75], [0.0, 0.0, 0.0]]",A,primitive->conventional (x sqrt2),Starrydata (experimental),10.1016/j.cej.2019.123917,https://doi.org/10.1016/j.cej.2019.123917,Starrydata all_curves.csv (release 'latest'),Materials Project,,MP relaxed structure,,False,stoichiometric,CuAgTe,D4,removed,"two-phase (Cu2Te)50(Ag2Te)50 composite, not a single-phase Heusler",data/Target_Materials/HEUSLER_KAPPA_TRAINING_SET.csv,,,,,
CuAgTe,0.1330297758889449,W/m/K,724.3192,"experimental, Wiedemann-Franz: kappa_total - L*T/rho (Kim2015 L(S=163uV/K))",0,experimental,1.0,wf_subtracted,6.486388000000001,216.0,,,,"Ag,Cu,Te","[[0.25, 0.25, 0.25], [0.75, 0.75, 0.75], [0.0, 0.0, 0.0]]",A,primitive->conventional (x sqrt2),Starrydata (experimental),10.1016/j.cej.2019.123917,https://doi.org/10.1016/j.cej.2019.123917,Starrydata all_curves.csv (release 'latest'),Materials Project,,MP relaxed structure,,False,stoichiometric,CuAgTe,D4,removed,"two-phase (Cu2Te)50(Ag2Te)50 composite, not a single-phase Heusler",data/Target_Materials/HEUSLER_KAPPA_TRAINING_SET.csv,,,,,
CuAgTe,0.1336971051870432,W/m/K,724.3471,"experimental, Wiedemann-Franz: kappa_total - L*T/rho (Kim2015 L(S=158uV/K))",0,experimental,1.0,wf_subtracted,6.486388000000001,216.0,,,,"Ag,Cu,Te","[[0.25, 0.25, 0.25], [0.75, 0.75, 0.75], [0.0, 0.0, 0.0]]",A,primitive->conventional (x sqrt2),Starrydata (experimental),10.1016/j.cej.2019.123917,https://doi.org/10.1016/j.cej.2019.123917,Starrydata all_curves.csv (release 'latest'),Materials Project,,MP relaxed structure,,False,stoichiometric,CuAgTe,D4,removed,"two-phase (Cu2Te)50(Ag2Te)50 composite, not a single-phase Heusler",data/Target_Materials/HEUSLER_KAPPA_TRAINING_SET.csv,,,,,
CuAgTe,0.1590838327166294,W/m/K,724.4098,"experimental, Wiedemann-Franz: kappa_total - L*T/rho (Kim2015 L(S=153uV/K))",0,experimental,1.0,wf_subtracted,6.486388000000001,216.0,,,,"Ag,Cu,Te","[[0.25, 0.25, 0.25], [0.75, 0.75, 0.75], [0.0, 0.0, 0.0]]",A,primitive->conventional (x sqrt2),Starrydata (experimental),10.1016/j.cej.2019.123917,https://doi.org/10.1016/j.cej.2019.123917,Starrydata all_curves.csv (release 'latest'),Materials Project,,MP relaxed structure,,False,stoichiometric,CuAgTe,D4,removed,"two-phase (Cu2Te)50(Ag2Te)50 composite, not a single-phase Heusler",data/Target_Materials/HEUSLER_KAPPA_TRAINING_SET.csv,,,,,
CuAgTe,0.1642907774805442,W/m/K,725.174,"experimental, Wiedemann-Franz: kappa_total - L*T/rho (Kim2015 L(S=158uV/K))",0,experimental,1.0,wf_subtracted,6.486388000000001,216.0,,,,"Ag,Cu,Te","[[0.25, 0.25, 0.25], [0.75, 0.75, 0.75], [0.0, 0.0, 0.0]]",A,primitive->conventional (x sqrt2),Starrydata (experimental),10.1016/j.cej.2019.123917,https://doi.org/10.1016/j.cej.2019.123917,Starrydata all_curves.csv (release 'latest'),Materials Project,,MP relaxed structure,,False,stoichiometric,CuAgTe,D4,removed,"two-phase (Cu2Te)50(Ag2Te)50 composite, not a single-phase Heusler",data/Target_Materials/HEUSLER_KAPPA_TRAINING_SET.csv,,,,,
CsAgO,1.3753,W/m/K,300.0,"BTE (phono3py-class, Phonix auto-kappa)",1,full BTE,1.0,,8.764948598401517,139.0,,,,"Ag,Cs,O","[[0.55659974, 0.19337326, 0.19337326], [0.25002701, 0.80662674, 0.19337326], [0.94334725, 0.80662674, 0.80662674], [0.25002701, 0.19337326, 0.80662674], [0.8914682, 0.21706559, 0.5], [0.6085318, 0.78293441, 0.5], [0.6085318, 0.5, 0.78293441], [0.8914682, 0.5, 0.21706559], [0.46730093, 0.78252747, 0.78252747], [0.75017059, 0.21747253, 0.78252747], [0.75017059, 0.78252747, 0.21747253], [0.03235688, 0.21747253, 0.21747253]]",A,primitive->conventional (x sqrt2),Phonix (first-principles BTE),10.1038/s41524-026-02033-w,https://huggingface.co/datasets/phonix-db/phonix-summary,"phonix-summary, HF datasets-server",Materials Project,,MP relaxed structure,,False,stoichiometric,CsAgO,D4,removed,"Phonix ABO oxide, not a Heusler",data/Target_Materials/HEUSLER_KAPPA_TRAINING_SET.csv,,,,,
CsAgO,1.0406,W/m/K,300.0,"BTE (phono3py-class, Phonix auto-kappa)",1,full BTE,1.0,,8.764948598401517,139.0,,,,"Ag,Cs,O","[[0.55659974, 0.19337326, 0.19337326], [0.25002701, 0.80662674, 0.19337326], [0.94334725, 0.80662674, 0.80662674], [0.25002701, 0.19337326, 0.80662674], [0.8914682, 0.21706559, 0.5], [0.6085318, 0.78293441, 0.5], [0.6085318, 0.5, 0.78293441], [0.8914682, 0.5, 0.21706559], [0.46730093, 0.78252747, 0.78252747], [0.75017059, 0.21747253, 0.78252747], [0.75017059, 0.78252747, 0.21747253], [0.03235688, 0.21747253, 0.21747253]]",A,primitive->conventional (x sqrt2),Phonix (first-principles BTE),10.1038/s41524-026-02033-w,https://huggingface.co/datasets/phonix-db/phonix-summary,"phonix-summary, HF datasets-server",Materials Project,,MP relaxed structure,,False,stoichiometric,CsAgO,D4,removed,"Phonix ABO oxide, not a Heusler",data/Target_Materials/HEUSLER_KAPPA_TRAINING_SET.csv,,,,,
KAgO,3.2531,W/m/K,300.0,"BTE (phono3py-class, Phonix auto-kappa)",1,full BTE,1.0,,10.806939211043986,139.0,,,,,,C,primitive->conventional (x sqrt2),Phonix (first-principles BTE),10.1038/s41524-026-02033-w,https://huggingface.co/datasets/phonix-db/phonix-summary,"phonix-summary, HF datasets-server",AFLOW,aflowlib.duke.edu:AFLOWDATA/ICSD_WEB/BCT/Ag1K1O1_ICSD_24818,AFLOW_AGL,aflow:6c79ab532bba1db3,False,stoichiometric,KAgO,D4,removed,"Phonix ABO oxide, not a Heusler",data/Target_Materials/HEUSLER_KAPPA_TRAINING_SET.csv,,,,,
NaLiO,3.920767,W/m/K,300.0,"BTE (phono3py-class, Phonix auto-kappa)",1,full BTE,1.0,,9.617424389879965,139.0,,,,"Li,Na,O","[[0.5, 0.158029, 0.658029], [0.158029, 0.5, 0.658029], [0.841971, 0.5, 0.341971], [0.5, 0.841971, 0.341971], [0.849726, 0.150274, 0.0], [0.849726, 0.849726, 0.699452], [0.150274, 0.150274, 0.300548], [0.150274, 0.849726, 0.0], [0.0, 0.718703, 0.718703], [0.718703, 0.0, 0.718703], [0.281297, 0.0, 0.281297], [0.0, 0.281297, 0.281297]]",A,primitive->conventional (x sqrt2),Phonix (first-principles BTE),10.1038/s41524-026-02033-w,https://huggingface.co/datasets/phonix-db/phonix-summary,"phonix-summary, HF datasets-server",Materials Project,,MP relaxed structure,,False,stoichiometric,NaLiO,D4,removed,"Phonix ABO oxide, not a Heusler",data/Target_Materials/HEUSLER_KAPPA_TRAINING_SET.csv,,,,,
RbAgO,1.6893,W/m/K,300.0,"BTE (phono3py-class, Phonix auto-kappa)",1,full BTE,1.0,,11.08801415656564,119.0,,,,,,C,primitive->conventional (x sqrt2),Phonix (first-principles BTE),10.1038/s41524-026-02033-w,https://huggingface.co/datasets/phonix-db/phonix-summary,"phonix-summary, HF datasets-server",AFLOW,aflowlib.duke.edu:AFLOWDATA/ICSD_WEB/BCT/Ag1O1Rb1_ICSD_188526,AFLOW_AGL,aflow:d5b4a2bd84341848,False,stoichiometric,RbAgO,D4,removed,"Phonix ABO oxide, not a Heusler",data/Target_Materials/HEUSLER_KAPPA_TRAINING_SET.csv,,,,,
RbAgO,1.431267,W/m/K,300.0,"BTE (phono3py-class, Phonix auto-kappa)",1,full BTE,1.0,,11.08801415656564,119.0,,,,,,C,primitive->conventional (x sqrt2),Phonix (first-principles BTE),10.1038/s41524-026-02033-w,https://huggingface.co/datasets/phonix-db/phonix-summary,"phonix-summary, HF datasets-server",AFLOW,aflowlib.duke.edu:AFLOWDATA/ICSD_WEB/BCT/Ag1O1Rb1_ICSD_188526,AFLOW_AGL,aflow:d5b4a2bd84341848,False,stoichiometric,RbAgO,D4,removed,"Phonix ABO oxide, not a Heusler",data/Target_Materials/HEUSLER_KAPPA_TRAINING_SET.csv,,,,,
RbAuO,1.0744,W/m/K,300.0,"BTE (phono3py-class, Phonix auto-kappa)",1,full BTE,1.0,,8.240216931490552,139.0,,,,"Au,O,Rb","[[0.19367573, 0.30632427, 0.30632427], [0.5, 0.69367573, 0.30632427], [0.5, 0.30632427, 0.69367573], [0.80632427, 0.69367573, 0.69367573], [0.85058665, -0.0, 0.29882771], [0.14941335, 0.70117229, 0.0], [0.85058665, 0.29882771, -0.0], [0.14941335, 0.0, 0.70117229], [0.71157337, 0.28842663, 0.28842663], [0.0, 0.71157337, 0.28842663], [-0.0, 0.28842663, 0.71157337], [0.28842663, 0.71157337, 0.71157337]]",A,primitive->conventional (x sqrt2),Phonix (first-principles BTE),10.1038/s41524-026-02033-w,https://huggingface.co/datasets/phonix-db/phonix-summary,"phonix-summary, HF datasets-server",Materials Project,,MP relaxed structure,,False,stoichiometric,RbAuO,D4,removed,"Phonix ABO oxide, not a Heusler",data/Target_Materials/HEUSLER_KAPPA_TRAINING_SET.csv,,,,,
HfNiSn,3.7974,W/m/K,774.29,experimental (Wiedemann-Franz subtracted),0,experimental,1.0,,6.12,216.0,F-43m,C1b,Hf/Sn/Ni,"[""Hf"", ""Sn"", ""Ni""]","[[0, 0, 0], [0.5, 0.5, 0.5], [0.25, 0.25, 0.25]]",A,conventional,repository mining,10.6084/m9.figshare.29438735,https://github.com/KU-Yifan/PGEC-descriptor-TE-design/blob/main/results/lorenz_number/final_processed_with_kappaL.csv,,Sci.Rep. 11:13809 (2021) Table S1,https://www.nature.com/articles/s41598-021-92030-4#MOESM1,"Table S1 (DFT-optimized lattice parameter + lowest-energy site assignment), same table as kappa",mp-924128,True,stoichiometric,HfNiSn,D3,removed,"data-deposit row copying a primary-source row (|dT| <= 1 K, |dk|/k <= 1%)",data/Target_Materials/HEUSLER_KAPPA_TRAINING_SET.csv,10.1007/s11664-009-1032-8,,,,
NbCoSb,4.0651,W/m/K,372.24,experimental (Wiedemann-Franz subtracted),0,experimental,1.0,,5.98,216.0,F-43m,half Heusler (C1_b / MgAgAs),,,,C,conventional,repository mining,10.6084/m9.figshare.29438735,https://github.com/KU-Yifan/PGEC-descriptor-TE-design/blob/main/results/lorenz_number/final_processed_with_kappaL.csv,,repository mining,https://github.com/KU-Yifan/PGEC-descriptor-TE-design/blob/main/results/lorenz_number/final_processed_with_kappaL.csv,"Materials Project mp-31460 (NbCoSb, F-43m, a_prim=4.2319 -> a_conv=5.984)","KU-Yifan/PGEC-descriptor-TE-design final_processed_with_kappaL.csv | sample_id=12659 | reported composition=""NbCoSb""",True,stoichiometric,NbCoSb,D3,removed,"data-deposit row copying a primary-source row (|dT| <= 1 K, |dk|/k <= 1%)",data/Target_Materials/HEUSLER_KAPPA_TRAINING_SET.csv,10.3390/ma11050773,,,,
NbCoSb,3.208,W/m/K,572.05,experimental (Wiedemann-Franz subtracted),0,experimental,1.0,,5.98,216.0,F-43m,half Heusler (C1_b / MgAgAs),,,,C,conventional,repository mining,10.6084/m9.figshare.29438735,https://github.com/KU-Yifan/PGEC-descriptor-TE-design/blob/main/results/lorenz_number/final_processed_with_kappaL.csv,,repository mining,https://github.com/KU-Yifan/PGEC-descriptor-TE-design/blob/main/results/lorenz_number/final_processed_with_kappaL.csv,"Materials Project mp-31460 (NbCoSb, F-43m, a_prim=4.2319 -> a_conv=5.984)","KU-Yifan/PGEC-descriptor-TE-design final_processed_with_kappaL.csv | sample_id=12659 | reported composition=""NbCoSb""",True,stoichiometric,NbCoSb,D3,removed,"data-deposit row copying a primary-source row (|dT| <= 1 K, |dk|/k <= 1%)",data/Target_Materials/HEUSLER_KAPPA_TRAINING_SET.csv,10.3390/ma11050773,,,,
NbCoSb,2.9979,W/m/K,672.97,experimental (Wiedemann-Franz subtracted),0,experimental,1.0,,5.98,216.0,F-43m,half Heusler (C1_b / MgAgAs),,,,C,conventional,repository mining,10.6084/m9.figshare.29438735,https://github.com/KU-Yifan/PGEC-descriptor-TE-design/blob/main/results/lorenz_number/final_processed_with_kappaL.csv,,repository mining,https://github.com/KU-Yifan/PGEC-descriptor-TE-design/blob/main/results/lorenz_number/final_processed_with_kappaL.csv,"Materials Project mp-31460 (NbCoSb, F-43m, a_prim=4.2319 -> a_conv=5.984)","KU-Yifan/PGEC-descriptor-TE-design final_processed_with_kappaL.csv | sample_id=12659 | reported composition=""NbCoSb""",True,stoichiometric,NbCoSb,D3,removed,"data-deposit row copying a primary-source row (|dT| <= 1 K, |dk|/k <= 1%)",data/Target_Materials/HEUSLER_KAPPA_TRAINING_SET.csv,10.1016/j.materresbull.2015.06.022,,,,
NbCoSb,2.7378,W/m/K,773.38,experimental (Wiedemann-Franz subtracted),0,experimental,1.0,,5.98,216.0,F-43m,half Heusler (C1_b / MgAgAs),,,,C,conventional,repository mining,10.6084/m9.figshare.29438735,https://github.com/KU-Yifan/PGEC-descriptor-TE-design/blob/main/results/lorenz_number/final_processed_with_kappaL.csv,,repository mining,https://github.com/KU-Yifan/PGEC-descriptor-TE-design/blob/main/results/lorenz_number/final_processed_with_kappaL.csv,"Materials Project mp-31460 (NbCoSb, F-43m, a_prim=4.2319 -> a_conv=5.984)","KU-Yifan/PGEC-descriptor-TE-design final_processed_with_kappaL.csv | sample_id=12659 | reported composition=""NbCoSb""",True,stoichiometric,NbCoSb,D3,removed,"data-deposit row copying a primary-source row (|dT| <= 1 K, |dk|/k <= 1%)",data/Target_Materials/HEUSLER_KAPPA_TRAINING_SET.csv,10.3390/ma11050773,,,,
NbCoSb,2.4719,W/m/K,873.0,experimental (Wiedemann-Franz subtracted),0,experimental,1.0,,5.98,216.0,F-43m,half Heusler (C1_b / MgAgAs),,,,C,conventional,repository mining,10.6084/m9.figshare.29438735,https://github.com/KU-Yifan/PGEC-descriptor-TE-design/blob/main/results/lorenz_number/final_processed_with_kappaL.csv,,repository mining,https://github.com/KU-Yifan/PGEC-descriptor-TE-design/blob/main/results/lorenz_number/final_processed_with_kappaL.csv,"Materials Project mp-31460 (NbCoSb, F-43m, a_prim=4.2319 -> a_conv=5.984)","KU-Yifan/PGEC-descriptor-TE-design final_processed_with_kappaL.csv | sample_id=12659 | reported composition=""NbCoSb""",True,stoichiometric,NbCoSb,D3,removed,"data-deposit row copying a primary-source row (|dT| <= 1 K, |dk|/k <= 1%)",data/Target_Materials/HEUSLER_KAPPA_TRAINING_SET.csv,10.3390/ma11050773,,,,
NbCoSn,4.3454,W/m/K,716.39,experimental (Wiedemann-Franz subtracted),0,experimental,1.0,,5.97,216.0,F-43m,C1b,Nb/Sn/Co,"[""Nb"", ""Sn"", ""Co""]","[[0, 0, 0], [0.5, 0.5, 0.5], [0.25, 0.25, 0.25]]",A,conventional,repository mining,10.6084/m9.figshare.29438735,https://github.com/KU-Yifan/PGEC-descriptor-TE-design/blob/main/results/lorenz_number/final_processed_with_kappaL.csv,,Sci.Rep. 11:13809 (2021) Table S1,https://www.nature.com/articles/s41598-021-92030-4#MOESM1,"Table S1 (DFT-optimized lattice parameter + lowest-energy site assignment), same table as kappa",mp-1094088,True,stoichiometric,NbCoSn,D3,removed,"data-deposit row copying a primary-source row (|dT| <= 1 K, |dk|/k <= 1%)",data/Target_Materials/HEUSLER_KAPPA_TRAINING_SET.csv,10.1039/d0ta04644b,,,,
TiNiSn,5.6186,W/m/K,309.22,experimental (Wiedemann-Franz subtracted),0,experimental,1.0,,5.865993,216.0,F-43m,half-Heusler (C1b / MgAgAs),,"[""Ti"", ""Ti"", ""Ti"", ""Ti"", ""Ni"", ""Ni"", ""Ni"", ""Ni"", ""Sn"", ""Sn"", ""Sn"", ""Sn""]","[[0.5, 0.0, 0.0], [0.5, 0.5, 0.5], [0.0, 0.0, 0.5], [0.0, 0.5, 0.0], [0.25, 0.25, 0.75], [0.25, 0.75, 0.25], [0.75, 0.25, 0.25], [0.75, 0.75, 0.75], [0.0, 0.0, 0.0], [0.0, 0.5, 0.5], [0.5, 0.0, 0.5], [0.5, 0.5, 0.0]]",A,primitive->conventional (x sqrt2),repository mining,10.6084/m9.figshare.29438735,https://github.com/KU-Yifan/PGEC-descriptor-TE-design/blob/main/results/lorenz_number/final_processed_with_kappaL.csv,,PhononDB (Togo/NIMS MDR),https://mdr.nims.go.jp/datasets/02fa4c75-ed5f-4897-b727-67d05b922c4a,"LTC-calc.log unit cell (PBEsol-relaxed), same file as kappa",mp-924130,True,stoichiometric,TiNiSn,D3,removed,"data-deposit row copying a primary-source row (|dT| <= 1 K, |dk|/k <= 1%)",data/Target_Materials/HEUSLER_KAPPA_TRAINING_SET.csv,10.1016/j.scriptamat.2020.09.010,,,,
TiNiSn,5.3504,W/m/K,330.26,experimental (Wiedemann-Franz subtracted),0,experimental,1.0,,5.865993,216.0,F-43m,half-Heusler (C1b / MgAgAs),,"[""Ti"", ""Ti"", ""Ti"", ""Ti"", ""Ni"", ""Ni"", ""Ni"", ""Ni"", ""Sn"", ""Sn"", ""Sn"", ""Sn""]","[[0.5, 0.0, 0.0], [0.5, 0.5, 0.5], [0.0, 0.0, 0.5], [0.0, 0.5, 0.0], [0.25, 0.25, 0.75], [0.25, 0.75, 0.25], [0.75, 0.25, 0.25], [0.75, 0.75, 0.75], [0.0, 0.0, 0.0], [0.0, 0.5, 0.5], [0.5, 0.0, 0.5], [0.5, 0.5, 0.0]]",A,primitive->conventional (x sqrt2),repository mining,10.6084/m9.figshare.29438735,https://github.com/KU-Yifan/PGEC-descriptor-TE-design/blob/main/results/lorenz_number/final_processed_with_kappaL.csv,,PhononDB (Togo/NIMS MDR),https://mdr.nims.go.jp/datasets/02fa4c75-ed5f-4897-b727-67d05b922c4a,"LTC-calc.log unit cell (PBEsol-relaxed), same file as kappa",mp-924130,True,stoichiometric,TiNiSn,D3,removed,"data-deposit row copying a primary-source row (|dT| <= 1 K, |dk|/k <= 1%)",data/Target_Materials/HEUSLER_KAPPA_TRAINING_SET.csv,10.1016/j.scriptamat.2020.09.010,,,,
TiNiSn,4.9443,W/m/K,373.54,experimental (Wiedemann-Franz subtracted),0,experimental,1.0,,5.865993,216.0,F-43m,half-Heusler (C1b / MgAgAs),,"[""Ti"", ""Ti"", ""Ti"", ""Ti"", ""Ni"", ""Ni"", ""Ni"", ""Ni"", ""Sn"", ""Sn"", ""Sn"", ""Sn""]","[[0.5, 0.0, 0.0], [0.5, 0.5, 0.5], [0.0, 0.0, 0.5], [0.0, 0.5, 0.0], [0.25, 0.25, 0.75], [0.25, 0.75, 0.25], [0.75, 0.25, 0.25], [0.75, 0.75, 0.75], [0.0, 0.0, 0.0], [0.0, 0.5, 0.5], [0.5, 0.0, 0.5], [0.5, 0.5, 0.0]]",A,primitive->conventional (x sqrt2),repository mining,10.6084/m9.figshare.29438735,https://github.com/KU-Yifan/PGEC-descriptor-TE-design/blob/main/results/lorenz_number/final_processed_with_kappaL.csv,,PhononDB (Togo/NIMS MDR),https://mdr.nims.go.jp/datasets/02fa4c75-ed5f-4897-b727-67d05b922c4a,"LTC-calc.log unit cell (PBEsol-relaxed), same file as kappa",mp-924130,True,stoichiometric,TiNiSn,D3,removed,"data-deposit row copying a primary-source row (|dT| <= 1 K, |dk|/k <= 1%)",data/Target_Materials/HEUSLER_KAPPA_TRAINING_SET.csv,10.1016/j.scriptamat.2020.09.010,,,,
TiNiSn,4.5939,W/m/K,423.43,experimental (Wiedemann-Franz subtracted),0,experimental,1.0,,5.865993,216.0,F-43m,half-Heusler (C1b / MgAgAs),,"[""Ti"", ""Ti"", ""Ti"", ""Ti"", ""Ni"", ""Ni"", ""Ni"", ""Ni"", ""Sn"", ""Sn"", ""Sn"", ""Sn""]","[[0.5, 0.0, 0.0], [0.5, 0.5, 0.5], [0.0, 0.0, 0.5], [0.0, 0.5, 0.0], [0.25, 0.25, 0.75], [0.25, 0.75, 0.25], [0.75, 0.25, 0.25], [0.75, 0.75, 0.75], [0.0, 0.0, 0.0], [0.0, 0.5, 0.5], [0.5, 0.0, 0.5], [0.5, 0.5, 0.0]]",A,primitive->conventional (x sqrt2),repository mining,10.6084/m9.figshare.29438735,https://github.com/KU-Yifan/PGEC-descriptor-TE-design/blob/main/results/lorenz_number/final_processed_with_kappaL.csv,,PhononDB (Togo/NIMS MDR),https://mdr.nims.go.jp/datasets/02fa4c75-ed5f-4897-b727-67d05b922c4a,"LTC-calc.log unit cell (PBEsol-relaxed), same file as kappa",mp-924130,True,stoichiometric,TiNiSn,D3,removed,"data-deposit row copying a primary-source row (|dT| <= 1 K, |dk|/k <= 1%)",data/Target_Materials/HEUSLER_KAPPA_TRAINING_SET.csv,10.1016/j.scriptamat.2020.09.010,,,,
TiNiSn,4.28,W/m/K,473.92,experimental (Wiedemann-Franz subtracted),0,experimental,1.0,,5.865993,216.0,F-43m,half-Heusler (C1b / MgAgAs),,"[""Ti"", ""Ti"", ""Ti"", ""Ti"", ""Ni"", ""Ni"", ""Ni"", ""Ni"", ""Sn"", ""Sn"", ""Sn"", ""Sn""]","[[0.5, 0.0, 0.0], [0.5, 0.5, 0.5], [0.0, 0.0, 0.5], [0.0, 0.5, 0.0], [0.25, 0.25, 0.75], [0.25, 0.75, 0.25], [0.75, 0.25, 0.25], [0.75, 0.75, 0.75], [0.0, 0.0, 0.0], [0.0, 0.5, 0.5], [0.5, 0.0, 0.5], [0.5, 0.5, 0.0]]",A,primitive->conventional (x sqrt2),repository mining,10.6084/m9.figshare.29438735,https://github.com/KU-Yifan/PGEC-descriptor-TE-design/blob/main/results/lorenz_number/final_processed_with_kappaL.csv,,PhononDB (Togo/NIMS MDR),https://mdr.nims.go.jp/datasets/02fa4c75-ed5f-4897-b727-67d05b922c4a,"LTC-calc.log unit cell (PBEsol-relaxed), same file as kappa",mp-924130,True,stoichiometric,TiNiSn,D3,removed,"data-deposit row copying a primary-source row (|dT| <= 1 K, |dk|/k <= 1%)",data/Target_Materials/HEUSLER_KAPPA_TRAINING_SET.csv,10.1016/j.scriptamat.2020.09.010,,,,
TiNiSn,4.7061,W/m/K,491.27,experimental (Wiedemann-Franz subtracted),0,experimental,1.0,,5.865993,216.0,F-43m,half-Heusler (C1b / MgAgAs),,"[""Ti"", ""Ti"", ""Ti"", ""Ti"", ""Ni"", ""Ni"", ""Ni"", ""Ni"", ""Sn"", ""Sn"", ""Sn"", ""Sn""]","[[0.5, 0.0, 0.0], [0.5, 0.5, 0.5], [0.0, 0.0, 0.5], [0.0, 0.5, 0.0], [0.25, 0.25, 0.75], [0.25, 0.75, 0.25], [0.75, 0.25, 0.25], [0.75, 0.75, 0.75], [0.0, 0.0, 0.0], [0.0, 0.5, 0.5], [0.5, 0.0, 0.5], [0.5, 0.5, 0.0]]",A,primitive->conventional (x sqrt2),repository mining,10.6084/m9.figshare.29438735,https://github.com/KU-Yifan/PGEC-descriptor-TE-design/blob/main/results/lorenz_number/final_processed_with_kappaL.csv,,PhononDB (Togo/NIMS MDR),https://mdr.nims.go.jp/datasets/02fa4c75-ed5f-4897-b727-67d05b922c4a,"LTC-calc.log unit cell (PBEsol-relaxed), same file as kappa",mp-924130,True,stoichiometric,TiNiSn,D3,removed,"data-deposit row copying a primary-source row (|dT| <= 1 K, |dk|/k <= 1%)",data/Target_Materials/HEUSLER_KAPPA_TRAINING_SET.csv,10.3390/ma11040536,,,,
TiNiSn,4.615,W/m/K,505.94,experimental (Wiedemann-Franz subtracted),0,experimental,1.0,,5.865993,216.0,F-43m,half-Heusler (C1b / MgAgAs),,"[""Ti"", ""Ti"", ""Ti"", ""Ti"", ""Ni"", ""Ni"", ""Ni"", ""Ni"", ""Sn"", ""Sn"", ""Sn"", ""Sn""]","[[0.5, 0.0, 0.0], [0.5, 0.5, 0.5], [0.0, 0.0, 0.5], [0.0, 0.5, 0.0], [0.25, 0.25, 0.75], [0.25, 0.75, 0.25], [0.75, 0.25, 0.25], [0.75, 0.75, 0.75], [0.0, 0.0, 0.0], [0.0, 0.5, 0.5], [0.5, 0.0, 0.5], [0.5, 0.5, 0.0]]",A,primitive->conventional (x sqrt2),repository mining,10.6084/m9.figshare.29438735,https://github.com/KU-Yifan/PGEC-descriptor-TE-design/blob/main/results/lorenz_number/final_processed_with_kappaL.csv,,PhononDB (Togo/NIMS MDR),https://mdr.nims.go.jp/datasets/02fa4c75-ed5f-4897-b727-67d05b922c4a,"LTC-calc.log unit cell (PBEsol-relaxed), same file as kappa",mp-924130,True,stoichiometric,TiNiSn,D3,removed,"data-deposit row copying a primary-source row (|dT| <= 1 K, |dk|/k <= 1%)",data/Target_Materials/HEUSLER_KAPPA_TRAINING_SET.csv,10.3390/ma11040536,,,,
TiNiSn,4.5809,W/m/K,520.21,experimental (Wiedemann-Franz subtracted),0,experimental,1.0,,5.865993,216.0,F-43m,half-Heusler (C1b / MgAgAs),,"[""Ti"", ""Ti"", ""Ti"", ""Ti"", ""Ni"", ""Ni"", ""Ni"", ""Ni"", ""Sn"", ""Sn"", ""Sn"", ""Sn""]","[[0.5, 0.0, 0.0], [0.5, 0.5, 0.5], [0.0, 0.0, 0.5], [0.0, 0.5, 0.0], [0.25, 0.25, 0.75], [0.25, 0.75, 0.25], [0.75, 0.25, 0.25], [0.75, 0.75, 0.75], [0.0, 0.0, 0.0], [0.0, 0.5, 0.5], [0.5, 0.0, 0.5], [0.5, 0.5, 0.0]]",A,primitive->conventional (x sqrt2),repository mining,10.6084/m9.figshare.29438735,https://github.com/KU-Yifan/PGEC-descriptor-TE-design/blob/main/results/lorenz_number/final_processed_with_kappaL.csv,,PhononDB (Togo/NIMS MDR),https://mdr.nims.go.jp/datasets/02fa4c75-ed5f-4897-b727-67d05b922c4a,"LTC-calc.log unit cell (PBEsol-relaxed), same file as kappa",mp-924130,True,stoichiometric,TiNiSn,D3,removed,"data-deposit row copying a primary-source row (|dT| <= 1 K, |dk|/k <= 1%)",data/Target_Materials/HEUSLER_KAPPA_TRAINING_SET.csv,10.3390/ma11040536,,,,
TiNiSn,4.0462,W/m/K,523.01,experimental (Wiedemann-Franz subtracted),0,experimental,1.0,,5.865993,216.0,F-43m,half-Heusler (C1b / MgAgAs),,"[""Ti"", ""Ti"", ""Ti"", ""Ti"", ""Ni"", ""Ni"", ""Ni"", ""Ni"", ""Sn"", ""Sn"", ""Sn"", ""Sn""]","[[0.5, 0.0, 0.0], [0.5, 0.5, 0.5], [0.0, 0.0, 0.5], [0.0, 0.5, 0.0], [0.25, 0.25, 0.75], [0.25, 0.75, 0.25], [0.75, 0.25, 0.25], [0.75, 0.75, 0.75], [0.0, 0.0, 0.0], [0.0, 0.5, 0.5], [0.5, 0.0, 0.5], [0.5, 0.5, 0.0]]",A,primitive->conventional (x sqrt2),repository mining,10.6084/m9.figshare.29438735,https://github.com/KU-Yifan/PGEC-descriptor-TE-design/blob/main/results/lorenz_number/final_processed_with_kappaL.csv,,PhononDB (Togo/NIMS MDR),https://mdr.nims.go.jp/datasets/02fa4c75-ed5f-4897-b727-67d05b922c4a,"LTC-calc.log unit cell (PBEsol-relaxed), same file as kappa",mp-924130,True,stoichiometric,TiNiSn,D3,removed,"data-deposit row copying a primary-source row (|dT| <= 1 K, |dk|/k <= 1%)",data/Target_Materials/HEUSLER_KAPPA_TRAINING_SET.csv,10.1016/j.scriptamat.2020.09.010,,,,
TiNiSn,3.843,W/m/K,572.5,experimental (Wiedemann-Franz subtracted),0,experimental,1.0,,5.865993,216.0,F-43m,half-Heusler (C1b / MgAgAs),,"[""Ti"", ""Ti"", ""Ti"", ""Ti"", ""Ni"", ""Ni"", ""Ni"", ""Ni"", ""Sn"", ""Sn"", ""Sn"", ""Sn""]","[[0.5, 0.0, 0.0], [0.5, 0.5, 0.5], [0.0, 0.0, 0.5], [0.0, 0.5, 0.0], [0.25, 0.25, 0.75], [0.25, 0.75, 0.25], [0.75, 0.25, 0.25], [0.75, 0.75, 0.75], [0.0, 0.0, 0.0], [0.0, 0.5, 0.5], [0.5, 0.0, 0.5], [0.5, 0.5, 0.0]]",A,primitive->conventional (x sqrt2),repository mining,10.6084/m9.figshare.29438735,https://github.com/KU-Yifan/PGEC-descriptor-TE-design/blob/main/results/lorenz_number/final_processed_with_kappaL.csv,,PhononDB (Togo/NIMS MDR),https://mdr.nims.go.jp/datasets/02fa4c75-ed5f-4897-b727-67d05b922c4a,"LTC-calc.log unit cell (PBEsol-relaxed), same file as kappa",mp-924130,True,stoichiometric,TiNiSn,D3,removed,"data-deposit row copying a primary-source row (|dT| <= 1 K, |dk|/k <= 1%)",data/Target_Materials/HEUSLER_KAPPA_TRAINING_SET.csv,10.1016/j.scriptamat.2020.09.010,,,,
TiNiSn,4.3988,W/m/K,593.88,experimental (Wiedemann-Franz subtracted),0,experimental,1.0,,5.865993,216.0,F-43m,half-Heusler (C1b / MgAgAs),,"[""Ti"", ""Ti"", ""Ti"", ""Ti"", ""Ni"", ""Ni"", ""Ni"", ""Ni"", ""Sn"", ""Sn"", ""Sn"", ""Sn""]","[[0.5, 0.0, 0.0], [0.5, 0.5, 0.5], [0.0, 0.0, 0.5], [0.0, 0.5, 0.0], [0.25, 0.25, 0.75], [0.25, 0.75, 0.25], [0.75, 0.25, 0.25], [0.75, 0.75, 0.75], [0.0, 0.0, 0.0], [0.0, 0.5, 0.5], [0.5, 0.0, 0.5], [0.5, 0.5, 0.0]]",A,primitive->conventional (x sqrt2),repository mining,10.6084/m9.figshare.29438735,https://github.com/KU-Yifan/PGEC-descriptor-TE-design/blob/main/results/lorenz_number/final_processed_with_kappaL.csv,,PhononDB (Togo/NIMS MDR),https://mdr.nims.go.jp/datasets/02fa4c75-ed5f-4897-b727-67d05b922c4a,"LTC-calc.log unit cell (PBEsol-relaxed), same file as kappa",mp-924130,True,stoichiometric,TiNiSn,D3,removed,"data-deposit row copying a primary-source row (|dT| <= 1 K, |dk|/k <= 1%)",data/Target_Materials/HEUSLER_KAPPA_TRAINING_SET.csv,10.3390/ma11040536,,,,
TiNiSn,3.7825,W/m/K,622.99,experimental (Wiedemann-Franz subtracted),0,experimental,1.0,,5.865993,216.0,F-43m,half-Heusler (C1b / MgAgAs),,"[""Ti"", ""Ti"", ""Ti"", ""Ti"", ""Ni"", ""Ni"", ""Ni"", ""Ni"", ""Sn"", ""Sn"", ""Sn"", ""Sn""]","[[0.5, 0.0, 0.0], [0.5, 0.5, 0.5], [0.0, 0.0, 0.5], [0.0, 0.5, 0.0], [0.25, 0.25, 0.75], [0.25, 0.75, 0.25], [0.75, 0.25, 0.25], [0.75, 0.75, 0.75], [0.0, 0.0, 0.0], [0.0, 0.5, 0.5], [0.5, 0.0, 0.5], [0.5, 0.5, 0.0]]",A,primitive->conventional (x sqrt2),repository mining,10.6084/m9.figshare.29438735,https://github.com/KU-Yifan/PGEC-descriptor-TE-design/blob/main/results/lorenz_number/final_processed_with_kappaL.csv,,PhononDB (Togo/NIMS MDR),https://mdr.nims.go.jp/datasets/02fa4c75-ed5f-4897-b727-67d05b922c4a,"LTC-calc.log unit cell (PBEsol-relaxed), same file as kappa",mp-924130,True,stoichiometric,TiNiSn,D3,removed,"data-deposit row copying a primary-source row (|dT| <= 1 K, |dk|/k <= 1%)",data/Target_Materials/HEUSLER_KAPPA_TRAINING_SET.csv,10.1016/j.scriptamat.2020.09.010,,,,
TiNiSn,3.7805,W/m/K,674.08,experimental (Wiedemann-Franz subtracted),0,experimental,1.0,,5.865993,216.0,F-43m,half-Heusler (C1b / MgAgAs),,"[""Ti"", ""Ti"", ""Ti"", ""Ti"", ""Ni"", ""Ni"", ""Ni"", ""Ni"", ""Sn"", ""Sn"", ""Sn"", ""Sn""]","[[0.5, 0.0, 0.0], [0.5, 0.5, 0.5], [0.0, 0.0, 0.5], [0.0, 0.5, 0.0], [0.25, 0.25, 0.75], [0.25, 0.75, 0.25], [0.75, 0.25, 0.25], [0.75, 0.75, 0.75], [0.0, 0.0, 0.0], [0.0, 0.5, 0.5], [0.5, 0.0, 0.5], [0.5, 0.5, 0.0]]",A,primitive->conventional (x sqrt2),repository mining,10.6084/m9.figshare.29438735,https://github.com/KU-Yifan/PGEC-descriptor-TE-design/blob/main/results/lorenz_number/final_processed_with_kappaL.csv,,PhononDB (Togo/NIMS MDR),https://mdr.nims.go.jp/datasets/02fa4c75-ed5f-4897-b727-67d05b922c4a,"LTC-calc.log unit cell (PBEsol-relaxed), same file as kappa",mp-924130,True,stoichiometric,TiNiSn,D3,removed,"data-deposit row copying a primary-source row (|dT| <= 1 K, |dk|/k <= 1%)",data/Target_Materials/HEUSLER_KAPPA_TRAINING_SET.csv,10.1016/j.scriptamat.2020.09.010,,,,
TiNiSn,3.7585,W/m/K,725.17,experimental (Wiedemann-Franz subtracted),0,experimental,1.0,,5.865993,216.0,F-43m,half-Heusler (C1b / MgAgAs),,"[""Ti"", ""Ti"", ""Ti"", ""Ti"", ""Ni"", ""Ni"", ""Ni"", ""Ni"", ""Sn"", ""Sn"", ""Sn"", ""Sn""]","[[0.5, 0.0, 0.0], [0.5, 0.5, 0.5], [0.0, 0.0, 0.5], [0.0, 0.5, 0.0], [0.25, 0.25, 0.75], [0.25, 0.75, 0.25], [0.75, 0.25, 0.25], [0.75, 0.75, 0.75], [0.0, 0.0, 0.0], [0.0, 0.5, 0.5], [0.5, 0.0, 0.5], [0.5, 0.5, 0.0]]",A,primitive->conventional (x sqrt2),repository mining,10.6084/m9.figshare.29438735,https://github.com/KU-Yifan/PGEC-descriptor-TE-design/blob/main/results/lorenz_number/final_processed_with_kappaL.csv,,PhononDB (Togo/NIMS MDR),https://mdr.nims.go.jp/datasets/02fa4c75-ed5f-4897-b727-67d05b922c4a,"LTC-calc.log unit cell (PBEsol-relaxed), same file as kappa",mp-924130,True,stoichiometric,TiNiSn,D3,removed,"data-deposit row copying a primary-source row (|dT| <= 1 K, |dk|/k <= 1%)",data/Target_Materials/HEUSLER_KAPPA_TRAINING_SET.csv,10.1016/j.scriptamat.2020.09.010,,,,
TiNiSn,3.8752,W/m/K,772.05,experimental (Wiedemann-Franz subtracted),0,experimental,1.0,,5.865993,216.0,F-43m,half-Heusler (C1b / MgAgAs),,"[""Ti"", ""Ti"", ""Ti"", ""Ti"", ""Ni"", ""Ni"", ""Ni"", ""Ni"", ""Sn"", ""Sn"", ""Sn"", ""Sn""]","[[0.5, 0.0, 0.0], [0.5, 0.5, 0.5], [0.0, 0.0, 0.5], [0.0, 0.5, 0.0], [0.25, 0.25, 0.75], [0.25, 0.75, 0.25], [0.75, 0.25, 0.25], [0.75, 0.75, 0.75], [0.0, 0.0, 0.0], [0.0, 0.5, 0.5], [0.5, 0.0, 0.5], [0.5, 0.5, 0.0]]",A,primitive->conventional (x sqrt2),repository mining,10.6084/m9.figshare.29438735,https://github.com/KU-Yifan/PGEC-descriptor-TE-design/blob/main/results/lorenz_number/final_processed_with_kappaL.csv,,PhononDB (Togo/NIMS MDR),https://mdr.nims.go.jp/datasets/02fa4c75-ed5f-4897-b727-67d05b922c4a,"LTC-calc.log unit cell (PBEsol-relaxed), same file as kappa",mp-924130,True,stoichiometric,TiNiSn,D3,removed,"data-deposit row copying a primary-source row (|dT| <= 1 K, |dk|/k <= 1%)",data/Target_Materials/HEUSLER_KAPPA_TRAINING_SET.csv,10.1016/j.scriptamat.2020.09.010,,,,
TiNiSn,4.3165,W/m/K,774.05,experimental (Wiedemann-Franz subtracted),0,experimental,1.0,,5.865993,216.0,F-43m,half-Heusler (C1b / MgAgAs),,"[""Ti"", ""Ti"", ""Ti"", ""Ti"", ""Ni"", ""Ni"", ""Ni"", ""Ni"", ""Sn"", ""Sn"", ""Sn"", ""Sn""]","[[0.5, 0.0, 0.0], [0.5, 0.5, 0.5], [0.0, 0.0, 0.5], [0.0, 0.5, 0.0], [0.25, 0.25, 0.75], [0.25, 0.75, 0.25], [0.75, 0.25, 0.25], [0.75, 0.75, 0.75], [0.0, 0.0, 0.0], [0.0, 0.5, 0.5], [0.5, 0.0, 0.5], [0.5, 0.5, 0.0]]",A,primitive->conventional (x sqrt2),repository mining,10.6084/m9.figshare.29438735,https://github.com/KU-Yifan/PGEC-descriptor-TE-design/blob/main/results/lorenz_number/final_processed_with_kappaL.csv,,PhononDB (Togo/NIMS MDR),https://mdr.nims.go.jp/datasets/02fa4c75-ed5f-4897-b727-67d05b922c4a,"LTC-calc.log unit cell (PBEsol-relaxed), same file as kappa",mp-924130,True,stoichiometric,TiNiSn,D3,removed,"data-deposit row copying a primary-source row (|dT| <= 1 K, |dk|/k <= 1%)",data/Target_Materials/HEUSLER_KAPPA_TRAINING_SET.csv,10.3390/ma11040536,,,,
TiNiSn,6.097,W/m/K,902.19,experimental (Wiedemann-Franz subtracted),0,experimental,1.0,,5.865993,216.0,F-43m,half-Heusler (C1b / MgAgAs),,"[""Ti"", ""Ti"", ""Ti"", ""Ti"", ""Ni"", ""Ni"", ""Ni"", ""Ni"", ""Sn"", ""Sn"", ""Sn"", ""Sn""]","[[0.5, 0.0, 0.0], [0.5, 0.5, 0.5], [0.0, 0.0, 0.5], [0.0, 0.5, 0.0], [0.25, 0.25, 0.75], [0.25, 0.75, 0.25], [0.75, 0.25, 0.25], [0.75, 0.75, 0.75], [0.0, 0.0, 0.0], [0.0, 0.5, 0.5], [0.5, 0.0, 0.5], [0.5, 0.5, 0.0]]",A,primitive->conventional (x sqrt2),repository mining,10.6084/m9.figshare.29438735,https://github.com/KU-Yifan/PGEC-descriptor-TE-design/blob/main/results/lorenz_number/final_processed_with_kappaL.csv,,PhononDB (Togo/NIMS MDR),https://mdr.nims.go.jp/datasets/02fa4c75-ed5f-4897-b727-67d05b922c4a,"LTC-calc.log unit cell (PBEsol-relaxed), same file as kappa",mp-924130,True,stoichiometric,TiNiSn,D3,removed,"data-deposit row copying a primary-source row (|dT| <= 1 K, |dk|/k <= 1%)",data/Target_Materials/HEUSLER_KAPPA_TRAINING_SET.csv,10.3390/ma11020262,,,,
VCoSb,2.1993,W/m/K,674.64,experimental (Wiedemann-Franz subtracted),0,experimental,1.0,,5.69,216.0,F-43m,half Heusler (C1_b / MgAgAs),CAB,,,B,conventional,repository mining,10.6084/m9.figshare.29438735,https://github.com/KU-Yifan/PGEC-descriptor-TE-design/blob/main/results/lorenz_number/final_processed_with_kappaL.csv,,repository mining,https://github.com/AMRL-2018/MachineLearning_Half_Heusler/blob/master/data/halfHeusler.csv,"alatt column (AFLOW T0003 half-Heusler relaxed lattice constant, same table as kappa)",AMRL-2018/MachineLearning_Half_Heusler data/halfHeusler.csv | AFLOW Co1Sb1V1.T0003.CAB,True,stoichiometric,VCoSb,D3,removed,"data-deposit row copying a primary-source row (|dT| <= 1 K, |dk|/k <= 1%)",data/Target_Materials/HEUSLER_KAPPA_TRAINING_SET.csv,10.1002/andp.201900440,,,,
ZrNiSn,6.1195,W/m/K,322.5,experimental (Wiedemann-Franz subtracted),0,experimental,1.0,,6.066303,216.0,F-43m,half-Heusler (C1b / MgAgAs),,"[""Zr"", ""Zr"", ""Zr"", ""Zr"", ""Ni"", ""Ni"", ""Ni"", ""Ni"", ""Sn"", ""Sn"", ""Sn"", ""Sn""]","[[0.0, 0.0, 0.0], [0.0, 0.5, 0.5], [0.5, 0.0, 0.5], [0.5, 0.5, 0.0], [0.25, 0.75, 0.75], [0.25, 0.25, 0.25], [0.75, 0.75, 0.25], [0.75, 0.25, 0.75], [0.5, 0.0, 0.0], [0.5, 0.5, 0.5], [0.0, 0.0, 0.5], [0.0, 0.5, 0.0]]",A,primitive->conventional (x sqrt2),repository mining,10.6084/m9.figshare.29438735,https://github.com/KU-Yifan/PGEC-descriptor-TE-design/blob/main/results/lorenz_number/final_processed_with_kappaL.csv,,PhononDB (Togo/NIMS MDR),https://mdr.nims.go.jp/datasets/a0b4db6a-be3a-480a-8ec3-fa64481cc7df,"LTC-calc.log unit cell (PBEsol-relaxed), same file as kappa",mp-924129,True,stoichiometric,ZrNiSn,D3,removed,"data-deposit row copying a primary-source row (|dT| <= 1 K, |dk|/k <= 1%)",data/Target_Materials/HEUSLER_KAPPA_TRAINING_SET.csv,10.1016/j.nanoen.2020.105372,,,,
ZrNiSn,6.1038,W/m/K,323.72,experimental (Wiedemann-Franz subtracted),0,experimental,1.0,,6.066303,216.0,F-43m,half-Heusler (C1b / MgAgAs),,"[""Zr"", ""Zr"", ""Zr"", ""Zr"", ""Ni"", ""Ni"", ""Ni"", ""Ni"", ""Sn"", ""Sn"", ""Sn"", ""Sn""]","[[0.0, 0.0, 0.0], [0.0, 0.5, 0.5], [0.5, 0.0, 0.5], [0.5, 0.5, 0.0], [0.25, 0.75, 0.75], [0.25, 0.25, 0.25], [0.75, 0.75, 0.25], [0.75, 0.25, 0.75], [0.5, 0.0, 0.0], [0.5, 0.5, 0.5], [0.0, 0.0, 0.5], [0.0, 0.5, 0.0]]",A,primitive->conventional (x sqrt2),repository mining,10.6084/m9.figshare.29438735,https://github.com/KU-Yifan/PGEC-descriptor-TE-design/blob/main/results/lorenz_number/final_processed_with_kappaL.csv,,PhononDB (Togo/NIMS MDR),https://mdr.nims.go.jp/datasets/a0b4db6a-be3a-480a-8ec3-fa64481cc7df,"LTC-calc.log unit cell (PBEsol-relaxed), same file as kappa",mp-924129,True,stoichiometric,ZrNiSn,D3,removed,"data-deposit row copying a primary-source row (|dT| <= 1 K, |dk|/k <= 1%)",data/Target_Materials/HEUSLER_KAPPA_TRAINING_SET.csv,10.1016/j.nanoen.2020.105372,,,,
ZrNiSn,5.3864,W/m/K,372.37,experimental (Wiedemann-Franz subtracted),0,experimental,1.0,,6.066303,216.0,F-43m,half-Heusler (C1b / MgAgAs),,"[""Zr"", ""Zr"", ""Zr"", ""Zr"", ""Ni"", ""Ni"", ""Ni"", ""Ni"", ""Sn"", ""Sn"", ""Sn"", ""Sn""]","[[0.0, 0.0, 0.0], [0.0, 0.5, 0.5], [0.5, 0.0, 0.5], [0.5, 0.5, 0.0], [0.25, 0.75, 0.75], [0.25, 0.25, 0.25], [0.75, 0.75, 0.25], [0.75, 0.25, 0.75], [0.5, 0.0, 0.0], [0.5, 0.5, 0.5], [0.0, 0.0, 0.5], [0.0, 0.5, 0.0]]",A,primitive->conventional (x sqrt2),repository mining,10.6084/m9.figshare.29438735,https://github.com/KU-Yifan/PGEC-descriptor-TE-design/blob/main/results/lorenz_number/final_processed_with_kappaL.csv,,PhononDB (Togo/NIMS MDR),https://mdr.nims.go.jp/datasets/a0b4db6a-be3a-480a-8ec3-fa64481cc7df,"LTC-calc.log unit cell (PBEsol-relaxed), same file as kappa",mp-924129,True,stoichiometric,ZrNiSn,D3,removed,"data-deposit row copying a primary-source row (|dT| <= 1 K, |dk|/k <= 1%)",data/Target_Materials/HEUSLER_KAPPA_TRAINING_SET.csv,10.1016/j.actamat.2010.04.028,,,,
ZrNiSn,5.6693,W/m/K,373.59,experimental (Wiedemann-Franz subtracted),0,experimental,1.0,,6.066303,216.0,F-43m,half-Heusler (C1b / MgAgAs),,"[""Zr"", ""Zr"", ""Zr"", ""Zr"", ""Ni"", ""Ni"", ""Ni"", ""Ni"", ""Sn"", ""Sn"", ""Sn"", ""Sn""]","[[0.0, 0.0, 0.0], [0.0, 0.5, 0.5], [0.5, 0.0, 0.5], [0.5, 0.5, 0.0], [0.25, 0.75, 0.75], [0.25, 0.25, 0.25], [0.75, 0.75, 0.25], [0.75, 0.25, 0.75], [0.5, 0.0, 0.0], [0.5, 0.5, 0.5], [0.0, 0.0, 0.5], [0.0, 0.5, 0.0]]",A,primitive->conventional (x sqrt2),repository mining,10.6084/m9.figshare.29438735,https://github.com/KU-Yifan/PGEC-descriptor-TE-design/blob/main/results/lorenz_number/final_processed_with_kappaL.csv,,PhononDB (Togo/NIMS MDR),https://mdr.nims.go.jp/datasets/a0b4db6a-be3a-480a-8ec3-fa64481cc7df,"LTC-calc.log unit cell (PBEsol-relaxed), same file as kappa",mp-924129,True,stoichiometric,ZrNiSn,D3,removed,"data-deposit row copying a primary-source row (|dT| <= 1 K, |dk|/k <= 1%)",data/Target_Materials/HEUSLER_KAPPA_TRAINING_SET.csv,10.1007/s40195-025-01853-x,,,,
ZrNiSn,5.3157,W/m/K,423.46,experimental (Wiedemann-Franz subtracted),0,experimental,1.0,,6.066303,216.0,F-43m,half-Heusler (C1b / MgAgAs),,"[""Zr"", ""Zr"", ""Zr"", ""Zr"", ""Ni"", ""Ni"", ""Ni"", ""Ni"", ""Sn"", ""Sn"", ""Sn"", ""Sn""]","[[0.0, 0.0, 0.0], [0.0, 0.5, 0.5], [0.5, 0.0, 0.5], [0.5, 0.5, 0.0], [0.25, 0.75, 0.75], [0.25, 0.25, 0.25], [0.75, 0.75, 0.25], [0.75, 0.25, 0.75], [0.5, 0.0, 0.0], [0.5, 0.5, 0.5], [0.0, 0.0, 0.5], [0.0, 0.5, 0.0]]",A,primitive->conventional (x sqrt2),repository mining,10.6084/m9.figshare.29438735,https://github.com/KU-Yifan/PGEC-descriptor-TE-design/blob/main/results/lorenz_number/final_processed_with_kappaL.csv,,PhononDB (Togo/NIMS MDR),https://mdr.nims.go.jp/datasets/a0b4db6a-be3a-480a-8ec3-fa64481cc7df,"LTC-calc.log unit cell (PBEsol-relaxed), same file as kappa",mp-924129,True,stoichiometric,ZrNiSn,D3,removed,"data-deposit row copying a primary-source row (|dT| <= 1 K, |dk|/k <= 1%)",data/Target_Materials/HEUSLER_KAPPA_TRAINING_SET.csv,10.1016/j.nanoen.2020.105372,,,,
ZrNiSn,5.657,W/m/K,438.37,experimental (Wiedemann-Franz subtracted),0,experimental,1.0,,6.066303,216.0,F-43m,half-Heusler (C1b / MgAgAs),,"[""Zr"", ""Zr"", ""Zr"", ""Zr"", ""Ni"", ""Ni"", ""Ni"", ""Ni"", ""Sn"", ""Sn"", ""Sn"", ""Sn""]","[[0.0, 0.0, 0.0], [0.0, 0.5, 0.5], [0.5, 0.0, 0.5], [0.5, 0.5, 0.0], [0.25, 0.75, 0.75], [0.25, 0.25, 0.25], [0.75, 0.75, 0.25], [0.75, 0.25, 0.75], [0.5, 0.0, 0.0], [0.5, 0.5, 0.5], [0.0, 0.0, 0.5], [0.0, 0.5, 0.0]]",A,primitive->conventional (x sqrt2),repository mining,10.6084/m9.figshare.29438735,https://github.com/KU-Yifan/PGEC-descriptor-TE-design/blob/main/results/lorenz_number/final_processed_with_kappaL.csv,,PhononDB (Togo/NIMS MDR),https://mdr.nims.go.jp/datasets/a0b4db6a-be3a-480a-8ec3-fa64481cc7df,"LTC-calc.log unit cell (PBEsol-relaxed), same file as kappa",mp-924129,True,stoichiometric,ZrNiSn,D3,removed,"data-deposit row copying a primary-source row (|dT| <= 1 K, |dk|/k <= 1%)",data/Target_Materials/HEUSLER_KAPPA_TRAINING_SET.csv,10.1021/acsaem.9b01740,,,,
ZrNiSn,4.8746,W/m/K,521.98,experimental (Wiedemann-Franz subtracted),0,experimental,1.0,,6.066303,216.0,F-43m,half-Heusler (C1b / MgAgAs),,"[""Zr"", ""Zr"", ""Zr"", ""Zr"", ""Ni"", ""Ni"", ""Ni"", ""Ni"", ""Sn"", ""Sn"", ""Sn"", ""Sn""]","[[0.0, 0.0, 0.0], [0.0, 0.5, 0.5], [0.5, 0.0, 0.5], [0.5, 0.5, 0.0], [0.25, 0.75, 0.75], [0.25, 0.25, 0.25], [0.75, 0.75, 0.25], [0.75, 0.25, 0.75], [0.5, 0.0, 0.0], [0.5, 0.5, 0.5], [0.0, 0.0, 0.5], [0.0, 0.5, 0.0]]",A,primitive->conventional (x sqrt2),repository mining,10.6084/m9.figshare.29438735,https://github.com/KU-Yifan/PGEC-descriptor-TE-design/blob/main/results/lorenz_number/final_processed_with_kappaL.csv,,PhononDB (Togo/NIMS MDR),https://mdr.nims.go.jp/datasets/a0b4db6a-be3a-480a-8ec3-fa64481cc7df,"LTC-calc.log unit cell (PBEsol-relaxed), same file as kappa",mp-924129,True,stoichiometric,ZrNiSn,D3,removed,"data-deposit row copying a primary-source row (|dT| <= 1 K, |dk|/k <= 1%)",data/Target_Materials/HEUSLER_KAPPA_TRAINING_SET.csv,10.1007/s40195-025-01853-x,,,,
ZrNiSn,4.834,W/m/K,542.3,experimental (Wiedemann-Franz subtracted),0,experimental,1.0,,6.066303,216.0,F-43m,half-Heusler (C1b / MgAgAs),,"[""Zr"", ""Zr"", ""Zr"", ""Zr"", ""Ni"", ""Ni"", ""Ni"", ""Ni"", ""Sn"", ""Sn"", ""Sn"", ""Sn""]","[[0.0, 0.0, 0.0], [0.0, 0.5, 0.5], [0.5, 0.0, 0.5], [0.5, 0.5, 0.0], [0.25, 0.75, 0.75], [0.25, 0.25, 0.25], [0.75, 0.75, 0.25], [0.75, 0.25, 0.75], [0.5, 0.0, 0.0], [0.5, 0.5, 0.5], [0.0, 0.0, 0.5], [0.0, 0.5, 0.0]]",A,primitive->conventional (x sqrt2),repository mining,10.6084/m9.figshare.29438735,https://github.com/KU-Yifan/PGEC-descriptor-TE-design/blob/main/results/lorenz_number/final_processed_with_kappaL.csv,,PhononDB (Togo/NIMS MDR),https://mdr.nims.go.jp/datasets/a0b4db6a-be3a-480a-8ec3-fa64481cc7df,"LTC-calc.log unit cell (PBEsol-relaxed), same file as kappa",mp-924129,True,stoichiometric,ZrNiSn,D3,removed,"data-deposit row copying a primary-source row (|dT| <= 1 K, |dk|/k <= 1%)",data/Target_Materials/HEUSLER_KAPPA_TRAINING_SET.csv,10.1021/acsaem.9b01740,,,,
ZrNiSn,4.6117,W/m/K,571.85,experimental (Wiedemann-Franz subtracted),0,experimental,1.0,,6.066303,216.0,F-43m,half-Heusler (C1b / MgAgAs),,"[""Zr"", ""Zr"", ""Zr"", ""Zr"", ""Ni"", ""Ni"", ""Ni"", ""Ni"", ""Sn"", ""Sn"", ""Sn"", ""Sn""]","[[0.0, 0.0, 0.0], [0.0, 0.5, 0.5], [0.5, 0.0, 0.5], [0.5, 0.5, 0.0], [0.25, 0.75, 0.75], [0.25, 0.25, 0.25], [0.75, 0.75, 0.25], [0.75, 0.25, 0.75], [0.5, 0.0, 0.0], [0.5, 0.5, 0.5], [0.0, 0.0, 0.5], [0.0, 0.5, 0.0]]",A,primitive->conventional (x sqrt2),repository mining,10.6084/m9.figshare.29438735,https://github.com/KU-Yifan/PGEC-descriptor-TE-design/blob/main/results/lorenz_number/final_processed_with_kappaL.csv,,PhononDB (Togo/NIMS MDR),https://mdr.nims.go.jp/datasets/a0b4db6a-be3a-480a-8ec3-fa64481cc7df,"LTC-calc.log unit cell (PBEsol-relaxed), same file as kappa",mp-924129,True,stoichiometric,ZrNiSn,D3,removed,"data-deposit row copying a primary-source row (|dT| <= 1 K, |dk|/k <= 1%)",data/Target_Materials/HEUSLER_KAPPA_TRAINING_SET.csv,10.1016/j.nanoen.2020.105372,,,,
ZrNiSn,4.5495,W/m/K,594.26,experimental (Wiedemann-Franz subtracted),0,experimental,1.0,,6.066303,216.0,F-43m,half-Heusler (C1b / MgAgAs),,"[""Zr"", ""Zr"", ""Zr"", ""Zr"", ""Ni"", ""Ni"", ""Ni"", ""Ni"", ""Sn"", ""Sn"", ""Sn"", ""Sn""]","[[0.0, 0.0, 0.0], [0.0, 0.5, 0.5], [0.5, 0.0, 0.5], [0.5, 0.5, 0.0], [0.25, 0.75, 0.75], [0.25, 0.25, 0.25], [0.75, 0.75, 0.25], [0.75, 0.25, 0.75], [0.5, 0.0, 0.0], [0.5, 0.5, 0.5], [0.0, 0.0, 0.5], [0.0, 0.5, 0.0]]",A,primitive->conventional (x sqrt2),repository mining,10.6084/m9.figshare.29438735,https://github.com/KU-Yifan/PGEC-descriptor-TE-design/blob/main/results/lorenz_number/final_processed_with_kappaL.csv,,PhononDB (Togo/NIMS MDR),https://mdr.nims.go.jp/datasets/a0b4db6a-be3a-480a-8ec3-fa64481cc7df,"LTC-calc.log unit cell (PBEsol-relaxed), same file as kappa",mp-924129,True,stoichiometric,ZrNiSn,D3,removed,"data-deposit row copying a primary-source row (|dT| <= 1 K, |dk|/k <= 1%)",data/Target_Materials/HEUSLER_KAPPA_TRAINING_SET.csv,10.1021/acsaem.9b01740,,,,
ZrNiSn,3.4961,W/m/K,672.21,experimental (Wiedemann-Franz subtracted),0,experimental,1.0,,6.066303,216.0,F-43m,half-Heusler (C1b / MgAgAs),,"[""Zr"", ""Zr"", ""Zr"", ""Zr"", ""Ni"", ""Ni"", ""Ni"", ""Ni"", ""Sn"", ""Sn"", ""Sn"", ""Sn""]","[[0.0, 0.0, 0.0], [0.0, 0.5, 0.5], [0.5, 0.0, 0.5], [0.5, 0.5, 0.0], [0.25, 0.75, 0.75], [0.25, 0.25, 0.25], [0.75, 0.75, 0.25], [0.75, 0.25, 0.75], [0.5, 0.0, 0.0], [0.5, 0.5, 0.5], [0.0, 0.0, 0.5], [0.0, 0.5, 0.0]]",A,primitive->conventional (x sqrt2),repository mining,10.6084/m9.figshare.29438735,https://github.com/KU-Yifan/PGEC-descriptor-TE-design/blob/main/results/lorenz_number/final_processed_with_kappaL.csv,,PhononDB (Togo/NIMS MDR),https://mdr.nims.go.jp/datasets/a0b4db6a-be3a-480a-8ec3-fa64481cc7df,"LTC-calc.log unit cell (PBEsol-relaxed), same file as kappa",mp-924129,True,stoichiometric,ZrNiSn,D3,removed,"data-deposit row copying a primary-source row (|dT| <= 1 K, |dk|/k <= 1%)",data/Target_Materials/HEUSLER_KAPPA_TRAINING_SET.csv,10.1007/s11664-009-1032-8,,,,
ZrNiSn,4.0319,W/m/K,672.81,experimental (Wiedemann-Franz subtracted),0,experimental,1.0,,6.066303,216.0,F-43m,half-Heusler (C1b / MgAgAs),,"[""Zr"", ""Zr"", ""Zr"", ""Zr"", ""Ni"", ""Ni"", ""Ni"", ""Ni"", ""Sn"", ""Sn"", ""Sn"", ""Sn""]","[[0.0, 0.0, 0.0], [0.0, 0.5, 0.5], [0.5, 0.0, 0.5], [0.5, 0.5, 0.0], [0.25, 0.75, 0.75], [0.25, 0.25, 0.25], [0.75, 0.75, 0.25], [0.75, 0.25, 0.75], [0.5, 0.0, 0.0], [0.5, 0.5, 0.5], [0.0, 0.0, 0.5], [0.0, 0.5, 0.0]]",A,primitive->conventional (x sqrt2),repository mining,10.6084/m9.figshare.29438735,https://github.com/KU-Yifan/PGEC-descriptor-TE-design/blob/main/results/lorenz_number/final_processed_with_kappaL.csv,,PhononDB (Togo/NIMS MDR),https://mdr.nims.go.jp/datasets/a0b4db6a-be3a-480a-8ec3-fa64481cc7df,"LTC-calc.log unit cell (PBEsol-relaxed), same file as kappa",mp-924129,True,stoichiometric,ZrNiSn,D3,removed,"data-deposit row copying a primary-source row (|dT| <= 1 K, |dk|/k <= 1%)",data/Target_Materials/HEUSLER_KAPPA_TRAINING_SET.csv,10.1016/j.nanoen.2020.105372,,,,
ZrNiSn,4.3659,W/m/K,674.02,experimental (Wiedemann-Franz subtracted),0,experimental,1.0,,6.066303,216.0,F-43m,half-Heusler (C1b / MgAgAs),,"[""Zr"", ""Zr"", ""Zr"", ""Zr"", ""Ni"", ""Ni"", ""Ni"", ""Ni"", ""Sn"", ""Sn"", ""Sn"", ""Sn""]","[[0.0, 0.0, 0.0], [0.0, 0.5, 0.5], [0.5, 0.0, 0.5], [0.5, 0.5, 0.0], [0.25, 0.75, 0.75], [0.25, 0.25, 0.25], [0.75, 0.75, 0.25], [0.75, 0.25, 0.75], [0.5, 0.0, 0.0], [0.5, 0.5, 0.5], [0.0, 0.0, 0.5], [0.0, 0.5, 0.0]]",A,primitive->conventional (x sqrt2),repository mining,10.6084/m9.figshare.29438735,https://github.com/KU-Yifan/PGEC-descriptor-TE-design/blob/main/results/lorenz_number/final_processed_with_kappaL.csv,,PhononDB (Togo/NIMS MDR),https://mdr.nims.go.jp/datasets/a0b4db6a-be3a-480a-8ec3-fa64481cc7df,"LTC-calc.log unit cell (PBEsol-relaxed), same file as kappa",mp-924129,True,stoichiometric,ZrNiSn,D3,removed,"data-deposit row copying a primary-source row (|dT| <= 1 K, |dk|/k <= 1%)",data/Target_Materials/HEUSLER_KAPPA_TRAINING_SET.csv,10.1016/j.nanoen.2020.105372,,,,
ZrNiSn,4.2683,W/m/K,723.89,experimental (Wiedemann-Franz subtracted),0,experimental,1.0,,6.066303,216.0,F-43m,half-Heusler (C1b / MgAgAs),,"[""Zr"", ""Zr"", ""Zr"", ""Zr"", ""Ni"", ""Ni"", ""Ni"", ""Ni"", ""Sn"", ""Sn"", ""Sn"", ""Sn""]","[[0.0, 0.0, 0.0], [0.0, 0.5, 0.5], [0.5, 0.0, 0.5], [0.5, 0.5, 0.0], [0.25, 0.75, 0.75], [0.25, 0.25, 0.25], [0.75, 0.75, 0.25], [0.75, 0.25, 0.75], [0.5, 0.0, 0.0], [0.5, 0.5, 0.5], [0.0, 0.0, 0.5], [0.0, 0.5, 0.0]]",A,primitive->conventional (x sqrt2),repository mining,10.6084/m9.figshare.29438735,https://github.com/KU-Yifan/PGEC-descriptor-TE-design/blob/main/results/lorenz_number/final_processed_with_kappaL.csv,,PhononDB (Togo/NIMS MDR),https://mdr.nims.go.jp/datasets/a0b4db6a-be3a-480a-8ec3-fa64481cc7df,"LTC-calc.log unit cell (PBEsol-relaxed), same file as kappa",mp-924129,True,stoichiometric,ZrNiSn,D3,removed,"data-deposit row copying a primary-source row (|dT| <= 1 K, |dk|/k <= 1%)",data/Target_Materials/HEUSLER_KAPPA_TRAINING_SET.csv,10.1016/j.nanoen.2020.105372,,,,
ZrNiSn,4.1277,W/m/K,739.88,experimental (Wiedemann-Franz subtracted),0,experimental,1.0,,6.066303,216.0,F-43m,half-Heusler (C1b / MgAgAs),,"[""Zr"", ""Zr"", ""Zr"", ""Zr"", ""Ni"", ""Ni"", ""Ni"", ""Ni"", ""Sn"", ""Sn"", ""Sn"", ""Sn""]","[[0.0, 0.0, 0.0], [0.0, 0.5, 0.5], [0.5, 0.0, 0.5], [0.5, 0.5, 0.0], [0.25, 0.75, 0.75], [0.25, 0.25, 0.25], [0.75, 0.75, 0.25], [0.75, 0.25, 0.75], [0.5, 0.0, 0.0], [0.5, 0.5, 0.5], [0.0, 0.0, 0.5], [0.0, 0.5, 0.0]]",A,primitive->conventional (x sqrt2),repository mining,10.6084/m9.figshare.29438735,https://github.com/KU-Yifan/PGEC-descriptor-TE-design/blob/main/results/lorenz_number/final_processed_with_kappaL.csv,,PhononDB (Togo/NIMS MDR),https://mdr.nims.go.jp/datasets/a0b4db6a-be3a-480a-8ec3-fa64481cc7df,"LTC-calc.log unit cell (PBEsol-relaxed), same file as kappa",mp-924129,True,stoichiometric,ZrNiSn,D3,removed,"data-deposit row copying a primary-source row (|dT| <= 1 K, |dk|/k <= 1%)",data/Target_Materials/HEUSLER_KAPPA_TRAINING_SET.csv,10.1021/acsaem.9b01740,,,,
ZrNiSn,4.2666,W/m/K,872.28,experimental (Wiedemann-Franz subtracted),0,experimental,1.0,,6.066303,216.0,F-43m,half-Heusler (C1b / MgAgAs),,"[""Zr"", ""Zr"", ""Zr"", ""Zr"", ""Ni"", ""Ni"", ""Ni"", ""Ni"", ""Sn"", ""Sn"", ""Sn"", ""Sn""]","[[0.0, 0.0, 0.0], [0.0, 0.5, 0.5], [0.5, 0.0, 0.5], [0.5, 0.5, 0.0], [0.25, 0.75, 0.75], [0.25, 0.25, 0.25], [0.75, 0.75, 0.25], [0.75, 0.25, 0.75], [0.5, 0.0, 0.0], [0.5, 0.5, 0.5], [0.0, 0.0, 0.5], [0.0, 0.5, 0.0]]",A,primitive->conventional (x sqrt2),repository mining,10.6084/m9.figshare.29438735,https://github.com/KU-Yifan/PGEC-descriptor-TE-design/blob/main/results/lorenz_number/final_processed_with_kappaL.csv,,PhononDB (Togo/NIMS MDR),https://mdr.nims.go.jp/datasets/a0b4db6a-be3a-480a-8ec3-fa64481cc7df,"LTC-calc.log unit cell (PBEsol-relaxed), same file as kappa",mp-924129,True,stoichiometric,ZrNiSn,D3,removed,"data-deposit row copying a primary-source row (|dT| <= 1 K, |dk|/k <= 1%)",data/Target_Materials/HEUSLER_KAPPA_TRAINING_SET.csv,10.1016/j.nanoen.2020.105372,,,,
ZrNiSn,4.5286,W/m/K,872.28,experimental (Wiedemann-Franz subtracted),0,experimental,1.0,,6.066303,216.0,F-43m,half-Heusler (C1b / MgAgAs),,"[""Zr"", ""Zr"", ""Zr"", ""Zr"", ""Ni"", ""Ni"", ""Ni"", ""Ni"", ""Sn"", ""Sn"", ""Sn"", ""Sn""]","[[0.0, 0.0, 0.0], [0.0, 0.5, 0.5], [0.5, 0.0, 0.5], [0.5, 0.5, 0.0], [0.25, 0.75, 0.75], [0.25, 0.25, 0.25], [0.75, 0.75, 0.25], [0.75, 0.25, 0.75], [0.5, 0.0, 0.0], [0.5, 0.5, 0.5], [0.0, 0.0, 0.5], [0.0, 0.5, 0.0]]",A,primitive->conventional (x sqrt2),repository mining,10.6084/m9.figshare.29438735,https://github.com/KU-Yifan/PGEC-descriptor-TE-design/blob/main/results/lorenz_number/final_processed_with_kappaL.csv,,PhononDB (Togo/NIMS MDR),https://mdr.nims.go.jp/datasets/a0b4db6a-be3a-480a-8ec3-fa64481cc7df,"LTC-calc.log unit cell (PBEsol-relaxed), same file as kappa",mp-924129,True,stoichiometric,ZrNiSn,D3,removed,"data-deposit row copying a primary-source row (|dT| <= 1 K, |dk|/k <= 1%)",data/Target_Materials/HEUSLER_KAPPA_TRAINING_SET.csv,10.1016/j.nanoen.2020.105372,,,,
ZrNiSn,3.9126,W/m/K,873.5,experimental (Wiedemann-Franz subtracted),0,experimental,1.0,,6.066303,216.0,F-43m,half-Heusler (C1b / MgAgAs),,"[""Zr"", ""Zr"", ""Zr"", ""Zr"", ""Ni"", ""Ni"", ""Ni"", ""Ni"", ""Sn"", ""Sn"", ""Sn"", ""Sn""]","[[0.0, 0.0, 0.0], [0.0, 0.5, 0.5], [0.5, 0.0, 0.5], [0.5, 0.5, 0.0], [0.25, 0.75, 0.75], [0.25, 0.25, 0.25], [0.75, 0.75, 0.25], [0.75, 0.25, 0.75], [0.5, 0.0, 0.0], [0.5, 0.5, 0.5], [0.0, 0.0, 0.5], [0.0, 0.5, 0.0]]",A,primitive->conventional (x sqrt2),repository mining,10.6084/m9.figshare.29438735,https://github.com/KU-Yifan/PGEC-descriptor-TE-design/blob/main/results/lorenz_number/final_processed_with_kappaL.csv,,PhononDB (Togo/NIMS MDR),https://mdr.nims.go.jp/datasets/a0b4db6a-be3a-480a-8ec3-fa64481cc7df,"LTC-calc.log unit cell (PBEsol-relaxed), same file as kappa",mp-924129,True,stoichiometric,ZrNiSn,D3,removed,"data-deposit row copying a primary-source row (|dT| <= 1 K, |dk|/k <= 1%)",data/Target_Materials/HEUSLER_KAPPA_TRAINING_SET.csv,10.1007/s40195-025-01853-x,,,,
ZrNiSn,3.6971,W/m/K,885.5,experimental (Wiedemann-Franz subtracted),0,experimental,1.0,,6.066303,216.0,F-43m,half-Heusler (C1b / MgAgAs),,"[""Zr"", ""Zr"", ""Zr"", ""Zr"", ""Ni"", ""Ni"", ""Ni"", ""Ni"", ""Sn"", ""Sn"", ""Sn"", ""Sn""]","[[0.0, 0.0, 0.0], [0.0, 0.5, 0.5], [0.5, 0.0, 0.5], [0.5, 0.5, 0.0], [0.25, 0.75, 0.75], [0.25, 0.25, 0.25], [0.75, 0.75, 0.25], [0.75, 0.25, 0.75], [0.5, 0.0, 0.0], [0.5, 0.5, 0.5], [0.0, 0.0, 0.5], [0.0, 0.5, 0.0]]",A,primitive->conventional (x sqrt2),repository mining,10.6084/m9.figshare.29438735,https://github.com/KU-Yifan/PGEC-descriptor-TE-design/blob/main/results/lorenz_number/final_processed_with_kappaL.csv,,PhononDB (Togo/NIMS MDR),https://mdr.nims.go.jp/datasets/a0b4db6a-be3a-480a-8ec3-fa64481cc7df,"LTC-calc.log unit cell (PBEsol-relaxed), same file as kappa",mp-924129,True,stoichiometric,ZrNiSn,D3,removed,"data-deposit row copying a primary-source row (|dT| <= 1 K, |dk|/k <= 1%)",data/Target_Materials/HEUSLER_KAPPA_TRAINING_SET.csv,10.1021/acsaem.9b01740,,,,
ZrNiSn,4.7028,W/m/K,922.15,experimental (Wiedemann-Franz subtracted),0,experimental,1.0,,6.066303,216.0,F-43m,half-Heusler (C1b / MgAgAs),,"[""Zr"", ""Zr"", ""Zr"", ""Zr"", ""Ni"", ""Ni"", ""Ni"", ""Ni"", ""Sn"", ""Sn"", ""Sn"", ""Sn""]","[[0.0, 0.0, 0.0], [0.0, 0.5, 0.5], [0.5, 0.0, 0.5], [0.5, 0.5, 0.0], [0.25, 0.75, 0.75], [0.25, 0.25, 0.25], [0.75, 0.75, 0.25], [0.75, 0.25, 0.75], [0.5, 0.0, 0.0], [0.5, 0.5, 0.5], [0.0, 0.0, 0.5], [0.0, 0.5, 0.0]]",A,primitive->conventional (x sqrt2),repository mining,10.6084/m9.figshare.29438735,https://github.com/KU-Yifan/PGEC-descriptor-TE-design/blob/main/results/lorenz_number/final_processed_with_kappaL.csv,,PhononDB (Togo/NIMS MDR),https://mdr.nims.go.jp/datasets/a0b4db6a-be3a-480a-8ec3-fa64481cc7df,"LTC-calc.log unit cell (PBEsol-relaxed), same file as kappa",mp-924129,True,stoichiometric,ZrNiSn,D3,removed,"data-deposit row copying a primary-source row (|dT| <= 1 K, |dk|/k <= 1%)",data/Target_Materials/HEUSLER_KAPPA_TRAINING_SET.csv,10.1016/j.nanoen.2020.105372,,,,
ZrNiSn,4.0345,W/m/K,922.76,experimental (Wiedemann-Franz subtracted),0,experimental,1.0,,6.066303,216.0,F-43m,half-Heusler (C1b / MgAgAs),,"[""Zr"", ""Zr"", ""Zr"", ""Zr"", ""Ni"", ""Ni"", ""Ni"", ""Ni"", ""Sn"", ""Sn"", ""Sn"", ""Sn""]","[[0.0, 0.0, 0.0], [0.0, 0.5, 0.5], [0.5, 0.0, 0.5], [0.5, 0.5, 0.0], [0.25, 0.75, 0.75], [0.25, 0.25, 0.25], [0.75, 0.75, 0.25], [0.75, 0.25, 0.75], [0.5, 0.0, 0.0], [0.5, 0.5, 0.5], [0.0, 0.0, 0.5], [0.0, 0.5, 0.0]]",A,primitive->conventional (x sqrt2),repository mining,10.6084/m9.figshare.29438735,https://github.com/KU-Yifan/PGEC-descriptor-TE-design/blob/main/results/lorenz_number/final_processed_with_kappaL.csv,,PhononDB (Togo/NIMS MDR),https://mdr.nims.go.jp/datasets/a0b4db6a-be3a-480a-8ec3-fa64481cc7df,"LTC-calc.log unit cell (PBEsol-relaxed), same file as kappa",mp-924129,True,stoichiometric,ZrNiSn,D3,removed,"data-deposit row copying a primary-source row (|dT| <= 1 K, |dk|/k <= 1%)",data/Target_Materials/HEUSLER_KAPPA_TRAINING_SET.csv,10.1016/j.nanoen.2020.105372,,,,
ZrNiSn,4.4332,W/m/K,923.37,experimental (Wiedemann-Franz subtracted),0,experimental,1.0,,6.066303,216.0,F-43m,half-Heusler (C1b / MgAgAs),,"[""Zr"", ""Zr"", ""Zr"", ""Zr"", ""Ni"", ""Ni"", ""Ni"", ""Ni"", ""Sn"", ""Sn"", ""Sn"", ""Sn""]","[[0.0, 0.0, 0.0], [0.0, 0.5, 0.5], [0.5, 0.0, 0.5], [0.5, 0.5, 0.0], [0.25, 0.75, 0.75], [0.25, 0.25, 0.25], [0.75, 0.75, 0.25], [0.75, 0.25, 0.75], [0.5, 0.0, 0.0], [0.5, 0.5, 0.5], [0.0, 0.0, 0.5], [0.0, 0.5, 0.0]]",A,primitive->conventional (x sqrt2),repository mining,10.6084/m9.figshare.29438735,https://github.com/KU-Yifan/PGEC-descriptor-TE-design/blob/main/results/lorenz_number/final_processed_with_kappaL.csv,,PhononDB (Togo/NIMS MDR),https://mdr.nims.go.jp/datasets/a0b4db6a-be3a-480a-8ec3-fa64481cc7df,"LTC-calc.log unit cell (PBEsol-relaxed), same file as kappa",mp-924129,True,stoichiometric,ZrNiSn,D3,removed,"data-deposit row copying a primary-source row (|dT| <= 1 K, |dk|/k <= 1%)",data/Target_Materials/HEUSLER_KAPPA_TRAINING_SET.csv,10.1016/j.nanoen.2020.105372,,,,
AlVFe2,26.66823213738284,W/m/K,300.423,"experimental, Wiedemann-Franz: kappa_total - L*T/rho (Kim2015 L(S=38uV/K))",0,experimental,1.0,wf_subtracted,5.65709,225.0,Fm-3m,full_Heusler_L21,,"[""Al"", ""V"", ""Fe"", ""Fe""]","[[0.0, 0.0, 0.0], [0.5, 0.5, 0.5], [0.25, 0.25, 0.25], [0.75, 0.75, 0.75]]",A,conventional,Starrydata (experimental),10.15541/jim20250041,https://doi.org/10.15541/jim20250041,Starrydata all_curves.csv (release 'latest'),Materials Project,https://next-gen.materialsproject.org/materials/mp-5778,"Materials Project (OPTIMADE, keyless)",mp-5778,False,stoichiometric,AlVFe2,D1,removed,derived (WF / total-minus-kappa_e) copy of a sample whose published kappa_L curve is in the corpus,data/Target_Materials/HEUSLER_KAPPA_TRAINING_SET.csv,,93307.0,,,
AlVFe2,24.93151185490339,W/m/K,325.3807,"experimental, Wiedemann-Franz: kappa_total - L*T/rho (Kim2015 L(S=36uV/K))",0,experimental,1.0,wf_subtracted,5.65709,225.0,Fm-3m,full_Heusler_L21,,"[""Al"", ""V"", ""Fe"", ""Fe""]","[[0.0, 0.0, 0.0], [0.5, 0.5, 0.5], [0.25, 0.25, 0.25], [0.75, 0.75, 0.75]]",A,conventional,Starrydata (experimental),10.15541/jim20250041,https://doi.org/10.15541/jim20250041,Starrydata all_curves.csv (release 'latest'),Materials Project,https://next-gen.materialsproject.org/materials/mp-5778,"Materials Project (OPTIMADE, keyless)",mp-5778,False,stoichiometric,AlVFe2,D1,removed,derived (WF / total-minus-kappa_e) copy of a sample whose published kappa_L curve is in the corpus,data/Target_Materials/HEUSLER_KAPPA_TRAINING_SET.csv,,93307.0,,,
AlVFe2,23.34573864914776,W/m/K,352.8765,"experimental, Wiedemann-Franz: kappa_total - L*T/rho (Kim2015 L(S=35uV/K))",0,experimental,1.0,wf_subtracted,5.65709,225.0,Fm-3m,full_Heusler_L21,,"[""Al"", ""V"", ""Fe"", ""Fe""]","[[0.0, 0.0, 0.0], [0.5, 0.5, 0.5], [0.25, 0.25, 0.25], [0.75, 0.75, 0.75]]",A,conventional,Starrydata (experimental),10.15541/jim20250041,https://doi.org/10.15541/jim20250041,Starrydata all_curves.csv (release 'latest'),Materials Project,https://next-gen.materialsproject.org/materials/mp-5778,"Materials Project (OPTIMADE, keyless)",mp-5778,False,stoichiometric,AlVFe2,D1,removed,derived (WF / total-minus-kappa_e) copy of a sample whose published kappa_L curve is in the corpus,data/Target_Materials/HEUSLER_KAPPA_TRAINING_SET.csv,,93307.0,,,
AlVFe2,22.05057764008,W/m/K,379.1032,"experimental, Wiedemann-Franz: kappa_total - L*T/rho (Kim2015 L(S=32uV/K))",0,experimental,1.0,wf_subtracted,5.65709,225.0,Fm-3m,full_Heusler_L21,,"[""Al"", ""V"", ""Fe"", ""Fe""]","[[0.0, 0.0, 0.0], [0.5, 0.5, 0.5], [0.25, 0.25, 0.25], [0.75, 0.75, 0.75]]",A,conventional,Starrydata (experimental),10.15541/jim20250041,https://doi.org/10.15541/jim20250041,Starrydata all_curves.csv (release 'latest'),Materials Project,https://next-gen.materialsproject.org/materials/mp-5778,"Materials Project (OPTIMADE, keyless)",mp-5778,False,stoichiometric,AlVFe2,D1,removed,derived (WF / total-minus-kappa_e) copy of a sample whose published kappa_L curve is in the corpus,data/Target_Materials/HEUSLER_KAPPA_TRAINING_SET.csv,,93307.0,,,
AlVFe2,20.911292154013555,W/m/K,404.9069,"experimental, Wiedemann-Franz: kappa_total - L*T/rho (Kim2015 L(S=29uV/K))",0,experimental,1.0,wf_subtracted,5.65709,225.0,Fm-3m,full_Heusler_L21,,"[""Al"", ""V"", ""Fe"", ""Fe""]","[[0.0, 0.0, 0.0], [0.5, 0.5, 0.5], [0.25, 0.25, 0.25], [0.75, 0.75, 0.75]]",A,conventional,Starrydata (experimental),10.15541/jim20250041,https://doi.org/10.15541/jim20250041,Starrydata all_curves.csv (release 'latest'),Materials Project,https://next-gen.materialsproject.org/materials/mp-5778,"Materials Project (OPTIMADE, keyless)",mp-5778,False,stoichiometric,AlVFe2,D1,removed,derived (WF / total-minus-kappa_e) copy of a sample whose published kappa_L curve is in the corpus,data/Target_Materials/HEUSLER_KAPPA_TRAINING_SET.csv,,93307.0,,,
AlVFe2,20.061504581363565,W/m/K,432.4027,"experimental, Wiedemann-Franz: kappa_total - L*T/rho (Kim2015 L(S=26uV/K))",0,experimental,1.0,wf_subtracted,5.65709,225.0,Fm-3m,full_Heusler_L21,,"[""Al"", ""V"", ""Fe"", ""Fe""]","[[0.0, 0.0, 0.0], [0.5, 0.5, 0.5], [0.25, 0.25, 0.25], [0.75, 0.75, 0.75]]",A,conventional,Starrydata (experimental),10.15541/jim20250041,https://doi.org/10.15541/jim20250041,Starrydata all_curves.csv (release 'latest'),Materials Project,https://next-gen.materialsproject.org/materials/mp-5778,"Materials Project (OPTIMADE, keyless)",mp-5778,False,stoichiometric,AlVFe2,D1,removed,derived (WF / total-minus-kappa_e) copy of a sample whose published kappa_L curve is in the corpus,data/Target_Materials/HEUSLER_KAPPA_TRAINING_SET.csv,,93307.0,,,
AlVFe2,19.159917122725616,W/m/K,457.7834,"experimental, Wiedemann-Franz: kappa_total - L*T/rho (Kim2015 L(S=25uV/K))",0,experimental,1.0,wf_subtracted,5.65709,225.0,Fm-3m,full_Heusler_L21,,"[""Al"", ""V"", ""Fe"", ""Fe""]","[[0.0, 0.0, 0.0], [0.5, 0.5, 0.5], [0.25, 0.25, 0.25], [0.75, 0.75, 0.75]]",A,conventional,Starrydata (experimental),10.15541/jim20250041,https://doi.org/10.15541/jim20250041,Starrydata all_curves.csv (release 'latest'),Materials Project,https://next-gen.materialsproject.org/materials/mp-5778,"Materials Project (OPTIMADE, keyless)",mp-5778,False,stoichiometric,AlVFe2,D1,removed,derived (WF / total-minus-kappa_e) copy of a sample whose published kappa_L curve is in the corpus,data/Target_Materials/HEUSLER_KAPPA_TRAINING_SET.csv,,93307.0,,,
AlVFe2,18.393929311871887,W/m/K,484.0102,"experimental, Wiedemann-Franz: kappa_total - L*T/rho (Kim2015 L(S=20uV/K))",0,experimental,1.0,wf_subtracted,5.65709,225.0,Fm-3m,full_Heusler_L21,,"[""Al"", ""V"", ""Fe"", ""Fe""]","[[0.0, 0.0, 0.0], [0.5, 0.5, 0.5], [0.25, 0.25, 0.25], [0.75, 0.75, 0.75]]",A,conventional,Starrydata (experimental),10.15541/jim20250041,https://doi.org/10.15541/jim20250041,Starrydata all_curves.csv (release 'latest'),Materials Project,https://next-gen.materialsproject.org/materials/mp-5778,"Materials Project (OPTIMADE, keyless)",mp-5778,False,stoichiometric,AlVFe2,D1,removed,derived (WF / total-minus-kappa_e) copy of a sample whose published kappa_L curve is in the corpus,data/Target_Materials/HEUSLER_KAPPA_TRAINING_SET.csv,,93307.0,,,
AlVFe2,17.598550061934837,W/m/K,510.6599,"experimental, Wiedemann-Franz: kappa_total - L*T/rho (Kim2015 L(S=18uV/K))",0,experimental,1.0,wf_subtracted,5.65709,225.0,Fm-3m,full_Heusler_L21,,"[""Al"", ""V"", ""Fe"", ""Fe""]","[[0.0, 0.0, 0.0], [0.5, 0.5, 0.5], [0.25, 0.25, 0.25], [0.75, 0.75, 0.75]]",A,conventional,Starrydata (experimental),10.15541/jim20250041,https://doi.org/10.15541/jim20250041,Starrydata all_curves.csv (release 'latest'),Materials Project,https://next-gen.materialsproject.org/materials/mp-5778,"Materials Project (OPTIMADE, keyless)",mp-5778,False,stoichiometric,AlVFe2,D1,removed,derived (WF / total-minus-kappa_e) copy of a sample whose published kappa_L curve is in the corpus,data/Target_Materials/HEUSLER_KAPPA_TRAINING_SET.csv,,93307.0,,,
AlVFe2,16.98987669810738,W/m/K,535.6176,"experimental, Wiedemann-Franz: kappa_total - L*T/rho (Kim2015 L(S=15uV/K))",0,experimental,1.0,wf_subtracted,5.65709,225.0,Fm-3m,full_Heusler_L21,,"[""Al"", ""V"", ""Fe"", ""Fe""]","[[0.0, 0.0, 0.0], [0.5, 0.5, 0.5], [0.25, 0.25, 0.25], [0.75, 0.75, 0.75]]",A,conventional,Starrydata (experimental),10.15541/jim20250041,https://doi.org/10.15541/jim20250041,Starrydata all_curves.csv (release 'latest'),Materials Project,https://next-gen.materialsproject.org/materials/mp-5778,"Materials Project (OPTIMADE, keyless)",mp-5778,False,stoichiometric,AlVFe2,D1,removed,derived (WF / total-minus-kappa_e) copy of a sample whose published kappa_L curve is in the corpus,data/Target_Materials/HEUSLER_KAPPA_TRAINING_SET.csv,,93307.0,,,
AlVFe2,16.25808474852974,W/m/K,562.6904,"experimental, Wiedemann-Franz: kappa_total - L*T/rho (Kim2015 L(S=13uV/K))",0,experimental,1.0,wf_subtracted,5.65709,225.0,Fm-3m,full_Heusler_L21,,"[""Al"", ""V"", ""Fe"", ""Fe""]","[[0.0, 0.0, 0.0], [0.5, 0.5, 0.5], [0.25, 0.25, 0.25], [0.75, 0.75, 0.75]]",A,conventional,Starrydata (experimental),10.15541/jim20250041,https://doi.org/10.15541/jim20250041,Starrydata all_curves.csv (release 'latest'),Materials Project,https://next-gen.materialsproject.org/materials/mp-5778,"Materials Project (OPTIMADE, keyless)",mp-5778,False,stoichiometric,AlVFe2,D1,removed,derived (WF / total-minus-kappa_e) copy of a sample whose published kappa_L curve is in the corpus,data/Target_Materials/HEUSLER_KAPPA_TRAINING_SET.csv,,93307.0,,,
AlVFe2,15.511317038739726,W/m/K,589.7631,"experimental, Wiedemann-Franz: kappa_total - L*T/rho (Kim2015 L(S=9uV/K))",0,experimental,1.0,wf_subtracted,5.65709,225.0,Fm-3m,full_Heusler_L21,,"[""Al"", ""V"", ""Fe"", ""Fe""]","[[0.0, 0.0, 0.0], [0.5, 0.5, 0.5], [0.25, 0.25, 0.25], [0.75, 0.75, 0.75]]",A,conventional,Starrydata (experimental),10.15541/jim20250041,https://doi.org/10.15541/jim20250041,Starrydata all_curves.csv (release 'latest'),Materials Project,https://next-gen.materialsproject.org/materials/mp-5778,"Materials Project (OPTIMADE, keyless)",mp-5778,False,stoichiometric,AlVFe2,D1,removed,derived (WF / total-minus-kappa_e) copy of a sample whose published kappa_L curve is in the corpus,data/Target_Materials/HEUSLER_KAPPA_TRAINING_SET.csv,,93307.0,,,
AlVFe2,14.762762049924891,W/m/K,615.9898,"experimental, Wiedemann-Franz: kappa_total - L*T/rho (Kim2015 L(S=8uV/K))",0,experimental,1.0,wf_subtracted,5.65709,225.0,Fm-3m,full_Heusler_L21,,"[""Al"", ""V"", ""Fe"", ""Fe""]","[[0.0, 0.0, 0.0], [0.5, 0.5, 0.5], [0.25, 0.25, 0.25], [0.75, 0.75, 0.75]]",A,conventional,Starrydata (experimental),10.15541/jim20250041,https://doi.org/10.15541/jim20250041,Starrydata all_curves.csv (release 'latest'),Materials Project,https://next-gen.materialsproject.org/materials/mp-5778,"Materials Project (OPTIMADE, keyless)",mp-5778,False,stoichiometric,AlVFe2,D1,removed,derived (WF / total-minus-kappa_e) copy of a sample whose published kappa_L curve is in the corpus,data/Target_Materials/HEUSLER_KAPPA_TRAINING_SET.csv,,93307.0,,,
AlVFe2,14.130891607043823,W/m/K,642.6396,"experimental, Wiedemann-Franz: kappa_total - L*T/rho (Kim2015 L(S=6uV/K))",0,experimental,1.0,wf_subtracted,5.65709,225.0,Fm-3m,full_Heusler_L21,,"[""Al"", ""V"", ""Fe"", ""Fe""]","[[0.0, 0.0, 0.0], [0.5, 0.5, 0.5], [0.25, 0.25, 0.25], [0.75, 0.75, 0.75]]",A,conventional,Starrydata (experimental),10.15541/jim20250041,https://doi.org/10.15541/jim20250041,Starrydata all_curves.csv (release 'latest'),Materials Project,https://next-gen.materialsproject.org/materials/mp-5778,"Materials Project (OPTIMADE, keyless)",mp-5778,False,stoichiometric,AlVFe2,D1,removed,derived (WF / total-minus-kappa_e) copy of a sample whose published kappa_L curve is in the corpus,data/Target_Materials/HEUSLER_KAPPA_TRAINING_SET.csv,,93307.0,,,
AlVFe2,13.724661543693074,W/m/K,668.0203,"experimental, Wiedemann-Franz: kappa_total - L*T/rho (Kim2015 L(S=4uV/K))",0,experimental,1.0,wf_subtracted,5.65709,225.0,Fm-3m,full_Heusler_L21,,"[""Al"", ""V"", ""Fe"", ""Fe""]","[[0.0, 0.0, 0.0], [0.5, 0.5, 0.5], [0.25, 0.25, 0.25], [0.75, 0.75, 0.75]]",A,conventional,Starrydata (experimental),10.15541/jim20250041,https://doi.org/10.15541/jim20250041,Starrydata all_curves.csv (release 'latest'),Materials Project,https://next-gen.materialsproject.org/materials/mp-5778,"Materials Project (OPTIMADE, keyless)",mp-5778,False,stoichiometric,AlVFe2,D1,removed,derived (WF / total-minus-kappa_e) copy of a sample whose published kappa_L curve is in the corpus,data/Target_Materials/HEUSLER_KAPPA_TRAINING_SET.csv,,93307.0,,,
AlVFe2,13.101825199834623,W/m/K,693.824,"experimental, Wiedemann-Franz: kappa_total - L*T/rho (Kim2015 L(S=2uV/K))",0,experimental,1.0,wf_subtracted,5.65709,225.0,Fm-3m,full_Heusler_L21,,"[""Al"", ""V"", ""Fe"", ""Fe""]","[[0.0, 0.0, 0.0], [0.5, 0.5, 0.5], [0.25, 0.25, 0.25], [0.75, 0.75, 0.75]]",A,conventional,Starrydata (experimental),10.15541/jim20250041,https://doi.org/10.15541/jim20250041,Starrydata all_curves.csv (release 'latest'),Materials Project,https://next-gen.materialsproject.org/materials/mp-5778,"Materials Project (OPTIMADE, keyless)",mp-5778,False,stoichiometric,AlVFe2,D1,removed,derived (WF / total-minus-kappa_e) copy of a sample whose published kappa_L curve is in the corpus,data/Target_Materials/HEUSLER_KAPPA_TRAINING_SET.csv,,93307.0,,,
AlVFe2,12.529404872652409,W/m/K,720.0508,"experimental, Wiedemann-Franz: kappa_total - L*T/rho (Kim2015 L(S=0uV/K))",0,experimental,1.0,wf_subtracted,5.65709,225.0,Fm-3m,full_Heusler_L21,,"[""Al"", ""V"", ""Fe"", ""Fe""]","[[0.0, 0.0, 0.0], [0.5, 0.5, 0.5], [0.25, 0.25, 0.25], [0.75, 0.75, 0.75]]",A,conventional,Starrydata (experimental),10.15541/jim20250041,https://doi.org/10.15541/jim20250041,Starrydata all_curves.csv (release 'latest'),Materials Project,https://next-gen.materialsproject.org/materials/mp-5778,"Materials Project (OPTIMADE, keyless)",mp-5778,False,stoichiometric,AlVFe2,D1,removed,derived (WF / total-minus-kappa_e) copy of a sample whose published kappa_L curve is in the corpus,data/Target_Materials/HEUSLER_KAPPA_TRAINING_SET.csv,,93307.0,,,
AlVFe2,11.930018195997697,W/m/K,747.5465,"experimental, Wiedemann-Franz: kappa_total - L*T/rho (Kim2015 L(S=1uV/K))",0,experimental,1.0,wf_subtracted,5.65709,225.0,Fm-3m,full_Heusler_L21,,"[""Al"", ""V"", ""Fe"", ""Fe""]","[[0.0, 0.0, 0.0], [0.5, 0.5, 0.5], [0.25, 0.25, 0.25], [0.75, 0.75, 0.75]]",A,conventional,Starrydata (experimental),10.15541/jim20250041,https://doi.org/10.15541/jim20250041,Starrydata all_curves.csv (release 'latest'),Materials Project,https://next-gen.materialsproject.org/materials/mp-5778,"Materials Project (OPTIMADE, keyless)",mp-5778,False,stoichiometric,AlVFe2,D1,removed,derived (WF / total-minus-kappa_e) copy of a sample whose published kappa_L curve is in the corpus,data/Target_Materials/HEUSLER_KAPPA_TRAINING_SET.csv,,93307.0,,,
AlVFe2,11.392388315928894,W/m/K,772.5042,"experimental, Wiedemann-Franz: kappa_total - L*T/rho (Kim2015 L(S=3uV/K))",0,experimental,1.0,wf_subtracted,5.65709,225.0,Fm-3m,full_Heusler_L21,,"[""Al"", ""V"", ""Fe"", ""Fe""]","[[0.0, 0.0, 0.0], [0.5, 0.5, 0.5], [0.25, 0.25, 0.25], [0.75, 0.75, 0.75]]",A,conventional,Starrydata (experimental),10.15541/jim20250041,https://doi.org/10.15541/jim20250041,Starrydata all_curves.csv (release 'latest'),Materials Project,https://next-gen.materialsproject.org/materials/mp-5778,"Materials Project (OPTIMADE, keyless)",mp-5778,False,stoichiometric,AlVFe2,D1,removed,derived (WF / total-minus-kappa_e) copy of a sample whose published kappa_L curve is in the corpus,data/Target_Materials/HEUSLER_KAPPA_TRAINING_SET.csv,,93307.0,,,
AlVFe2,10.766169528292416,W/m/K,800.423,"experimental, Wiedemann-Franz: kappa_total - L*T/rho (Kim2015 L(S=3uV/K))",0,experimental,1.0,wf_subtracted,5.65709,225.0,Fm-3m,full_Heusler_L21,,"[""Al"", ""V"", ""Fe"", ""Fe""]","[[0.0, 0.0, 0.0], [0.5, 0.5, 0.5], [0.25, 0.25, 0.25], [0.75, 0.75, 0.75]]",A,conventional,Starrydata (experimental),10.15541/jim20250041,https://doi.org/10.15541/jim20250041,Starrydata all_curves.csv (release 'latest'),Materials Project,https://next-gen.materialsproject.org/materials/mp-5778,"Materials Project (OPTIMADE, keyless)",mp-5778,False,stoichiometric,AlVFe2,D1,removed,derived (WF / total-minus-kappa_e) copy of a sample whose published kappa_L curve is in the corpus,data/Target_Materials/HEUSLER_KAPPA_TRAINING_SET.csv,,93307.0,,,
BaAgSb,2.371081739055648,W/m/K,305.6754,"experimental, Wiedemann-Franz: kappa_total - L*T/rho (Kim2015 L(S=153uV/K))",0,experimental,1.0,wf_subtracted,7.13,216.0,F-43m,half Heusler (C1_b / MgAgAs),CAB,,,B,conventional,Starrydata (experimental),10.1007/s40843-020-1640-2,https://doi.org/10.1007/s40843-020-1640-2,Starrydata all_curves.csv (release 'latest'),repository mining,https://github.com/AMRL-2018/MachineLearning_Half_Heusler/blob/master/data/halfHeusler.csv,"alatt column (AFLOW T0003 half-Heusler relaxed lattice constant, same table as kappa)",AMRL-2018/MachineLearning_Half_Heusler data/halfHeusler.csv | AFLOW Ag1Ba1Sb1.T0003.CAB,True,stoichiometric,BaAgSb,D1,removed,derived (WF / total-minus-kappa_e) copy of a sample whose published kappa_L curve is in the corpus,data/Target_Materials/HEUSLER_KAPPA_TRAINING_SET.csv,,45742.0,,,
BaAgSb,1.9951201710847848,W/m/K,377.185,"experimental, Wiedemann-Franz: kappa_total - L*T/rho (Kim2015 L(S=176uV/K))",0,experimental,1.0,wf_subtracted,7.13,216.0,F-43m,half Heusler (C1_b / MgAgAs),CAB,,,B,conventional,Starrydata (experimental),10.1007/s40843-020-1640-2,https://doi.org/10.1007/s40843-020-1640-2,Starrydata all_curves.csv (release 'latest'),repository mining,https://github.com/AMRL-2018/MachineLearning_Half_Heusler/blob/master/data/halfHeusler.csv,"alatt column (AFLOW T0003 half-Heusler relaxed lattice constant, same table as kappa)",AMRL-2018/MachineLearning_Half_Heusler data/halfHeusler.csv | AFLOW Ag1Ba1Sb1.T0003.CAB,True,stoichiometric,BaAgSb,D1,removed,derived (WF / total-minus-kappa_e) copy of a sample whose published kappa_L curve is in the corpus,data/Target_Materials/HEUSLER_KAPPA_TRAINING_SET.csv,,45742.0,,,
BaAgSb,1.626778027527188,W/m/K,482.7469,"experimental, Wiedemann-Franz: kappa_total - L*T/rho (Kim2015 L(S=208uV/K))",0,experimental,1.0,wf_subtracted,7.13,216.0,F-43m,half Heusler (C1_b / MgAgAs),CAB,,,B,conventional,Starrydata (experimental),10.1007/s40843-020-1640-2,https://doi.org/10.1007/s40843-020-1640-2,Starrydata all_curves.csv (release 'latest'),repository mining,https://github.com/AMRL-2018/MachineLearning_Half_Heusler/blob/master/data/halfHeusler.csv,"alatt column (AFLOW T0003 half-Heusler relaxed lattice constant, same table as kappa)",AMRL-2018/MachineLearning_Half_Heusler data/halfHeusler.csv | AFLOW Ag1Ba1Sb1.T0003.CAB,True,stoichiometric,BaAgSb,D1,removed,derived (WF / total-minus-kappa_e) copy of a sample whose published kappa_L curve is in the corpus,data/Target_Materials/HEUSLER_KAPPA_TRAINING_SET.csv,,45742.0,,,
BaAgSb,1.276835166418841,W/m/K,583.7684,"experimental, Wiedemann-Franz: kappa_total - L*T/rho (Kim2015 L(S=207uV/K))",0,experimental,1.0,wf_subtracted,7.13,216.0,F-43m,half Heusler (C1_b / MgAgAs),CAB,,,B,conventional,Starrydata (experimental),10.1007/s40843-020-1640-2,https://doi.org/10.1007/s40843-020-1640-2,Starrydata all_curves.csv (release 'latest'),repository mining,https://github.com/AMRL-2018/MachineLearning_Half_Heusler/blob/master/data/halfHeusler.csv,"alatt column (AFLOW T0003 half-Heusler relaxed lattice constant, same table as kappa)",AMRL-2018/MachineLearning_Half_Heusler data/halfHeusler.csv | AFLOW Ag1Ba1Sb1.T0003.CAB,True,stoichiometric,BaAgSb,D1,removed,derived (WF / total-minus-kappa_e) copy of a sample whose published kappa_L curve is in the corpus,data/Target_Materials/HEUSLER_KAPPA_TRAINING_SET.csv,,45742.0,,,
BaAgSb,1.032212078573576,W/m/K,633.7117,"experimental, Wiedemann-Franz: kappa_total - L*T/rho (Kim2015 L(S=157uV/K))",0,experimental,1.0,wf_subtracted,7.13,216.0,F-43m,half Heusler (C1_b / MgAgAs),CAB,,,B,conventional,Starrydata (experimental),10.1007/s40843-020-1640-2,https://doi.org/10.1007/s40843-020-1640-2,Starrydata all_curves.csv (release 'latest'),repository mining,https://github.com/AMRL-2018/MachineLearning_Half_Heusler/blob/master/data/halfHeusler.csv,"alatt column (AFLOW T0003 half-Heusler relaxed lattice constant, same table as kappa)",AMRL-2018/MachineLearning_Half_Heusler data/halfHeusler.csv | AFLOW Ag1Ba1Sb1.T0003.CAB,True,stoichiometric,BaAgSb,D1,removed,derived (WF / total-minus-kappa_e) copy of a sample whose published kappa_L curve is in the corpus,data/Target_Materials/HEUSLER_KAPPA_TRAINING_SET.csv,,45742.0,,,
BaAgSb,0.7508755688473302,W/m/K,687.0602,"experimental, Wiedemann-Franz: kappa_total - L*T/rho (Kim2015 L(S=114uV/K))",0,experimental,1.0,wf_subtracted,7.13,216.0,F-43m,half Heusler (C1_b / MgAgAs),CAB,,,B,conventional,Starrydata (experimental),10.1007/s40843-020-1640-2,https://doi.org/10.1007/s40843-020-1640-2,Starrydata all_curves.csv (release 'latest'),repository mining,https://github.com/AMRL-2018/MachineLearning_Half_Heusler/blob/master/data/halfHeusler.csv,"alatt column (AFLOW T0003 half-Heusler relaxed lattice constant, same table as kappa)",AMRL-2018/MachineLearning_Half_Heusler data/halfHeusler.csv | AFLOW Ag1Ba1Sb1.T0003.CAB,True,stoichiometric,BaAgSb,D1,removed,derived (WF / total-minus-kappa_e) copy of a sample whose published kappa_L curve is in the corpus,data/Target_Materials/HEUSLER_KAPPA_TRAINING_SET.csv,,45742.0,,,
BaAgSb,0.4997307568108395,W/m/K,739.2736,"experimental, Wiedemann-Franz: kappa_total - L*T/rho (Kim2015 L(S=103uV/K))",0,experimental,1.0,wf_subtracted,7.13,216.0,F-43m,half Heusler (C1_b / MgAgAs),CAB,,,B,conventional,Starrydata (experimental),10.1007/s40843-020-1640-2,https://doi.org/10.1007/s40843-020-1640-2,Starrydata all_curves.csv (release 'latest'),repository mining,https://github.com/AMRL-2018/MachineLearning_Half_Heusler/blob/master/data/halfHeusler.csv,"alatt column (AFLOW T0003 half-Heusler relaxed lattice constant, same table as kappa)",AMRL-2018/MachineLearning_Half_Heusler data/halfHeusler.csv | AFLOW Ag1Ba1Sb1.T0003.CAB,True,stoichiometric,BaAgSb,D1,removed,derived (WF / total-minus-kappa_e) copy of a sample whose published kappa_L curve is in the corpus,data/Target_Materials/HEUSLER_KAPPA_TRAINING_SET.csv,,45742.0,,,
BaAgSb,0.2496898368610933,W/m/K,786.9467,"experimental, Wiedemann-Franz: kappa_total - L*T/rho (Kim2015 L(S=90uV/K))",0,experimental,1.0,wf_subtracted,7.13,216.0,F-43m,half Heusler (C1_b / MgAgAs),CAB,,,B,conventional,Starrydata (experimental),10.1007/s40843-020-1640-2,https://doi.org/10.1007/s40843-020-1640-2,Starrydata all_curves.csv (release 'latest'),repository mining,https://github.com/AMRL-2018/MachineLearning_Half_Heusler/blob/master/data/halfHeusler.csv,"alatt column (AFLOW T0003 half-Heusler relaxed lattice constant, same table as kappa)",AMRL-2018/MachineLearning_Half_Heusler data/halfHeusler.csv | AFLOW Ag1Ba1Sb1.T0003.CAB,True,stoichiometric,BaAgSb,D1,removed,derived (WF / total-minus-kappa_e) copy of a sample whose published kappa_L curve is in the corpus,data/Target_Materials/HEUSLER_KAPPA_TRAINING_SET.csv,,45742.0,,,
HfNiSn,4.905122189590802,W/m/K,308.7758,"experimental, Wiedemann-Franz: kappa_total - L*T/rho (Kim2015 L(S=132uV/K))",0,experimental,1.0,wf_subtracted,6.12,216.0,F-43m,C1b,Hf/Sn/Ni,"[""Hf"", ""Sn"", ""Ni""]","[[0, 0, 0], [0.5, 0.5, 0.5], [0.25, 0.25, 0.25]]",A,conventional,Starrydata (experimental),10.1007/s11664-009-1032-8,https://doi.org/10.1007/s11664-009-1032-8,Starrydata all_curves.csv (release 'latest'),Sci.Rep. 11:13809 (2021) Table S1,https://www.nature.com/articles/s41598-021-92030-4#MOESM1,"Table S1 (DFT-optimized lattice parameter + lowest-energy site assignment), same table as kappa",mp-924128,True,stoichiometric,HfNiSn,D1,removed,derived (WF / total-minus-kappa_e) copy of a sample whose published kappa_L curve is in the corpus,data/Target_Materials/HEUSLER_KAPPA_TRAINING_SET.csv,,1282.0,,,
HfNiSn,5.466132423800682,W/m/K,309.6152,"experimental, Wiedemann-Franz: kappa_total - L*T/rho (Kim2015 L(S=181uV/K))",0,experimental,1.0,wf_subtracted,6.12,216.0,F-43m,C1b,Hf/Sn/Ni,"[""Hf"", ""Sn"", ""Ni""]","[[0, 0, 0], [0.5, 0.5, 0.5], [0.25, 0.25, 0.25]]",A,conventional,Starrydata (experimental),10.1007/s11664-009-1032-8,https://doi.org/10.1007/s11664-009-1032-8,Starrydata all_curves.csv (release 'latest'),Sci.Rep. 11:13809 (2021) Table S1,https://www.nature.com/articles/s41598-021-92030-4#MOESM1,"Table S1 (DFT-optimized lattice parameter + lowest-energy site assignment), same table as kappa",mp-924128,True,stoichiometric,HfNiSn,D1,removed,derived (WF / total-minus-kappa_e) copy of a sample whose published kappa_L curve is in the corpus,data/Target_Materials/HEUSLER_KAPPA_TRAINING_SET.csv,,1278.0,,,
HfNiSn,4.969748768200431,W/m/K,365.373,"experimental, Wiedemann-Franz: kappa_total - L*T/rho (Kim2015 L(S=205uV/K))",0,experimental,1.0,wf_subtracted,6.12,216.0,F-43m,C1b,Hf/Sn/Ni,"[""Hf"", ""Sn"", ""Ni""]","[[0, 0, 0], [0.5, 0.5, 0.5], [0.25, 0.25, 0.25]]",A,conventional,Starrydata (experimental),10.1007/s11664-009-1032-8,https://doi.org/10.1007/s11664-009-1032-8,Starrydata all_curves.csv (release 'latest'),Sci.Rep. 11:13809 (2021) Table S1,https://www.nature.com/articles/s41598-021-92030-4#MOESM1,"Table S1 (DFT-optimized lattice parameter + lowest-energy site assignment), same table as kappa",mp-924128,True,stoichiometric,HfNiSn,D1,removed,derived (WF / total-minus-kappa_e) copy of a sample whose published kappa_L curve is in the corpus,data/Target_Materials/HEUSLER_KAPPA_TRAINING_SET.csv,,1278.0,,,
HfNiSn,4.43427788386642,W/m/K,378.7529,"experimental, Wiedemann-Franz: kappa_total - L*T/rho (Kim2015 L(S=163uV/K))",0,experimental,1.0,wf_subtracted,6.12,216.0,F-43m,C1b,Hf/Sn/Ni,"[""Hf"", ""Sn"", ""Ni""]","[[0, 0, 0], [0.5, 0.5, 0.5], [0.25, 0.25, 0.25]]",A,conventional,Starrydata (experimental),10.1007/s11664-009-1032-8,https://doi.org/10.1007/s11664-009-1032-8,Starrydata all_curves.csv (release 'latest'),Sci.Rep. 11:13809 (2021) Table S1,https://www.nature.com/articles/s41598-021-92030-4#MOESM1,"Table S1 (DFT-optimized lattice parameter + lowest-energy site assignment), same table as kappa",mp-924128,True,stoichiometric,HfNiSn,D1,removed,derived (WF / total-minus-kappa_e) copy of a sample whose published kappa_L curve is in the corpus,data/Target_Materials/HEUSLER_KAPPA_TRAINING_SET.csv,,1282.0,,,
HfNiSn,4.365064979916674,W/m/K,477.6518,"experimental, Wiedemann-Franz: kappa_total - L*T/rho (Kim2015 L(S=232uV/K))",0,experimental,1.0,wf_subtracted,6.12,216.0,F-43m,C1b,Hf/Sn/Ni,"[""Hf"", ""Sn"", ""Ni""]","[[0, 0, 0], [0.5, 0.5, 0.5], [0.25, 0.25, 0.25]]",A,conventional,Starrydata (experimental),10.1007/s11664-009-1032-8,https://doi.org/10.1007/s11664-009-1032-8,Starrydata all_curves.csv (release 'latest'),Sci.Rep. 11:13809 (2021) Table S1,https://www.nature.com/articles/s41598-021-92030-4#MOESM1,"Table S1 (DFT-optimized lattice parameter + lowest-energy site assignment), same table as kappa",mp-924128,True,stoichiometric,HfNiSn,D1,removed,derived (WF / total-minus-kappa_e) copy of a sample whose published kappa_L curve is in the corpus,data/Target_Materials/HEUSLER_KAPPA_TRAINING_SET.csv,,1278.0,,,
HfNiSn,4.017042860588078,W/m/K,480.6788,"experimental, Wiedemann-Franz: kappa_total - L*T/rho (Kim2015 L(S=194uV/K))",0,experimental,1.0,wf_subtracted,6.12,216.0,F-43m,C1b,Hf/Sn/Ni,"[""Hf"", ""Sn"", ""Ni""]","[[0, 0, 0], [0.5, 0.5, 0.5], [0.25, 0.25, 0.25]]",A,conventional,Starrydata (experimental),10.1007/s11664-009-1032-8,https://doi.org/10.1007/s11664-009-1032-8,Starrydata all_curves.csv (release 'latest'),Sci.Rep. 11:13809 (2021) Table S1,https://www.nature.com/articles/s41598-021-92030-4#MOESM1,"Table S1 (DFT-optimized lattice parameter + lowest-energy site assignment), same table as kappa",mp-924128,True,stoichiometric,HfNiSn,D1,removed,derived (WF / total-minus-kappa_e) copy of a sample whose published kappa_L curve is in the corpus,data/Target_Materials/HEUSLER_KAPPA_TRAINING_SET.csv,,1282.0,,,
HfNiSn,4.020155458373132,W/m/K,572.6843,"experimental, Wiedemann-Franz: kappa_total - L*T/rho (Kim2015 L(S=236uV/K))",0,experimental,1.0,wf_subtracted,6.12,216.0,F-43m,C1b,Hf/Sn/Ni,"[""Hf"", ""Sn"", ""Ni""]","[[0, 0, 0], [0.5, 0.5, 0.5], [0.25, 0.25, 0.25]]",A,conventional,Starrydata (experimental),10.1007/s11664-009-1032-8,https://doi.org/10.1007/s11664-009-1032-8,Starrydata all_curves.csv (release 'latest'),Sci.Rep. 11:13809 (2021) Table S1,https://www.nature.com/articles/s41598-021-92030-4#MOESM1,"Table S1 (DFT-optimized lattice parameter + lowest-energy site assignment), same table as kappa",mp-924128,True,stoichiometric,HfNiSn,D1,removed,derived (WF / total-minus-kappa_e) copy of a sample whose published kappa_L curve is in the corpus,data/Target_Materials/HEUSLER_KAPPA_TRAINING_SET.csv,,1278.0,,,
HfNiSn,3.7722478547807534,W/m/K,575.8894,"experimental, Wiedemann-Franz: kappa_total - L*T/rho (Kim2015 L(S=209uV/K))",0,experimental,1.0,wf_subtracted,6.12,216.0,F-43m,C1b,Hf/Sn/Ni,"[""Hf"", ""Sn"", ""Ni""]","[[0, 0, 0], [0.5, 0.5, 0.5], [0.25, 0.25, 0.25]]",A,conventional,Starrydata (experimental),10.1007/s11664-009-1032-8,https://doi.org/10.1007/s11664-009-1032-8,Starrydata all_curves.csv (release 'latest'),Sci.Rep. 11:13809 (2021) Table S1,https://www.nature.com/articles/s41598-021-92030-4#MOESM1,"Table S1 (DFT-optimized lattice parameter + lowest-energy site assignment), same table as kappa",mp-924128,True,stoichiometric,HfNiSn,D1,removed,derived (WF / total-minus-kappa_e) copy of a sample whose published kappa_L curve is in the corpus,data/Target_Materials/HEUSLER_KAPPA_TRAINING_SET.csv,,1282.0,,,
HfNiSn,3.892821866296859,W/m/K,664.639,"experimental, Wiedemann-Franz: kappa_total - L*T/rho (Kim2015 L(S=225uV/K))",0,experimental,1.0,wf_subtracted,6.12,216.0,F-43m,C1b,Hf/Sn/Ni,"[""Hf"", ""Sn"", ""Ni""]","[[0, 0, 0], [0.5, 0.5, 0.5], [0.25, 0.25, 0.25]]",A,conventional,Starrydata (experimental),10.1007/s11664-009-1032-8,https://doi.org/10.1007/s11664-009-1032-8,Starrydata all_curves.csv (release 'latest'),Sci.Rep. 11:13809 (2021) Table S1,https://www.nature.com/articles/s41598-021-92030-4#MOESM1,"Table S1 (DFT-optimized lattice parameter + lowest-energy site assignment), same table as kappa",mp-924128,True,stoichiometric,HfNiSn,D1,removed,derived (WF / total-minus-kappa_e) copy of a sample whose published kappa_L curve is in the corpus,data/Target_Materials/HEUSLER_KAPPA_TRAINING_SET.csv,,1278.0,,,
HfNiSn,3.59797417932496,W/m/K,678.3495,"experimental, Wiedemann-Franz: kappa_total - L*T/rho (Kim2015 L(S=209uV/K))",0,experimental,1.0,wf_subtracted,6.12,216.0,F-43m,C1b,Hf/Sn/Ni,"[""Hf"", ""Sn"", ""Ni""]","[[0, 0, 0], [0.5, 0.5, 0.5], [0.25, 0.25, 0.25]]",A,conventional,Starrydata (experimental),10.1007/s11664-009-1032-8,https://doi.org/10.1007/s11664-009-1032-8,Starrydata all_curves.csv (release 'latest'),Sci.Rep. 11:13809 (2021) Table S1,https://www.nature.com/articles/s41598-021-92030-4#MOESM1,"Table S1 (DFT-optimized lattice parameter + lowest-energy site assignment), same table as kappa",mp-924128,True,stoichiometric,HfNiSn,D1,removed,derived (WF / total-minus-kappa_e) copy of a sample whose published kappa_L curve is in the corpus,data/Target_Materials/HEUSLER_KAPPA_TRAINING_SET.csv,,1282.0,,,
HfNiSn,3.8016421201408015,W/m/K,774.5013,"experimental, Wiedemann-Franz: kappa_total - L*T/rho (Kim2015 L(S=205uV/K))",0,experimental,1.0,wf_subtracted,6.12,216.0,F-43m,C1b,Hf/Sn/Ni,"[""Hf"", ""Sn"", ""Ni""]","[[0, 0, 0], [0.5, 0.5, 0.5], [0.25, 0.25, 0.25]]",A,conventional,Starrydata (experimental),10.1007/s11664-009-1032-8,https://doi.org/10.1007/s11664-009-1032-8,Starrydata all_curves.csv (release 'latest'),Sci.Rep. 11:13809 (2021) Table S1,https://www.nature.com/articles/s41598-021-92030-4#MOESM1,"Table S1 (DFT-optimized lattice parameter + lowest-energy site assignment), same table as kappa",mp-924128,True,stoichiometric,HfNiSn,D1,removed,derived (WF / total-minus-kappa_e) copy of a sample whose published kappa_L curve is in the corpus,data/Target_Materials/HEUSLER_KAPPA_TRAINING_SET.csv,,1278.0,,,
HfNiSn,3.5727431878760765,W/m/K,781.2166,"experimental, Wiedemann-Franz: kappa_total - L*T/rho (Kim2015 L(S=190uV/K))",0,experimental,1.0,wf_subtracted,6.12,216.0,F-43m,C1b,Hf/Sn/Ni,"[""Hf"", ""Sn"", ""Ni""]","[[0, 0, 0], [0.5, 0.5, 0.5], [0.25, 0.25, 0.25]]",A,conventional,Starrydata (experimental),10.1007/s11664-009-1032-8,https://doi.org/10.1007/s11664-009-1032-8,Starrydata all_curves.csv (release 'latest'),Sci.Rep. 11:13809 (2021) Table S1,https://www.nature.com/articles/s41598-021-92030-4#MOESM1,"Table S1 (DFT-optimized lattice parameter + lowest-energy site assignment), same table as kappa",mp-924128,True,stoichiometric,HfNiSn,D1,removed,derived (WF / total-minus-kappa_e) copy of a sample whose published kappa_L curve is in the corpus,data/Target_Materials/HEUSLER_KAPPA_TRAINING_SET.csv,,1282.0,,,
HfNiSn,3.641644404549983,W/m/K,877.2412,"experimental, Wiedemann-Franz: kappa_total - L*T/rho (Kim2015 L(S=161uV/K))",0,experimental,1.0,wf_subtracted,6.12,216.0,F-43m,C1b,Hf/Sn/Ni,"[""Hf"", ""Sn"", ""Ni""]","[[0, 0, 0], [0.5, 0.5, 0.5], [0.25, 0.25, 0.25]]",A,conventional,Starrydata (experimental),10.1007/s11664-009-1032-8,https://doi.org/10.1007/s11664-009-1032-8,Starrydata all_curves.csv (release 'latest'),Sci.Rep. 11:13809 (2021) Table S1,https://www.nature.com/articles/s41598-021-92030-4#MOESM1,"Table S1 (DFT-optimized lattice parameter + lowest-energy site assignment), same table as kappa",mp-924128,True,stoichiometric,HfNiSn,D1,removed,derived (WF / total-minus-kappa_e) copy of a sample whose published kappa_L curve is in the corpus,data/Target_Materials/HEUSLER_KAPPA_TRAINING_SET.csv,,1282.0,,,
HfNiSn,3.890464531426157,W/m/K,881.2093,"experimental, Wiedemann-Franz: kappa_total - L*T/rho (Kim2015 L(S=177uV/K))",0,experimental,1.0,wf_subtracted,6.12,216.0,F-43m,C1b,Hf/Sn/Ni,"[""Hf"", ""Sn"", ""Ni""]","[[0, 0, 0], [0.5, 0.5, 0.5], [0.25, 0.25, 0.25]]",A,conventional,Starrydata (experimental),10.1007/s11664-009-1032-8,https://doi.org/10.1007/s11664-009-1032-8,Starrydata all_curves.csv (release 'latest'),Sci.Rep. 11:13809 (2021) Table S1,https://www.nature.com/articles/s41598-021-92030-4#MOESM1,"Table S1 (DFT-optimized lattice parameter + lowest-energy site assignment), same table as kappa",mp-924128,True,stoichiometric,HfNiSn,D1,removed,derived (WF / total-minus-kappa_e) copy of a sample whose published kappa_L curve is in the corpus,data/Target_Materials/HEUSLER_KAPPA_TRAINING_SET.csv,,1278.0,,,
Li2ZnGe,2.40780985366854,W/m/K,270.6538,"experimental, Wiedemann-Franz: kappa_total - L*T/rho (Kim2015 L(S=51uV/K))",0,experimental,1.0,wf_subtracted,6.06693,216.0,F-43m,inverse_Heusler_XA,,"[""Li"", ""Li"", ""Zn"", ""Ge""]","[[0.25, 0.25, 0.25], [0.0, 0.0, 0.0], [0.75, 0.75, 0.75], [0.5, 0.5, 0.5]]",A,conventional,Starrydata (experimental),10.1016/j.jallcom.2017.12.211,https://doi.org/10.1016/j.jallcom.2017.12.211,Starrydata all_curves.csv (release 'latest'),Materials Project,https://next-gen.materialsproject.org/materials/mp-12411,"Materials Project (OPTIMADE, keyless)",mp-12411,False,stoichiometric,Li2ZnGe,D1,removed,derived (WF / total-minus-kappa_e) copy of a sample whose published kappa_L curve is in the corpus,data/Target_Materials/HEUSLER_KAPPA_TRAINING_SET.csv,,39009.0,,,
Li2ZnGe,1.7493641705207563,W/m/K,362.1288,"experimental, Wiedemann-Franz: kappa_total - L*T/rho (Kim2015 L(S=68uV/K))",0,experimental,1.0,wf_subtracted,6.06693,216.0,F-43m,inverse_Heusler_XA,,"[""Li"", ""Li"", ""Zn"", ""Ge""]","[[0.25, 0.25, 0.25], [0.0, 0.0, 0.0], [0.75, 0.75, 0.75], [0.5, 0.5, 0.5]]",A,conventional,Starrydata (experimental),10.1016/j.jallcom.2017.12.211,https://doi.org/10.1016/j.jallcom.2017.12.211,Starrydata all_curves.csv (release 'latest'),Materials Project,https://next-gen.materialsproject.org/materials/mp-12411,"Materials Project (OPTIMADE, keyless)",mp-12411,False,stoichiometric,Li2ZnGe,D1,removed,derived (WF / total-minus-kappa_e) copy of a sample whose published kappa_L curve is in the corpus,data/Target_Materials/HEUSLER_KAPPA_TRAINING_SET.csv,,39009.0,,,
Li2ZnGe,1.408497791131778,W/m/K,453.6038,"experimental, Wiedemann-Franz: kappa_total - L*T/rho (Kim2015 L(S=84uV/K))",0,experimental,1.0,wf_subtracted,6.06693,216.0,F-43m,inverse_Heusler_XA,,"[""Li"", ""Li"", ""Zn"", ""Ge""]","[[0.25, 0.25, 0.25], [0.0, 0.0, 0.0], [0.75, 0.75, 0.75], [0.5, 0.5, 0.5]]",A,conventional,Starrydata (experimental),10.1016/j.jallcom.2017.12.211,https://doi.org/10.1016/j.jallcom.2017.12.211,Starrydata all_curves.csv (release 'latest'),Materials Project,https://next-gen.materialsproject.org/materials/mp-12411,"Materials Project (OPTIMADE, keyless)",mp-12411,False,stoichiometric,Li2ZnGe,D1,removed,derived (WF / total-minus-kappa_e) copy of a sample whose published kappa_L curve is in the corpus,data/Target_Materials/HEUSLER_KAPPA_TRAINING_SET.csv,,39009.0,,,
Li2ZnGe,1.2346711731467988,W/m/K,546.838,"experimental, Wiedemann-Franz: kappa_total - L*T/rho (Kim2015 L(S=98uV/K))",0,experimental,1.0,wf_subtracted,6.06693,216.0,F-43m,inverse_Heusler_XA,,"[""Li"", ""Li"", ""Zn"", ""Ge""]","[[0.25, 0.25, 0.25], [0.0, 0.0, 0.0], [0.75, 0.75, 0.75], [0.5, 0.5, 0.5]]",A,conventional,Starrydata (experimental),10.1016/j.jallcom.2017.12.211,https://doi.org/10.1016/j.jallcom.2017.12.211,Starrydata all_curves.csv (release 'latest'),Materials Project,https://next-gen.materialsproject.org/materials/mp-12411,"Materials Project (OPTIMADE, keyless)",mp-12411,False,stoichiometric,Li2ZnGe,D1,removed,derived (WF / total-minus-kappa_e) copy of a sample whose published kappa_L curve is in the corpus,data/Target_Materials/HEUSLER_KAPPA_TRAINING_SET.csv,,39009.0,,,
Li2ZnGe,1.306350155069063,W/m/K,640.0721,"experimental, Wiedemann-Franz: kappa_total - L*T/rho (Kim2015 L(S=111uV/K))",0,experimental,1.0,wf_subtracted,6.06693,216.0,F-43m,inverse_Heusler_XA,,"[""Li"", ""Li"", ""Zn"", ""Ge""]","[[0.25, 0.25, 0.25], [0.0, 0.0, 0.0], [0.75, 0.75, 0.75], [0.5, 0.5, 0.5]]",A,conventional,Starrydata (experimental),10.1016/j.jallcom.2017.12.211,https://doi.org/10.1016/j.jallcom.2017.12.211,Starrydata all_curves.csv (release 'latest'),Materials Project,https://next-gen.materialsproject.org/materials/mp-12411,"Materials Project (OPTIMADE, keyless)",mp-12411,False,stoichiometric,Li2ZnGe,D1,removed,derived (WF / total-minus-kappa_e) copy of a sample whose published kappa_L curve is in the corpus,data/Target_Materials/HEUSLER_KAPPA_TRAINING_SET.csv,,39009.0,,,
Li2ZnGe,1.4105001275983544,W/m/K,731.5472,"experimental, Wiedemann-Franz: kappa_total - L*T/rho (Kim2015 L(S=122uV/K))",0,experimental,1.0,wf_subtracted,6.06693,216.0,F-43m,inverse_Heusler_XA,,"[""Li"", ""Li"", ""Zn"", ""Ge""]","[[0.25, 0.25, 0.25], [0.0, 0.0, 0.0], [0.75, 0.75, 0.75], [0.5, 0.5, 0.5]]",A,conventional,Starrydata (experimental),10.1016/j.jallcom.2017.12.211,https://doi.org/10.1016/j.jallcom.2017.12.211,Starrydata all_curves.csv (release 'latest'),Materials Project,https://next-gen.materialsproject.org/materials/mp-12411,"Materials Project (OPTIMADE, keyless)",mp-12411,False,stoichiometric,Li2ZnGe,D1,removed,derived (WF / total-minus-kappa_e) copy of a sample whose published kappa_L curve is in the corpus,data/Target_Materials/HEUSLER_KAPPA_TRAINING_SET.csv,,39009.0,,,
Li2ZnGe,1.6363098627726038,W/m/K,823.0222,"experimental, Wiedemann-Franz: kappa_total - L*T/rho (Kim2015 L(S=131uV/K))",0,experimental,1.0,wf_subtracted,6.06693,216.0,F-43m,inverse_Heusler_XA,,"[""Li"", ""Li"", ""Zn"", ""Ge""]","[[0.25, 0.25, 0.25], [0.0, 0.0, 0.0], [0.75, 0.75, 0.75], [0.5, 0.5, 0.5]]",A,conventional,Starrydata (experimental),10.1016/j.jallcom.2017.12.211,https://doi.org/10.1016/j.jallcom.2017.12.211,Starrydata all_curves.csv (release 'latest'),Materials Project,https://next-gen.materialsproject.org/materials/mp-12411,"Materials Project (OPTIMADE, keyless)",mp-12411,False,stoichiometric,Li2ZnGe,D1,removed,derived (WF / total-minus-kappa_e) copy of a sample whose published kappa_L curve is in the corpus,data/Target_Materials/HEUSLER_KAPPA_TRAINING_SET.csv,,39009.0,,,
Li2ZnGe,1.9168755821021428,W/m/K,914.4972,"experimental, Wiedemann-Franz: kappa_total - L*T/rho (Kim2015 L(S=138uV/K))",0,experimental,1.0,wf_subtracted,6.06693,216.0,F-43m,inverse_Heusler_XA,,"[""Li"", ""Li"", ""Zn"", ""Ge""]","[[0.25, 0.25, 0.25], [0.0, 0.0, 0.0], [0.75, 0.75, 0.75], [0.5, 0.5, 0.5]]",A,conventional,Starrydata (experimental),10.1016/j.jallcom.2017.12.211,https://doi.org/10.1016/j.jallcom.2017.12.211,Starrydata all_curves.csv (release 'latest'),Materials Project,https://next-gen.materialsproject.org/materials/mp-12411,"Materials Project (OPTIMADE, keyless)",mp-12411,False,stoichiometric,Li2ZnGe,D1,removed,derived (WF / total-minus-kappa_e) copy of a sample whose published kappa_L curve is in the corpus,data/Target_Materials/HEUSLER_KAPPA_TRAINING_SET.csv,,39009.0,,,
Li2ZnGe,2.2985947677202767,W/m/K,1009.49,"experimental, Wiedemann-Franz: kappa_total - L*T/rho (Kim2015 L(S=144uV/K))",0,experimental,1.0,wf_subtracted,6.06693,216.0,F-43m,inverse_Heusler_XA,,"[""Li"", ""Li"", ""Zn"", ""Ge""]","[[0.25, 0.25, 0.25], [0.0, 0.0, 0.0], [0.75, 0.75, 0.75], [0.5, 0.5, 0.5]]",A,conventional,Starrydata (experimental),10.1016/j.jallcom.2017.12.211,https://doi.org/10.1016/j.jallcom.2017.12.211,Starrydata all_curves.csv (release 'latest'),Materials Project,https://next-gen.materialsproject.org/materials/mp-12411,"Materials Project (OPTIMADE, keyless)",mp-12411,False,stoichiometric,Li2ZnGe,D1,removed,derived (WF / total-minus-kappa_e) copy of a sample whose published kappa_L curve is in the corpus,data/Target_Materials/HEUSLER_KAPPA_TRAINING_SET.csv,,39009.0,,,
Li2ZnGe,2.722412336834989,W/m/K,1100.965,"experimental, Wiedemann-Franz: kappa_total - L*T/rho (Kim2015 L(S=148uV/K))",0,experimental,1.0,wf_subtracted,6.06693,216.0,F-43m,inverse_Heusler_XA,,"[""Li"", ""Li"", ""Zn"", ""Ge""]","[[0.25, 0.25, 0.25], [0.0, 0.0, 0.0], [0.75, 0.75, 0.75], [0.5, 0.5, 0.5]]",A,conventional,Starrydata (experimental),10.1016/j.jallcom.2017.12.211,https://doi.org/10.1016/j.jallcom.2017.12.211,Starrydata all_curves.csv (release 'latest'),Materials Project,https://next-gen.materialsproject.org/materials/mp-12411,"Materials Project (OPTIMADE, keyless)",mp-12411,False,stoichiometric,Li2ZnGe,D1,removed,derived (WF / total-minus-kappa_e) copy of a sample whose published kappa_L curve is in the corpus,data/Target_Materials/HEUSLER_KAPPA_TRAINING_SET.csv,,39009.0,,,
Li2ZnGe,2.8649500437546727,W/m/K,1190.681,"experimental, Wiedemann-Franz: kappa_total - L*T/rho (Kim2015 L(S=151uV/K))",0,experimental,1.0,wf_subtracted,6.06693,216.0,F-43m,inverse_Heusler_XA,,"[""Li"", ""Li"", ""Zn"", ""Ge""]","[[0.25, 0.25, 0.25], [0.0, 0.0, 0.0], [0.75, 0.75, 0.75], [0.5, 0.5, 0.5]]",A,conventional,Starrydata (experimental),10.1016/j.jallcom.2017.12.211,https://doi.org/10.1016/j.jallcom.2017.12.211,Starrydata all_curves.csv (release 'latest'),Materials Project,https://next-gen.materialsproject.org/materials/mp-12411,"Materials Project (OPTIMADE, keyless)",mp-12411,False,stoichiometric,Li2ZnGe,D1,removed,derived (WF / total-minus-kappa_e) copy of a sample whose published kappa_L curve is in the corpus,data/Target_Materials/HEUSLER_KAPPA_TRAINING_SET.csv,,39009.0,,,
NbCoSb,4.736857288759476,W/m/K,296.286,"experimental, Wiedemann-Franz: kappa_total - L*T/rho (Kim2015 L(S=47uV/K))",0,experimental,1.0,wf_subtracted,5.98,216.0,F-43m,half Heusler (C1_b / MgAgAs),,,,C,conventional,Starrydata (experimental),10.3390/ma11050773,https://doi.org/10.3390/ma11050773,Starrydata all_curves.csv (release 'latest'),repository mining,https://github.com/KU-Yifan/PGEC-descriptor-TE-design/blob/main/results/lorenz_number/final_processed_with_kappaL.csv,"Materials Project mp-31460 (NbCoSb, F-43m, a_prim=4.2319 -> a_conv=5.984)","KU-Yifan/PGEC-descriptor-TE-design final_processed_with_kappaL.csv | sample_id=12659 | reported composition=""NbCoSb""",True,stoichiometric,NbCoSb,D1,removed,derived (WF / total-minus-kappa_e) copy of a sample whose published kappa_L curve is in the corpus,data/Target_Materials/HEUSLER_KAPPA_TRAINING_SET.csv,,12659.0,,,
NbCoSb,4.0592566349956165,W/m/K,371.6078,"experimental, Wiedemann-Franz: kappa_total - L*T/rho (Kim2015 L(S=59uV/K))",0,experimental,1.0,wf_subtracted,5.98,216.0,F-43m,half Heusler (C1_b / MgAgAs),,,,C,conventional,Starrydata (experimental),10.3390/ma11050773,https://doi.org/10.3390/ma11050773,Starrydata all_curves.csv (release 'latest'),repository mining,https://github.com/KU-Yifan/PGEC-descriptor-TE-design/blob/main/results/lorenz_number/final_processed_with_kappaL.csv,"Materials Project mp-31460 (NbCoSb, F-43m, a_prim=4.2319 -> a_conv=5.984)","KU-Yifan/PGEC-descriptor-TE-design final_processed_with_kappaL.csv | sample_id=12659 | reported composition=""NbCoSb""",True,stoichiometric,NbCoSb,D1,removed,derived (WF / total-minus-kappa_e) copy of a sample whose published kappa_L curve is in the corpus,data/Target_Materials/HEUSLER_KAPPA_TRAINING_SET.csv,,12659.0,,,
NbCoSb,3.501692078181184,W/m/K,470.7107,"experimental, Wiedemann-Franz: kappa_total - L*T/rho (Kim2015 L(S=73uV/K))",0,experimental,1.0,wf_subtracted,5.98,216.0,F-43m,half Heusler (C1_b / MgAgAs),,,,C,conventional,Starrydata (experimental),10.3390/ma11050773,https://doi.org/10.3390/ma11050773,Starrydata all_curves.csv (release 'latest'),repository mining,https://github.com/KU-Yifan/PGEC-descriptor-TE-design/blob/main/results/lorenz_number/final_processed_with_kappaL.csv,"Materials Project mp-31460 (NbCoSb, F-43m, a_prim=4.2319 -> a_conv=5.984)","KU-Yifan/PGEC-descriptor-TE-design final_processed_with_kappaL.csv | sample_id=12659 | reported composition=""NbCoSb""",True,stoichiometric,NbCoSb,D1,removed,derived (WF / total-minus-kappa_e) copy of a sample whose published kappa_L curve is in the corpus,data/Target_Materials/HEUSLER_KAPPA_TRAINING_SET.csv,,12659.0,,,
NbCoSb,3.206705451333778,W/m/K,570.8525,"experimental, Wiedemann-Franz: kappa_total - L*T/rho (Kim2015 L(S=85uV/K))",0,experimental,1.0,wf_subtracted,5.98,216.0,F-43m,half Heusler (C1_b / MgAgAs),,,,C,conventional,Starrydata (experimental),10.3390/ma11050773,https://doi.org/10.3390/ma11050773,Starrydata all_curves.csv (release 'latest'),repository mining,https://github.com/KU-Yifan/PGEC-descriptor-TE-design/blob/main/results/lorenz_number/final_processed_with_kappaL.csv,"Materials Project mp-31460 (NbCoSb, F-43m, a_prim=4.2319 -> a_conv=5.984)","KU-Yifan/PGEC-descriptor-TE-design final_processed_with_kappaL.csv | sample_id=12659 | reported composition=""NbCoSb""",True,stoichiometric,NbCoSb,D1,removed,derived (WF / total-minus-kappa_e) copy of a sample whose published kappa_L curve is in the corpus,data/Target_Materials/HEUSLER_KAPPA_TRAINING_SET.csv,,12659.0,,,
NbCoSb,2.9978716969008388,W/m/K,670.9555,"experimental, Wiedemann-Franz: kappa_total - L*T/rho (Kim2015 L(S=98uV/K))",0,experimental,1.0,wf_subtracted,5.98,216.0,F-43m,half Heusler (C1_b / MgAgAs),,,,C,conventional,Starrydata (experimental),10.3390/ma11050773,https://doi.org/10.3390/ma11050773,Starrydata all_curves.csv (release 'latest'),repository mining,https://github.com/KU-Yifan/PGEC-descriptor-TE-design/blob/main/results/lorenz_number/final_processed_with_kappaL.csv,"Materials Project mp-31460 (NbCoSb, F-43m, a_prim=4.2319 -> a_conv=5.984)","KU-Yifan/PGEC-descriptor-TE-design final_processed_with_kappaL.csv | sample_id=12659 | reported composition=""NbCoSb""",True,stoichiometric,NbCoSb,D1,removed,derived (WF / total-minus-kappa_e) copy of a sample whose published kappa_L curve is in the corpus,data/Target_Materials/HEUSLER_KAPPA_TRAINING_SET.csv,,12659.0,,,
NbCoSb,2.7412825036166515,W/m/K,771.073,"experimental, Wiedemann-Franz: kappa_total - L*T/rho (Kim2015 L(S=109uV/K))",0,experimental,1.0,wf_subtracted,5.98,216.0,F-43m,half Heusler (C1_b / MgAgAs),,,,C,conventional,Starrydata (experimental),10.3390/ma11050773,https://doi.org/10.3390/ma11050773,Starrydata all_curves.csv (release 'latest'),repository mining,https://github.com/KU-Yifan/PGEC-descriptor-TE-design/blob/main/results/lorenz_number/final_processed_with_kappaL.csv,"Materials Project mp-31460 (NbCoSb, F-43m, a_prim=4.2319 -> a_conv=5.984)","KU-Yifan/PGEC-descriptor-TE-design final_processed_with_kappaL.csv | sample_id=12659 | reported composition=""NbCoSb""",True,stoichiometric,NbCoSb,D1,removed,derived (WF / total-minus-kappa_e) copy of a sample whose published kappa_L curve is in the corpus,data/Target_Materials/HEUSLER_KAPPA_TRAINING_SET.csv,,12659.0,,,
NbCoSb,2.472307195708996,W/m/K,872.3816,"experimental, Wiedemann-Franz: kappa_total - L*T/rho (Kim2015 L(S=119uV/K))",0,experimental,1.0,wf_subtracted,5.98,216.0,F-43m,half Heusler (C1_b / MgAgAs),,,,C,conventional,Starrydata (experimental),10.3390/ma11050773,https://doi.org/10.3390/ma11050773,Starrydata all_curves.csv (release 'latest'),repository mining,https://github.com/KU-Yifan/PGEC-descriptor-TE-design/blob/main/results/lorenz_number/final_processed_with_kappaL.csv,"Materials Project mp-31460 (NbCoSb, F-43m, a_prim=4.2319 -> a_conv=5.984)","KU-Yifan/PGEC-descriptor-TE-design final_processed_with_kappaL.csv | sample_id=12659 | reported composition=""NbCoSb""",True,stoichiometric,NbCoSb,D1,removed,derived (WF / total-minus-kappa_e) copy of a sample whose published kappa_L curve is in the corpus,data/Target_Materials/HEUSLER_KAPPA_TRAINING_SET.csv,,12659.0,,,
NbCoSb,2.2871801665709466,W/m/K,971.277,"experimental, Wiedemann-Franz: kappa_total - L*T/rho (Kim2015 L(S=127uV/K))",0,experimental,1.0,wf_subtracted,5.98,216.0,F-43m,half Heusler (C1_b / MgAgAs),,,,C,conventional,Starrydata (experimental),10.3390/ma11050773,https://doi.org/10.3390/ma11050773,Starrydata all_curves.csv (release 'latest'),repository mining,https://github.com/KU-Yifan/PGEC-descriptor-TE-design/blob/main/results/lorenz_number/final_processed_with_kappaL.csv,"Materials Project mp-31460 (NbCoSb, F-43m, a_prim=4.2319 -> a_conv=5.984)","KU-Yifan/PGEC-descriptor-TE-design final_processed_with_kappaL.csv | sample_id=12659 | reported composition=""NbCoSb""",True,stoichiometric,NbCoSb,D1,removed,derived (WF / total-minus-kappa_e) copy of a sample whose published kappa_L curve is in the corpus,data/Target_Materials/HEUSLER_KAPPA_TRAINING_SET.csv,,12659.0,,,
NbCoSn,5.98051605374845,W/m/K,292.7926,"experimental, Wiedemann-Franz: kappa_total - L*T/rho (Kim2015 L(S=141uV/K))",0,experimental,1.0,wf_subtracted,5.97,216.0,F-43m,C1b,Nb/Sn/Co,"[""Nb"", ""Sn"", ""Co""]","[[0, 0, 0], [0.5, 0.5, 0.5], [0.25, 0.25, 0.25]]",A,conventional,Starrydata (experimental),10.1039/d0ta04644b,https://doi.org/10.1039/d0ta04644b,Starrydata all_curves.csv (release 'latest'),Sci.Rep. 11:13809 (2021) Table S1,https://www.nature.com/articles/s41598-021-92030-4#MOESM1,"Table S1 (DFT-optimized lattice parameter + lowest-energy site assignment), same table as kappa",mp-1094088,True,stoichiometric,NbCoSn,D1,removed,derived (WF / total-minus-kappa_e) copy of a sample whose published kappa_L curve is in the corpus,data/Target_Materials/HEUSLER_KAPPA_TRAINING_SET.csv,,38568.0,,,
NbCoSn,5.901954188886261,W/m/K,320.1614,"experimental, Wiedemann-Franz: kappa_total - L*T/rho (Kim2015 L(S=143uV/K))",0,experimental,1.0,wf_subtracted,5.97,216.0,F-43m,C1b,Nb/Sn/Co,"[""Nb"", ""Sn"", ""Co""]","[[0, 0, 0], [0.5, 0.5, 0.5], [0.25, 0.25, 0.25]]",A,conventional,Starrydata (experimental),10.1039/d0ta04644b,https://doi.org/10.1039/d0ta04644b,Starrydata all_curves.csv (release 'latest'),Sci.Rep. 11:13809 (2021) Table S1,https://www.nature.com/articles/s41598-021-92030-4#MOESM1,"Table S1 (DFT-optimized lattice parameter + lowest-energy site assignment), same table as kappa",mp-1094088,True,stoichiometric,NbCoSn,D1,removed,derived (WF / total-minus-kappa_e) copy of a sample whose published kappa_L curve is in the corpus,data/Target_Materials/HEUSLER_KAPPA_TRAINING_SET.csv,,38568.0,,,
NbCoSn,5.66494391990902,W/m/K,365.3764,"experimental, Wiedemann-Franz: kappa_total - L*T/rho (Kim2015 L(S=168uV/K))",0,experimental,1.0,wf_subtracted,5.97,216.0,F-43m,C1b,Nb/Sn/Co,"[""Nb"", ""Sn"", ""Co""]","[[0, 0, 0], [0.5, 0.5, 0.5], [0.25, 0.25, 0.25]]",A,conventional,Starrydata (experimental),10.1039/d0ta04644b,https://doi.org/10.1039/d0ta04644b,Starrydata all_curves.csv (release 'latest'),Sci.Rep. 11:13809 (2021) Table S1,https://www.nature.com/articles/s41598-021-92030-4#MOESM1,"Table S1 (DFT-optimized lattice parameter + lowest-energy site assignment), same table as kappa",mp-1094088,True,stoichiometric,NbCoSn,D1,removed,derived (WF / total-minus-kappa_e) copy of a sample whose published kappa_L curve is in the corpus,data/Target_Materials/HEUSLER_KAPPA_TRAINING_SET.csv,,38568.0,,,
NbCoSn,5.423425440110294,W/m/K,421.3126,"experimental, Wiedemann-Franz: kappa_total - L*T/rho (Kim2015 L(S=198uV/K))",0,experimental,1.0,wf_subtracted,5.97,216.0,F-43m,C1b,Nb/Sn/Co,"[""Nb"", ""Sn"", ""Co""]","[[0, 0, 0], [0.5, 0.5, 0.5], [0.25, 0.25, 0.25]]",A,conventional,Starrydata (experimental),10.1039/d0ta04644b,https://doi.org/10.1039/d0ta04644b,Starrydata all_curves.csv (release 'latest'),Sci.Rep. 11:13809 (2021) Table S1,https://www.nature.com/articles/s41598-021-92030-4#MOESM1,"Table S1 (DFT-optimized lattice parameter + lowest-energy site assignment), same table as kappa",mp-1094088,True,stoichiometric,NbCoSn,D1,removed,derived (WF / total-minus-kappa_e) copy of a sample whose published kappa_L curve is in the corpus,data/Target_Materials/HEUSLER_KAPPA_TRAINING_SET.csv,,38568.0,,,
NbCoSn,5.190696515660727,W/m/K,471.2823,"experimental, Wiedemann-Franz: kappa_total - L*T/rho (Kim2015 L(S=224uV/K))",0,experimental,1.0,wf_subtracted,5.97,216.0,F-43m,C1b,Nb/Sn/Co,"[""Nb"", ""Sn"", ""Co""]","[[0, 0, 0], [0.5, 0.5, 0.5], [0.25, 0.25, 0.25]]",A,conventional,Starrydata (experimental),10.1039/d0ta04644b,https://doi.org/10.1039/d0ta04644b,Starrydata all_curves.csv (release 'latest'),Sci.Rep. 11:13809 (2021) Table S1,https://www.nature.com/articles/s41598-021-92030-4#MOESM1,"Table S1 (DFT-optimized lattice parameter + lowest-energy site assignment), same table as kappa",mp-1094088,True,stoichiometric,NbCoSn,D1,removed,derived (WF / total-minus-kappa_e) copy of a sample whose published kappa_L curve is in the corpus,data/Target_Materials/HEUSLER_KAPPA_TRAINING_SET.csv,,38568.0,,,
NbCoSn,4.993888638782014,W/m/K,521.687,"experimental, Wiedemann-Franz: kappa_total - L*T/rho (Kim2015 L(S=241uV/K))",0,experimental,1.0,wf_subtracted,5.97,216.0,F-43m,C1b,Nb/Sn/Co,"[""Nb"", ""Sn"", ""Co""]","[[0, 0, 0], [0.5, 0.5, 0.5], [0.25, 0.25, 0.25]]",A,conventional,Starrydata (experimental),10.1039/d0ta04644b,https://doi.org/10.1039/d0ta04644b,Starrydata all_curves.csv (release 'latest'),Sci.Rep. 11:13809 (2021) Table S1,https://www.nature.com/articles/s41598-021-92030-4#MOESM1,"Table S1 (DFT-optimized lattice parameter + lowest-energy site assignment), same table as kappa",mp-1094088,True,stoichiometric,NbCoSn,D1,removed,derived (WF / total-minus-kappa_e) copy of a sample whose published kappa_L curve is in the corpus,data/Target_Materials/HEUSLER_KAPPA_TRAINING_SET.csv,,38568.0,,,
NbCoSn,4.850135656016617,W/m/K,569.5435,"experimental, Wiedemann-Franz: kappa_total - L*T/rho (Kim2015 L(S=247uV/K))",0,experimental,1.0,wf_subtracted,5.97,216.0,F-43m,C1b,Nb/Sn/Co,"[""Nb"", ""Sn"", ""Co""]","[[0, 0, 0], [0.5, 0.5, 0.5], [0.25, 0.25, 0.25]]",A,conventional,Starrydata (experimental),10.1039/d0ta04644b,https://doi.org/10.1039/d0ta04644b,Starrydata all_curves.csv (release 'latest'),Sci.Rep. 11:13809 (2021) Table S1,https://www.nature.com/articles/s41598-021-92030-4#MOESM1,"Table S1 (DFT-optimized lattice parameter + lowest-energy site assignment), same table as kappa",mp-1094088,True,stoichiometric,NbCoSn,D1,removed,derived (WF / total-minus-kappa_e) copy of a sample whose published kappa_L curve is in the corpus,data/Target_Materials/HEUSLER_KAPPA_TRAINING_SET.csv,,38568.0,,,
NbCoSn,4.638080553032229,W/m/K,625.4796,"experimental, Wiedemann-Franz: kappa_total - L*T/rho (Kim2015 L(S=258uV/K))",0,experimental,1.0,wf_subtracted,5.97,216.0,F-43m,C1b,Nb/Sn/Co,"[""Nb"", ""Sn"", ""Co""]","[[0, 0, 0], [0.5, 0.5, 0.5], [0.25, 0.25, 0.25]]",A,conventional,Starrydata (experimental),10.1039/d0ta04644b,https://doi.org/10.1039/d0ta04644b,Starrydata all_curves.csv (release 'latest'),Sci.Rep. 11:13809 (2021) Table S1,https://www.nature.com/articles/s41598-021-92030-4#MOESM1,"Table S1 (DFT-optimized lattice parameter + lowest-energy site assignment), same table as kappa",mp-1094088,True,stoichiometric,NbCoSn,D1,removed,derived (WF / total-minus-kappa_e) copy of a sample whose published kappa_L curve is in the corpus,data/Target_Materials/HEUSLER_KAPPA_TRAINING_SET.csv,,38568.0,,,
NbCoSn,4.488562829112828,W/m/K,673.9576,"experimental, Wiedemann-Franz: kappa_total - L*T/rho (Kim2015 L(S=258uV/K))",0,experimental,1.0,wf_subtracted,5.97,216.0,F-43m,C1b,Nb/Sn/Co,"[""Nb"", ""Sn"", ""Co""]","[[0, 0, 0], [0.5, 0.5, 0.5], [0.25, 0.25, 0.25]]",A,conventional,Starrydata (experimental),10.1039/d0ta04644b,https://doi.org/10.1039/d0ta04644b,Starrydata all_curves.csv (release 'latest'),Sci.Rep. 11:13809 (2021) Table S1,https://www.nature.com/articles/s41598-021-92030-4#MOESM1,"Table S1 (DFT-optimized lattice parameter + lowest-energy site assignment), same table as kappa",mp-1094088,True,stoichiometric,NbCoSn,D1,removed,derived (WF / total-minus-kappa_e) copy of a sample whose published kappa_L curve is in the corpus,data/Target_Materials/HEUSLER_KAPPA_TRAINING_SET.csv,,38568.0,,,
NbCoSn,4.3452860294236,W/m/K,716.842,"experimental, Wiedemann-Franz: kappa_total - L*T/rho (Kim2015 L(S=252uV/K))",0,experimental,1.0,wf_subtracted,5.97,216.0,F-43m,C1b,Nb/Sn/Co,"[""Nb"", ""Sn"", ""Co""]","[[0, 0, 0], [0.5, 0.5, 0.5], [0.25, 0.25, 0.25]]",A,conventional,Starrydata (experimental),10.1039/d0ta04644b,https://doi.org/10.1039/d0ta04644b,Starrydata all_curves.csv (release 'latest'),Sci.Rep. 11:13809 (2021) Table S1,https://www.nature.com/articles/s41598-021-92030-4#MOESM1,"Table S1 (DFT-optimized lattice parameter + lowest-energy site assignment), same table as kappa",mp-1094088,True,stoichiometric,NbCoSn,D1,removed,derived (WF / total-minus-kappa_e) copy of a sample whose published kappa_L curve is in the corpus,data/Target_Materials/HEUSLER_KAPPA_TRAINING_SET.csv,,38568.0,,,
NbCoSn,4.199882756073069,W/m/K,771.6595,"experimental, Wiedemann-Franz: kappa_total - L*T/rho (Kim2015 L(S=258uV/K))",0,experimental,1.0,wf_subtracted,5.97,216.0,F-43m,C1b,Nb/Sn/Co,"[""Nb"", ""Sn"", ""Co""]","[[0, 0, 0], [0.5, 0.5, 0.5], [0.25, 0.25, 0.25]]",A,conventional,Starrydata (experimental),10.1039/d0ta04644b,https://doi.org/10.1039/d0ta04644b,Starrydata all_curves.csv (release 'latest'),Sci.Rep. 11:13809 (2021) Table S1,https://www.nature.com/articles/s41598-021-92030-4#MOESM1,"Table S1 (DFT-optimized lattice parameter + lowest-energy site assignment), same table as kappa",mp-1094088,True,stoichiometric,NbCoSn,D1,removed,derived (WF / total-minus-kappa_e) copy of a sample whose published kappa_L curve is in the corpus,data/Target_Materials/HEUSLER_KAPPA_TRAINING_SET.csv,,38568.0,,,
NbCoSn,4.107522910309408,W/m/K,816.5949,"experimental, Wiedemann-Franz: kappa_total - L*T/rho (Kim2015 L(S=260uV/K))",0,experimental,1.0,wf_subtracted,5.97,216.0,F-43m,C1b,Nb/Sn/Co,"[""Nb"", ""Sn"", ""Co""]","[[0, 0, 0], [0.5, 0.5, 0.5], [0.25, 0.25, 0.25]]",A,conventional,Starrydata (experimental),10.1039/d0ta04644b,https://doi.org/10.1039/d0ta04644b,Starrydata all_curves.csv (release 'latest'),Sci.Rep. 11:13809 (2021) Table S1,https://www.nature.com/articles/s41598-021-92030-4#MOESM1,"Table S1 (DFT-optimized lattice parameter + lowest-energy site assignment), same table as kappa",mp-1094088,True,stoichiometric,NbCoSn,D1,removed,derived (WF / total-minus-kappa_e) copy of a sample whose published kappa_L curve is in the corpus,data/Target_Materials/HEUSLER_KAPPA_TRAINING_SET.csv,,38568.0,,,
NbCoSn,3.9336793046725536,W/m/K,879.0569,"experimental, Wiedemann-Franz: kappa_total - L*T/rho (Kim2015 L(S=266uV/K))",0,experimental,1.0,wf_subtracted,5.97,216.0,F-43m,C1b,Nb/Sn/Co,"[""Nb"", ""Sn"", ""Co""]","[[0, 0, 0], [0.5, 0.5, 0.5], [0.25, 0.25, 0.25]]",A,conventional,Starrydata (experimental),10.1039/d0ta04644b,https://doi.org/10.1039/d0ta04644b,Starrydata all_curves.csv (release 'latest'),Sci.Rep. 11:13809 (2021) Table S1,https://www.nature.com/articles/s41598-021-92030-4#MOESM1,"Table S1 (DFT-optimized lattice parameter + lowest-energy site assignment), same table as kappa",mp-1094088,True,stoichiometric,NbCoSn,D1,removed,derived (WF / total-minus-kappa_e) copy of a sample whose published kappa_L curve is in the corpus,data/Target_Materials/HEUSLER_KAPPA_TRAINING_SET.csv,,38568.0,,,
NbFeSb,12.18333806021275,W/m/K,422.8823,"experimental, Wiedemann-Franz: kappa_total - L*T/rho (Kim2015 L(S=8uV/K))",0,experimental,1.0,wf_subtracted,5.897535,216.0,F-43m,half-Heusler (C1b / MgAgAs),,"[""Fe"", ""Fe"", ""Fe"", ""Fe"", ""Nb"", ""Nb"", ""Nb"", ""Nb"", ""Sb"", ""Sb"", ""Sb"", ""Sb""]","[[0.25, 0.75, 0.75], [0.25, 0.25, 0.25], [0.75, 0.75, 0.25], [0.75, 0.25, 0.75], [0.0, 0.0, 0.0], [0.0, 0.5, 0.5], [0.5, 0.0, 0.5], [0.5, 0.5, 0.0], [0.5, 0.0, 0.0], [0.5, 0.5, 0.5], [0.0, 0.0, 0.5], [0.0, 0.5, 0.0]]",A,primitive->conventional (x sqrt2),Starrydata (experimental),10.1016/j.actamat.2019.11.010,https://doi.org/10.1016/j.actamat.2019.11.010,Starrydata all_curves.csv (release 'latest'),PhononDB (Togo/NIMS MDR),https://mdr.nims.go.jp/datasets/df2910b6-50b7-4d6c-a881-7b9c7b8e16e2,"LTC-calc.log unit cell (PBEsol-relaxed), same file as kappa",mp-9437,True,stoichiometric,NbFeSb,D1,removed,derived (WF / total-minus-kappa_e) copy of a sample whose published kappa_L curve is in the corpus,data/Target_Materials/HEUSLER_KAPPA_TRAINING_SET.csv,,35326.0,,,
NbFeSb,3.143188859418029,W/m/K,422.8823,"experimental, Wiedemann-Franz: kappa_total - L*T/rho (Kim2015 L(S=1uV/K))",0,experimental,1.0,wf_subtracted,5.897535,216.0,F-43m,half-Heusler (C1b / MgAgAs),,"[""Fe"", ""Fe"", ""Fe"", ""Fe"", ""Nb"", ""Nb"", ""Nb"", ""Nb"", ""Sb"", ""Sb"", ""Sb"", ""Sb""]","[[0.25, 0.75, 0.75], [0.25, 0.25, 0.25], [0.75, 0.75, 0.25], [0.75, 0.25, 0.75], [0.0, 0.0, 0.0], [0.0, 0.5, 0.5], [0.5, 0.0, 0.5], [0.5, 0.5, 0.0], [0.5, 0.0, 0.0], [0.5, 0.5, 0.5], [0.0, 0.0, 0.5], [0.0, 0.5, 0.0]]",A,primitive->conventional (x sqrt2),Starrydata (experimental),10.1016/j.actamat.2019.11.010,https://doi.org/10.1016/j.actamat.2019.11.010,Starrydata all_curves.csv (release 'latest'),PhononDB (Togo/NIMS MDR),https://mdr.nims.go.jp/datasets/df2910b6-50b7-4d6c-a881-7b9c7b8e16e2,"LTC-calc.log unit cell (PBEsol-relaxed), same file as kappa",mp-9437,True,stoichiometric,NbFeSb,D1,removed,derived (WF / total-minus-kappa_e) copy of a sample whose published kappa_L curve is in the corpus,data/Target_Materials/HEUSLER_KAPPA_TRAINING_SET.csv,,35329.0,,,
NbFeSb,2.8552125253683904,W/m/K,423.3223,"experimental, Wiedemann-Franz: kappa_total - L*T/rho (Kim2015 L(S=2uV/K))",0,experimental,1.0,wf_subtracted,5.897535,216.0,F-43m,half-Heusler (C1b / MgAgAs),,"[""Fe"", ""Fe"", ""Fe"", ""Fe"", ""Nb"", ""Nb"", ""Nb"", ""Nb"", ""Sb"", ""Sb"", ""Sb"", ""Sb""]","[[0.25, 0.75, 0.75], [0.25, 0.25, 0.25], [0.75, 0.75, 0.25], [0.75, 0.25, 0.75], [0.0, 0.0, 0.0], [0.0, 0.5, 0.5], [0.5, 0.0, 0.5], [0.5, 0.5, 0.0], [0.5, 0.0, 0.0], [0.5, 0.5, 0.5], [0.0, 0.0, 0.5], [0.0, 0.5, 0.0]]",A,primitive->conventional (x sqrt2),Starrydata (experimental),10.1016/j.actamat.2019.11.010,https://doi.org/10.1016/j.actamat.2019.11.010,Starrydata all_curves.csv (release 'latest'),PhononDB (Togo/NIMS MDR),https://mdr.nims.go.jp/datasets/df2910b6-50b7-4d6c-a881-7b9c7b8e16e2,"LTC-calc.log unit cell (PBEsol-relaxed), same file as kappa",mp-9437,True,stoichiometric,NbFeSb,D1,removed,derived (WF / total-minus-kappa_e) copy of a sample whose published kappa_L curve is in the corpus,data/Target_Materials/HEUSLER_KAPPA_TRAINING_SET.csv,,35328.0,,,
NbFeSb,2.5026680999769204,W/m/K,423.7624,"experimental, Wiedemann-Franz: kappa_total - L*T/rho (Kim2015 L(S=3uV/K))",0,experimental,1.0,wf_subtracted,5.897535,216.0,F-43m,half-Heusler (C1b / MgAgAs),,"[""Fe"", ""Fe"", ""Fe"", ""Fe"", ""Nb"", ""Nb"", ""Nb"", ""Nb"", ""Sb"", ""Sb"", ""Sb"", ""Sb""]","[[0.25, 0.75, 0.75], [0.25, 0.25, 0.25], [0.75, 0.75, 0.25], [0.75, 0.25, 0.75], [0.0, 0.0, 0.0], [0.0, 0.5, 0.5], [0.5, 0.0, 0.5], [0.5, 0.5, 0.0], [0.5, 0.0, 0.0], [0.5, 0.5, 0.5], [0.0, 0.0, 0.5], [0.0, 0.5, 0.0]]",A,primitive->conventional (x sqrt2),Starrydata (experimental),10.1016/j.actamat.2019.11.010,https://doi.org/10.1016/j.actamat.2019.11.010,Starrydata all_curves.csv (release 'latest'),PhononDB (Togo/NIMS MDR),https://mdr.nims.go.jp/datasets/df2910b6-50b7-4d6c-a881-7b9c7b8e16e2,"LTC-calc.log unit cell (PBEsol-relaxed), same file as kappa",mp-9437,True,stoichiometric,NbFeSb,D1,removed,derived (WF / total-minus-kappa_e) copy of a sample whose published kappa_L curve is in the corpus,data/Target_Materials/HEUSLER_KAPPA_TRAINING_SET.csv,,35327.0,,,
NbFeSb,2.9739103951428945,W/m/K,473.0473,"experimental, Wiedemann-Franz: kappa_total - L*T/rho (Kim2015 L(S=2uV/K))",0,experimental,1.0,wf_subtracted,5.897535,216.0,F-43m,half-Heusler (C1b / MgAgAs),,"[""Fe"", ""Fe"", ""Fe"", ""Fe"", ""Nb"", ""Nb"", ""Nb"", ""Nb"", ""Sb"", ""Sb"", ""Sb"", ""Sb""]","[[0.25, 0.75, 0.75], [0.25, 0.25, 0.25], [0.75, 0.75, 0.25], [0.75, 0.25, 0.75], [0.0, 0.0, 0.0], [0.0, 0.5, 0.5], [0.5, 0.0, 0.5], [0.5, 0.5, 0.0], [0.5, 0.0, 0.0], [0.5, 0.5, 0.5], [0.0, 0.0, 0.5], [0.0, 0.5, 0.0]]",A,primitive->conventional (x sqrt2),Starrydata (experimental),10.1016/j.actamat.2019.11.010,https://doi.org/10.1016/j.actamat.2019.11.010,Starrydata all_curves.csv (release 'latest'),PhononDB (Togo/NIMS MDR),https://mdr.nims.go.jp/datasets/df2910b6-50b7-4d6c-a881-7b9c7b8e16e2,"LTC-calc.log unit cell (PBEsol-relaxed), same file as kappa",mp-9437,True,stoichiometric,NbFeSb,D1,removed,derived (WF / total-minus-kappa_e) copy of a sample whose published kappa_L curve is in the corpus,data/Target_Materials/HEUSLER_KAPPA_TRAINING_SET.csv,,35328.0,,,
NbFeSb,3.1339956652841505,W/m/K,473.4873,"experimental, Wiedemann-Franz: kappa_total - L*T/rho (Kim2015 L(S=6uV/K))",0,experimental,1.0,wf_subtracted,5.897535,216.0,F-43m,half-Heusler (C1b / MgAgAs),,"[""Fe"", ""Fe"", ""Fe"", ""Fe"", ""Nb"", ""Nb"", ""Nb"", ""Nb"", ""Sb"", ""Sb"", ""Sb"", ""Sb""]","[[0.25, 0.75, 0.75], [0.25, 0.25, 0.25], [0.75, 0.75, 0.25], [0.75, 0.25, 0.75], [0.0, 0.0, 0.0], [0.0, 0.5, 0.5], [0.5, 0.0, 0.5], [0.5, 0.5, 0.0], [0.5, 0.0, 0.0], [0.5, 0.5, 0.5], [0.0, 0.0, 0.5], [0.0, 0.5, 0.0]]",A,primitive->conventional (x sqrt2),Starrydata (experimental),10.1016/j.actamat.2019.11.010,https://doi.org/10.1016/j.actamat.2019.11.010,Starrydata all_curves.csv (release 'latest'),PhononDB (Togo/NIMS MDR),https://mdr.nims.go.jp/datasets/df2910b6-50b7-4d6c-a881-7b9c7b8e16e2,"LTC-calc.log unit cell (PBEsol-relaxed), same file as kappa",mp-9437,True,stoichiometric,NbFeSb,D1,removed,derived (WF / total-minus-kappa_e) copy of a sample whose published kappa_L curve is in the corpus,data/Target_Materials/HEUSLER_KAPPA_TRAINING_SET.csv,,35329.0,,,
NbFeSb,10.6883259836941,W/m/K,474.3674,"experimental, Wiedemann-Franz: kappa_total - L*T/rho (Kim2015 L(S=8uV/K))",0,experimental,1.0,wf_subtracted,5.897535,216.0,F-43m,half-Heusler (C1b / MgAgAs),,"[""Fe"", ""Fe"", ""Fe"", ""Fe"", ""Nb"", ""Nb"", ""Nb"", ""Nb"", ""Sb"", ""Sb"", ""Sb"", ""Sb""]","[[0.25, 0.75, 0.75], [0.25, 0.25, 0.25], [0.75, 0.75, 0.25], [0.75, 0.25, 0.75], [0.0, 0.0, 0.0], [0.0, 0.5, 0.5], [0.5, 0.0, 0.5], [0.5, 0.5, 0.0], [0.5, 0.0, 0.0], [0.5, 0.5, 0.5], [0.0, 0.0, 0.5], [0.0, 0.5, 0.0]]",A,primitive->conventional (x sqrt2),Starrydata (experimental),10.1016/j.actamat.2019.11.010,https://doi.org/10.1016/j.actamat.2019.11.010,Starrydata all_curves.csv (release 'latest'),PhononDB (Togo/NIMS MDR),https://mdr.nims.go.jp/datasets/df2910b6-50b7-4d6c-a881-7b9c7b8e16e2,"LTC-calc.log unit cell (PBEsol-relaxed), same file as kappa",mp-9437,True,stoichiometric,NbFeSb,D1,removed,derived (WF / total-minus-kappa_e) copy of a sample whose published kappa_L curve is in the corpus,data/Target_Materials/HEUSLER_KAPPA_TRAINING_SET.csv,,35326.0,,,
NbFeSb,2.27026755554898,W/m/K,474.3674,"experimental, Wiedemann-Franz: kappa_total - L*T/rho (Kim2015 L(S=1uV/K))",0,experimental,1.0,wf_subtracted,5.897535,216.0,F-43m,half-Heusler (C1b / MgAgAs),,"[""Fe"", ""Fe"", ""Fe"", ""Fe"", ""Nb"", ""Nb"", ""Nb"", ""Nb"", ""Sb"", ""Sb"", ""Sb"", ""Sb""]","[[0.25, 0.75, 0.75], [0.25, 0.25, 0.25], [0.75, 0.75, 0.25], [0.75, 0.25, 0.75], [0.0, 0.0, 0.0], [0.0, 0.5, 0.5], [0.5, 0.0, 0.5], [0.5, 0.5, 0.0], [0.5, 0.0, 0.0], [0.5, 0.5, 0.5], [0.0, 0.0, 0.5], [0.0, 0.5, 0.0]]",A,primitive->conventional (x sqrt2),Starrydata (experimental),10.1016/j.actamat.2019.11.010,https://doi.org/10.1016/j.actamat.2019.11.010,Starrydata all_curves.csv (release 'latest'),PhononDB (Togo/NIMS MDR),https://mdr.nims.go.jp/datasets/df2910b6-50b7-4d6c-a881-7b9c7b8e16e2,"LTC-calc.log unit cell (PBEsol-relaxed), same file as kappa",mp-9437,True,stoichiometric,NbFeSb,D1,removed,derived (WF / total-minus-kappa_e) copy of a sample whose published kappa_L curve is in the corpus,data/Target_Materials/HEUSLER_KAPPA_TRAINING_SET.csv,,35327.0,,,
NbFeSb,2.2741719012793693,W/m/K,523.2123,"experimental, Wiedemann-Franz: kappa_total - L*T/rho (Kim2015 L(S=7uV/K))",0,experimental,1.0,wf_subtracted,5.897535,216.0,F-43m,half-Heusler (C1b / MgAgAs),,"[""Fe"", ""Fe"", ""Fe"", ""Fe"", ""Nb"", ""Nb"", ""Nb"", ""Nb"", ""Sb"", ""Sb"", ""Sb"", ""Sb""]","[[0.25, 0.75, 0.75], [0.25, 0.25, 0.25], [0.75, 0.75, 0.25], [0.75, 0.25, 0.75], [0.0, 0.0, 0.0], [0.0, 0.5, 0.5], [0.5, 0.0, 0.5], [0.5, 0.5, 0.0], [0.5, 0.0, 0.0], [0.5, 0.5, 0.5], [0.0, 0.0, 0.5], [0.0, 0.5, 0.0]]",A,primitive->conventional (x sqrt2),Starrydata (experimental),10.1016/j.actamat.2019.11.010,https://doi.org/10.1016/j.actamat.2019.11.010,Starrydata all_curves.csv (release 'latest'),PhononDB (Togo/NIMS MDR),https://mdr.nims.go.jp/datasets/df2910b6-50b7-4d6c-a881-7b9c7b8e16e2,"LTC-calc.log unit cell (PBEsol-relaxed), same file as kappa",mp-9437,True,stoichiometric,NbFeSb,D1,removed,derived (WF / total-minus-kappa_e) copy of a sample whose published kappa_L curve is in the corpus,data/Target_Materials/HEUSLER_KAPPA_TRAINING_SET.csv,,35327.0,,,
NbFeSb,2.853594730246478,W/m/K,523.6524,"experimental, Wiedemann-Franz: kappa_total - L*T/rho (Kim2015 L(S=2uV/K))",0,experimental,1.0,wf_subtracted,5.897535,216.0,F-43m,half-Heusler (C1b / MgAgAs),,"[""Fe"", ""Fe"", ""Fe"", ""Fe"", ""Nb"", ""Nb"", ""Nb"", ""Nb"", ""Sb"", ""Sb"", ""Sb"", ""Sb""]","[[0.25, 0.75, 0.75], [0.25, 0.25, 0.25], [0.75, 0.75, 0.25], [0.75, 0.25, 0.75], [0.0, 0.0, 0.0], [0.0, 0.5, 0.5], [0.5, 0.0, 0.5], [0.5, 0.5, 0.0], [0.5, 0.0, 0.0], [0.5, 0.5, 0.5], [0.0, 0.0, 0.5], [0.0, 0.5, 0.0]]",A,primitive->conventional (x sqrt2),Starrydata (experimental),10.1016/j.actamat.2019.11.010,https://doi.org/10.1016/j.actamat.2019.11.010,Starrydata all_curves.csv (release 'latest'),PhononDB (Togo/NIMS MDR),https://mdr.nims.go.jp/datasets/df2910b6-50b7-4d6c-a881-7b9c7b8e16e2,"LTC-calc.log unit cell (PBEsol-relaxed), same file as kappa",mp-9437,True,stoichiometric,NbFeSb,D1,removed,derived (WF / total-minus-kappa_e) copy of a sample whose published kappa_L curve is in the corpus,data/Target_Materials/HEUSLER_KAPPA_TRAINING_SET.csv,,35328.0,,,
NbFeSb,10.06231881205644,W/m/K,524.0924,"experimental, Wiedemann-Franz: kappa_total - L*T/rho (Kim2015 L(S=27uV/K))",0,experimental,1.0,wf_subtracted,5.897535,216.0,F-43m,half-Heusler (C1b / MgAgAs),,"[""Fe"", ""Fe"", ""Fe"", ""Fe"", ""Nb"", ""Nb"", ""Nb"", ""Nb"", ""Sb"", ""Sb"", ""Sb"", ""Sb""]","[[0.25, 0.75, 0.75], [0.25, 0.25, 0.25], [0.75, 0.75, 0.25], [0.75, 0.25, 0.75], [0.0, 0.0, 0.0], [0.0, 0.5, 0.5], [0.5, 0.0, 0.5], [0.5, 0.5, 0.0], [0.5, 0.0, 0.0], [0.5, 0.5, 0.5], [0.0, 0.0, 0.5], [0.0, 0.5, 0.0]]",A,primitive->conventional (x sqrt2),Starrydata (experimental),10.1016/j.actamat.2019.11.010,https://doi.org/10.1016/j.actamat.2019.11.010,Starrydata all_curves.csv (release 'latest'),PhononDB (Togo/NIMS MDR),https://mdr.nims.go.jp/datasets/df2910b6-50b7-4d6c-a881-7b9c7b8e16e2,"LTC-calc.log unit cell (PBEsol-relaxed), same file as kappa",mp-9437,True,stoichiometric,NbFeSb,D1,removed,derived (WF / total-minus-kappa_e) copy of a sample whose published kappa_L curve is in the corpus,data/Target_Materials/HEUSLER_KAPPA_TRAINING_SET.csv,,35326.0,,,
NbFeSb,3.103748199382801,W/m/K,524.0924,"experimental, Wiedemann-Franz: kappa_total - L*T/rho (Kim2015 L(S=10uV/K))",0,experimental,1.0,wf_subtracted,5.897535,216.0,F-43m,half-Heusler (C1b / MgAgAs),,"[""Fe"", ""Fe"", ""Fe"", ""Fe"", ""Nb"", ""Nb"", ""Nb"", ""Nb"", ""Sb"", ""Sb"", ""Sb"", ""Sb""]","[[0.25, 0.75, 0.75], [0.25, 0.25, 0.25], [0.75, 0.75, 0.25], [0.75, 0.25, 0.75], [0.0, 0.0, 0.0], [0.0, 0.5, 0.5], [0.5, 0.0, 0.5], [0.5, 0.5, 0.0], [0.5, 0.0, 0.0], [0.5, 0.5, 0.5], [0.0, 0.0, 0.5], [0.0, 0.5, 0.0]]",A,primitive->conventional (x sqrt2),Starrydata (experimental),10.1016/j.actamat.2019.11.010,https://doi.org/10.1016/j.actamat.2019.11.010,Starrydata all_curves.csv (release 'latest'),PhononDB (Togo/NIMS MDR),https://mdr.nims.go.jp/datasets/df2910b6-50b7-4d6c-a881-7b9c7b8e16e2,"LTC-calc.log unit cell (PBEsol-relaxed), same file as kappa",mp-9437,True,stoichiometric,NbFeSb,D1,removed,derived (WF / total-minus-kappa_e) copy of a sample whose published kappa_L curve is in the corpus,data/Target_Materials/HEUSLER_KAPPA_TRAINING_SET.csv,,35329.0,,,
NbFeSb,9.50608943390625,W/m/K,573.3773,"experimental, Wiedemann-Franz: kappa_total - L*T/rho (Kim2015 L(S=35uV/K))",0,experimental,1.0,wf_subtracted,5.897535,216.0,F-43m,half-Heusler (C1b / MgAgAs),,"[""Fe"", ""Fe"", ""Fe"", ""Fe"", ""Nb"", ""Nb"", ""Nb"", ""Nb"", ""Sb"", ""Sb"", ""Sb"", ""Sb""]","[[0.25, 0.75, 0.75], [0.25, 0.25, 0.25], [0.75, 0.75, 0.25], [0.75, 0.25, 0.75], [0.0, 0.0, 0.0], [0.0, 0.5, 0.5], [0.5, 0.0, 0.5], [0.5, 0.5, 0.0], [0.5, 0.0, 0.0], [0.5, 0.5, 0.5], [0.0, 0.0, 0.5], [0.0, 0.5, 0.0]]",A,primitive->conventional (x sqrt2),Starrydata (experimental),10.1016/j.actamat.2019.11.010,https://doi.org/10.1016/j.actamat.2019.11.010,Starrydata all_curves.csv (release 'latest'),PhononDB (Togo/NIMS MDR),https://mdr.nims.go.jp/datasets/df2910b6-50b7-4d6c-a881-7b9c7b8e16e2,"LTC-calc.log unit cell (PBEsol-relaxed), same file as kappa",mp-9437,True,stoichiometric,NbFeSb,D1,removed,derived (WF / total-minus-kappa_e) copy of a sample whose published kappa_L curve is in the corpus,data/Target_Materials/HEUSLER_KAPPA_TRAINING_SET.csv,,35326.0,,,
NbFeSb,2.4242826121258183,W/m/K,573.3773,"experimental, Wiedemann-Franz: kappa_total - L*T/rho (Kim2015 L(S=2uV/K))",0,experimental,1.0,wf_subtracted,5.897535,216.0,F-43m,half-Heusler (C1b / MgAgAs),,"[""Fe"", ""Fe"", ""Fe"", ""Fe"", ""Nb"", ""Nb"", ""Nb"", ""Nb"", ""Sb"", ""Sb"", ""Sb"", ""Sb""]","[[0.25, 0.75, 0.75], [0.25, 0.25, 0.25], [0.75, 0.75, 0.25], [0.75, 0.25, 0.75], [0.0, 0.0, 0.0], [0.0, 0.5, 0.5], [0.5, 0.0, 0.5], [0.5, 0.5, 0.0], [0.5, 0.0, 0.0], [0.5, 0.5, 0.5], [0.0, 0.0, 0.5], [0.0, 0.5, 0.0]]",A,primitive->conventional (x sqrt2),Starrydata (experimental),10.1016/j.actamat.2019.11.010,https://doi.org/10.1016/j.actamat.2019.11.010,Starrydata all_curves.csv (release 'latest'),PhononDB (Togo/NIMS MDR),https://mdr.nims.go.jp/datasets/df2910b6-50b7-4d6c-a881-7b9c7b8e16e2,"LTC-calc.log unit cell (PBEsol-relaxed), same file as kappa",mp-9437,True,stoichiometric,NbFeSb,D1,removed,derived (WF / total-minus-kappa_e) copy of a sample whose published kappa_L curve is in the corpus,data/Target_Materials/HEUSLER_KAPPA_TRAINING_SET.csv,,35328.0,,,
NbFeSb,2.9420355094469817,W/m/K,573.3773,"experimental, Wiedemann-Franz: kappa_total - L*T/rho (Kim2015 L(S=15uV/K))",0,experimental,1.0,wf_subtracted,5.897535,216.0,F-43m,half-Heusler (C1b / MgAgAs),,"[""Fe"", ""Fe"", ""Fe"", ""Fe"", ""Nb"", ""Nb"", ""Nb"", ""Nb"", ""Sb"", ""Sb"", ""Sb"", ""Sb""]","[[0.25, 0.75, 0.75], [0.25, 0.25, 0.25], [0.75, 0.75, 0.25], [0.75, 0.25, 0.75], [0.0, 0.0, 0.0], [0.0, 0.5, 0.5], [0.5, 0.0, 0.5], [0.5, 0.5, 0.0], [0.5, 0.0, 0.0], [0.5, 0.5, 0.5], [0.0, 0.0, 0.5], [0.0, 0.5, 0.0]]",A,primitive->conventional (x sqrt2),Starrydata (experimental),10.1016/j.actamat.2019.11.010,https://doi.org/10.1016/j.actamat.2019.11.010,Starrydata all_curves.csv (release 'latest'),PhononDB (Togo/NIMS MDR),https://mdr.nims.go.jp/datasets/df2910b6-50b7-4d6c-a881-7b9c7b8e16e2,"LTC-calc.log unit cell (PBEsol-relaxed), same file as kappa",mp-9437,True,stoichiometric,NbFeSb,D1,removed,derived (WF / total-minus-kappa_e) copy of a sample whose published kappa_L curve is in the corpus,data/Target_Materials/HEUSLER_KAPPA_TRAINING_SET.csv,,35329.0,,,
NbFeSb,2.174140718473103,W/m/K,573.8174,"experimental, Wiedemann-Franz: kappa_total - L*T/rho (Kim2015 L(S=11uV/K))",0,experimental,1.0,wf_subtracted,5.897535,216.0,F-43m,half-Heusler (C1b / MgAgAs),,"[""Fe"", ""Fe"", ""Fe"", ""Fe"", ""Nb"", ""Nb"", ""Nb"", ""Nb"", ""Sb"", ""Sb"", ""Sb"", ""Sb""]","[[0.25, 0.75, 0.75], [0.25, 0.25, 0.25], [0.75, 0.75, 0.25], [0.75, 0.25, 0.75], [0.0, 0.0, 0.0], [0.0, 0.5, 0.5], [0.5, 0.0, 0.5], [0.5, 0.5, 0.0], [0.5, 0.0, 0.0], [0.5, 0.5, 0.5], [0.0, 0.0, 0.5], [0.0, 0.5, 0.0]]",A,primitive->conventional (x sqrt2),Starrydata (experimental),10.1016/j.actamat.2019.11.010,https://doi.org/10.1016/j.actamat.2019.11.010,Starrydata all_curves.csv (release 'latest'),PhononDB (Togo/NIMS MDR),https://mdr.nims.go.jp/datasets/df2910b6-50b7-4d6c-a881-7b9c7b8e16e2,"LTC-calc.log unit cell (PBEsol-relaxed), same file as kappa",mp-9437,True,stoichiometric,NbFeSb,D1,removed,derived (WF / total-minus-kappa_e) copy of a sample whose published kappa_L curve is in the corpus,data/Target_Materials/HEUSLER_KAPPA_TRAINING_SET.csv,,35327.0,,,
NbFeSb,2.3322074819003222,W/m/K,623.1023,"experimental, Wiedemann-Franz: kappa_total - L*T/rho (Kim2015 L(S=2uV/K))",0,experimental,1.0,wf_subtracted,5.897535,216.0,F-43m,half-Heusler (C1b / MgAgAs),,"[""Fe"", ""Fe"", ""Fe"", ""Fe"", ""Nb"", ""Nb"", ""Nb"", ""Nb"", ""Sb"", ""Sb"", ""Sb"", ""Sb""]","[[0.25, 0.75, 0.75], [0.25, 0.25, 0.25], [0.75, 0.75, 0.25], [0.75, 0.25, 0.75], [0.0, 0.0, 0.0], [0.0, 0.5, 0.5], [0.5, 0.0, 0.5], [0.5, 0.5, 0.0], [0.5, 0.0, 0.0], [0.5, 0.5, 0.5], [0.0, 0.0, 0.5], [0.0, 0.5, 0.0]]",A,primitive->conventional (x sqrt2),Starrydata (experimental),10.1016/j.actamat.2019.11.010,https://doi.org/10.1016/j.actamat.2019.11.010,Starrydata all_curves.csv (release 'latest'),PhononDB (Togo/NIMS MDR),https://mdr.nims.go.jp/datasets/df2910b6-50b7-4d6c-a881-7b9c7b8e16e2,"LTC-calc.log unit cell (PBEsol-relaxed), same file as kappa",mp-9437,True,stoichiometric,NbFeSb,D1,removed,derived (WF / total-minus-kappa_e) copy of a sample whose published kappa_L curve is in the corpus,data/Target_Materials/HEUSLER_KAPPA_TRAINING_SET.csv,,35328.0,,,
NbFeSb,9.08572167989089,W/m/K,623.5424,"experimental, Wiedemann-Franz: kappa_total - L*T/rho (Kim2015 L(S=34uV/K))",0,experimental,1.0,wf_subtracted,5.897535,216.0,F-43m,half-Heusler (C1b / MgAgAs),,"[""Fe"", ""Fe"", ""Fe"", ""Fe"", ""Nb"", ""Nb"", ""Nb"", ""Nb"", ""Sb"", ""Sb"", ""Sb"", ""Sb""]","[[0.25, 0.75, 0.75], [0.25, 0.25, 0.25], [0.75, 0.75, 0.25], [0.75, 0.25, 0.75], [0.0, 0.0, 0.0], [0.0, 0.5, 0.5], [0.5, 0.0, 0.5], [0.5, 0.5, 0.0], [0.5, 0.0, 0.0], [0.5, 0.5, 0.5], [0.0, 0.0, 0.5], [0.0, 0.5, 0.0]]",A,primitive->conventional (x sqrt2),Starrydata (experimental),10.1016/j.actamat.2019.11.010,https://doi.org/10.1016/j.actamat.2019.11.010,Starrydata all_curves.csv (release 'latest'),PhononDB (Togo/NIMS MDR),https://mdr.nims.go.jp/datasets/df2910b6-50b7-4d6c-a881-7b9c7b8e16e2,"LTC-calc.log unit cell (PBEsol-relaxed), same file as kappa",mp-9437,True,stoichiometric,NbFeSb,D1,removed,derived (WF / total-minus-kappa_e) copy of a sample whose published kappa_L curve is in the corpus,data/Target_Materials/HEUSLER_KAPPA_TRAINING_SET.csv,,35326.0,,,
NbFeSb,2.871418949176374,W/m/K,623.5424,"experimental, Wiedemann-Franz: kappa_total - L*T/rho (Kim2015 L(S=16uV/K))",0,experimental,1.0,wf_subtracted,5.897535,216.0,F-43m,half-Heusler (C1b / MgAgAs),,"[""Fe"", ""Fe"", ""Fe"", ""Fe"", ""Nb"", ""Nb"", ""Nb"", ""Nb"", ""Sb"", ""Sb"", ""Sb"", ""Sb""]","[[0.25, 0.75, 0.75], [0.25, 0.25, 0.25], [0.75, 0.75, 0.25], [0.75, 0.25, 0.75], [0.0, 0.0, 0.0], [0.0, 0.5, 0.5], [0.5, 0.0, 0.5], [0.5, 0.5, 0.0], [0.5, 0.0, 0.0], [0.5, 0.5, 0.5], [0.0, 0.0, 0.5], [0.0, 0.5, 0.0]]",A,primitive->conventional (x sqrt2),Starrydata (experimental),10.1016/j.actamat.2019.11.010,https://doi.org/10.1016/j.actamat.2019.11.010,Starrydata all_curves.csv (release 'latest'),PhononDB (Togo/NIMS MDR),https://mdr.nims.go.jp/datasets/df2910b6-50b7-4d6c-a881-7b9c7b8e16e2,"LTC-calc.log unit cell (PBEsol-relaxed), same file as kappa",mp-9437,True,stoichiometric,NbFeSb,D1,removed,derived (WF / total-minus-kappa_e) copy of a sample whose published kappa_L curve is in the corpus,data/Target_Materials/HEUSLER_KAPPA_TRAINING_SET.csv,,35329.0,,,
NbFeSb,2.1238725062006125,W/m/K,624.4224,"experimental, Wiedemann-Franz: kappa_total - L*T/rho (Kim2015 L(S=13uV/K))",0,experimental,1.0,wf_subtracted,5.897535,216.0,F-43m,half-Heusler (C1b / MgAgAs),,"[""Fe"", ""Fe"", ""Fe"", ""Fe"", ""Nb"", ""Nb"", ""Nb"", ""Nb"", ""Sb"", ""Sb"", ""Sb"", ""Sb""]","[[0.25, 0.75, 0.75], [0.25, 0.25, 0.25], [0.75, 0.75, 0.25], [0.75, 0.25, 0.75], [0.0, 0.0, 0.0], [0.0, 0.5, 0.5], [0.5, 0.0, 0.5], [0.5, 0.5, 0.0], [0.5, 0.0, 0.0], [0.5, 0.5, 0.5], [0.0, 0.0, 0.5], [0.0, 0.5, 0.0]]",A,primitive->conventional (x sqrt2),Starrydata (experimental),10.1016/j.actamat.2019.11.010,https://doi.org/10.1016/j.actamat.2019.11.010,Starrydata all_curves.csv (release 'latest'),PhononDB (Togo/NIMS MDR),https://mdr.nims.go.jp/datasets/df2910b6-50b7-4d6c-a881-7b9c7b8e16e2,"LTC-calc.log unit cell (PBEsol-relaxed), same file as kappa",mp-9437,True,stoichiometric,NbFeSb,D1,removed,derived (WF / total-minus-kappa_e) copy of a sample whose published kappa_L curve is in the corpus,data/Target_Materials/HEUSLER_KAPPA_TRAINING_SET.csv,,35327.0,,,
NbFeSb,2.3243730903917843,W/m/K,673.2673,"experimental, Wiedemann-Franz: kappa_total - L*T/rho (Kim2015 L(S=2uV/K))",0,experimental,1.0,wf_subtracted,5.897535,216.0,F-43m,half-Heusler (C1b / MgAgAs),,"[""Fe"", ""Fe"", ""Fe"", ""Fe"", ""Nb"", ""Nb"", ""Nb"", ""Nb"", ""Sb"", ""Sb"", ""Sb"", ""Sb""]","[[0.25, 0.75, 0.75], [0.25, 0.25, 0.25], [0.75, 0.75, 0.25], [0.75, 0.25, 0.75], [0.0, 0.0, 0.0], [0.0, 0.5, 0.5], [0.5, 0.0, 0.5], [0.5, 0.5, 0.0], [0.5, 0.0, 0.0], [0.5, 0.5, 0.5], [0.0, 0.0, 0.5], [0.0, 0.5, 0.0]]",A,primitive->conventional (x sqrt2),Starrydata (experimental),10.1016/j.actamat.2019.11.010,https://doi.org/10.1016/j.actamat.2019.11.010,Starrydata all_curves.csv (release 'latest'),PhononDB (Togo/NIMS MDR),https://mdr.nims.go.jp/datasets/df2910b6-50b7-4d6c-a881-7b9c7b8e16e2,"LTC-calc.log unit cell (PBEsol-relaxed), same file as kappa",mp-9437,True,stoichiometric,NbFeSb,D1,removed,derived (WF / total-minus-kappa_e) copy of a sample whose published kappa_L curve is in the corpus,data/Target_Materials/HEUSLER_KAPPA_TRAINING_SET.csv,,35328.0,,,
NbFeSb,8.714812301760732,W/m/K,673.7074,"experimental, Wiedemann-Franz: kappa_total - L*T/rho (Kim2015 L(S=25uV/K))",0,experimental,1.0,wf_subtracted,5.897535,216.0,F-43m,half-Heusler (C1b / MgAgAs),,"[""Fe"", ""Fe"", ""Fe"", ""Fe"", ""Nb"", ""Nb"", ""Nb"", ""Nb"", ""Sb"", ""Sb"", ""Sb"", ""Sb""]","[[0.25, 0.75, 0.75], [0.25, 0.25, 0.25], [0.75, 0.75, 0.25], [0.75, 0.25, 0.75], [0.0, 0.0, 0.0], [0.0, 0.5, 0.5], [0.5, 0.0, 0.5], [0.5, 0.5, 0.0], [0.5, 0.0, 0.0], [0.5, 0.5, 0.5], [0.0, 0.0, 0.5], [0.0, 0.5, 0.0]]",A,primitive->conventional (x sqrt2),Starrydata (experimental),10.1016/j.actamat.2019.11.010,https://doi.org/10.1016/j.actamat.2019.11.010,Starrydata all_curves.csv (release 'latest'),PhononDB (Togo/NIMS MDR),https://mdr.nims.go.jp/datasets/df2910b6-50b7-4d6c-a881-7b9c7b8e16e2,"LTC-calc.log unit cell (PBEsol-relaxed), same file as kappa",mp-9437,True,stoichiometric,NbFeSb,D1,removed,derived (WF / total-minus-kappa_e) copy of a sample whose published kappa_L curve is in the corpus,data/Target_Materials/HEUSLER_KAPPA_TRAINING_SET.csv,,35326.0,,,
NbFeSb,2.092674607384202,W/m/K,673.7074,"experimental, Wiedemann-Franz: kappa_total - L*T/rho (Kim2015 L(S=9uV/K))",0,experimental,1.0,wf_subtracted,5.897535,216.0,F-43m,half-Heusler (C1b / MgAgAs),,"[""Fe"", ""Fe"", ""Fe"", ""Fe"", ""Nb"", ""Nb"", ""Nb"", ""Nb"", ""Sb"", ""Sb"", ""Sb"", ""Sb""]","[[0.25, 0.75, 0.75], [0.25, 0.25, 0.25], [0.75, 0.75, 0.25], [0.75, 0.25, 0.75], [0.0, 0.0, 0.0], [0.0, 0.5, 0.5], [0.5, 0.0, 0.5], [0.5, 0.5, 0.0], [0.5, 0.0, 0.0], [0.5, 0.5, 0.5], [0.0, 0.0, 0.5], [0.0, 0.5, 0.0]]",A,primitive->conventional (x sqrt2),Starrydata (experimental),10.1016/j.actamat.2019.11.010,https://doi.org/10.1016/j.actamat.2019.11.010,Starrydata all_curves.csv (release 'latest'),PhononDB (Togo/NIMS MDR),https://mdr.nims.go.jp/datasets/df2910b6-50b7-4d6c-a881-7b9c7b8e16e2,"LTC-calc.log unit cell (PBEsol-relaxed), same file as kappa",mp-9437,True,stoichiometric,NbFeSb,D1,removed,derived (WF / total-minus-kappa_e) copy of a sample whose published kappa_L curve is in the corpus,data/Target_Materials/HEUSLER_KAPPA_TRAINING_SET.csv,,35327.0,,,
NbFeSb,3.011015873585956,W/m/K,674.1474,"experimental, Wiedemann-Franz: kappa_total - L*T/rho (Kim2015 L(S=13uV/K))",0,experimental,1.0,wf_subtracted,5.897535,216.0,F-43m,half-Heusler (C1b / MgAgAs),,"[""Fe"", ""Fe"", ""Fe"", ""Fe"", ""Nb"", ""Nb"", ""Nb"", ""Nb"", ""Sb"", ""Sb"", ""Sb"", ""Sb""]","[[0.25, 0.75, 0.75], [0.25, 0.25, 0.25], [0.75, 0.75, 0.25], [0.75, 0.25, 0.75], [0.0, 0.0, 0.0], [0.0, 0.5, 0.5], [0.5, 0.0, 0.5], [0.5, 0.5, 0.0], [0.5, 0.0, 0.0], [0.5, 0.5, 0.5], [0.0, 0.0, 0.5], [0.0, 0.5, 0.0]]",A,primitive->conventional (x sqrt2),Starrydata (experimental),10.1016/j.actamat.2019.11.010,https://doi.org/10.1016/j.actamat.2019.11.010,Starrydata all_curves.csv (release 'latest'),PhononDB (Togo/NIMS MDR),https://mdr.nims.go.jp/datasets/df2910b6-50b7-4d6c-a881-7b9c7b8e16e2,"LTC-calc.log unit cell (PBEsol-relaxed), same file as kappa",mp-9437,True,stoichiometric,NbFeSb,D1,removed,derived (WF / total-minus-kappa_e) copy of a sample whose published kappa_L curve is in the corpus,data/Target_Materials/HEUSLER_KAPPA_TRAINING_SET.csv,,35329.0,,,
NbFeSb,2.274383698883246,W/m/K,723.4323,"experimental, Wiedemann-Franz: kappa_total - L*T/rho (Kim2015 L(S=2uV/K))",0,experimental,1.0,wf_subtracted,5.897535,216.0,F-43m,half-Heusler (C1b / MgAgAs),,"[""Fe"", ""Fe"", ""Fe"", ""Fe"", ""Nb"", ""Nb"", ""Nb"", ""Nb"", ""Sb"", ""Sb"", ""Sb"", ""Sb""]","[[0.25, 0.75, 0.75], [0.25, 0.25, 0.25], [0.75, 0.75, 0.25], [0.75, 0.25, 0.75], [0.0, 0.0, 0.0], [0.0, 0.5, 0.5], [0.5, 0.0, 0.5], [0.5, 0.5, 0.0], [0.5, 0.0, 0.0], [0.5, 0.5, 0.5], [0.0, 0.0, 0.5], [0.0, 0.5, 0.0]]",A,primitive->conventional (x sqrt2),Starrydata (experimental),10.1016/j.actamat.2019.11.010,https://doi.org/10.1016/j.actamat.2019.11.010,Starrydata all_curves.csv (release 'latest'),PhononDB (Togo/NIMS MDR),https://mdr.nims.go.jp/datasets/df2910b6-50b7-4d6c-a881-7b9c7b8e16e2,"LTC-calc.log unit cell (PBEsol-relaxed), same file as kappa",mp-9437,True,stoichiometric,NbFeSb,D1,removed,derived (WF / total-minus-kappa_e) copy of a sample whose published kappa_L curve is in the corpus,data/Target_Materials/HEUSLER_KAPPA_TRAINING_SET.csv,,35328.0,,,
NbFeSb,8.247973692745548,W/m/K,723.8724,"experimental, Wiedemann-Franz: kappa_total - L*T/rho (Kim2015 L(S=4uV/K))",0,experimental,1.0,wf_subtracted,5.897535,216.0,F-43m,half-Heusler (C1b / MgAgAs),,"[""Fe"", ""Fe"", ""Fe"", ""Fe"", ""Nb"", ""Nb"", ""Nb"", ""Nb"", ""Sb"", ""Sb"", ""Sb"", ""Sb""]","[[0.25, 0.75, 0.75], [0.25, 0.25, 0.25], [0.75, 0.75, 0.25], [0.75, 0.25, 0.75], [0.0, 0.0, 0.0], [0.0, 0.5, 0.5], [0.5, 0.0, 0.5], [0.5, 0.5, 0.0], [0.5, 0.0, 0.0], [0.5, 0.5, 0.5], [0.0, 0.0, 0.5], [0.0, 0.5, 0.0]]",A,primitive->conventional (x sqrt2),Starrydata (experimental),10.1016/j.actamat.2019.11.010,https://doi.org/10.1016/j.actamat.2019.11.010,Starrydata all_curves.csv (release 'latest'),PhononDB (Togo/NIMS MDR),https://mdr.nims.go.jp/datasets/df2910b6-50b7-4d6c-a881-7b9c7b8e16e2,"LTC-calc.log unit cell (PBEsol-relaxed), same file as kappa",mp-9437,True,stoichiometric,NbFeSb,D1,removed,derived (WF / total-minus-kappa_e) copy of a sample whose published kappa_L curve is in the corpus,data/Target_Materials/HEUSLER_KAPPA_TRAINING_SET.csv,,35326.0,,,
NbFeSb,2.478891743858384,W/m/K,723.8724,"experimental, Wiedemann-Franz: kappa_total - L*T/rho (Kim2015 L(S=5uV/K))",0,experimental,1.0,wf_subtracted,5.897535,216.0,F-43m,half-Heusler (C1b / MgAgAs),,"[""Fe"", ""Fe"", ""Fe"", ""Fe"", ""Nb"", ""Nb"", ""Nb"", ""Nb"", ""Sb"", ""Sb"", ""Sb"", ""Sb""]","[[0.25, 0.75, 0.75], [0.25, 0.25, 0.25], [0.75, 0.75, 0.25], [0.75, 0.25, 0.75], [0.0, 0.0, 0.0], [0.0, 0.5, 0.5], [0.5, 0.0, 0.5], [0.5, 0.5, 0.0], [0.5, 0.0, 0.0], [0.5, 0.5, 0.5], [0.0, 0.0, 0.5], [0.0, 0.5, 0.0]]",A,primitive->conventional (x sqrt2),Starrydata (experimental),10.1016/j.actamat.2019.11.010,https://doi.org/10.1016/j.actamat.2019.11.010,Starrydata all_curves.csv (release 'latest'),PhononDB (Togo/NIMS MDR),https://mdr.nims.go.jp/datasets/df2910b6-50b7-4d6c-a881-7b9c7b8e16e2,"LTC-calc.log unit cell (PBEsol-relaxed), same file as kappa",mp-9437,True,stoichiometric,NbFeSb,D1,removed,derived (WF / total-minus-kappa_e) copy of a sample whose published kappa_L curve is in the corpus,data/Target_Materials/HEUSLER_KAPPA_TRAINING_SET.csv,,35329.0,,,
NbFeSb,2.0229405312715616,W/m/K,724.3124,"experimental, Wiedemann-Franz: kappa_total - L*T/rho (Kim2015 L(S=3uV/K))",0,experimental,1.0,wf_subtracted,5.897535,216.0,F-43m,half-Heusler (C1b / MgAgAs),,"[""Fe"", ""Fe"", ""Fe"", ""Fe"", ""Nb"", ""Nb"", ""Nb"", ""Nb"", ""Sb"", ""Sb"", ""Sb"", ""Sb""]","[[0.25, 0.75, 0.75], [0.25, 0.25, 0.25], [0.75, 0.75, 0.25], [0.75, 0.25, 0.75], [0.0, 0.0, 0.0], [0.0, 0.5, 0.5], [0.5, 0.0, 0.5], [0.5, 0.5, 0.0], [0.5, 0.0, 0.0], [0.5, 0.5, 0.5], [0.0, 0.0, 0.5], [0.0, 0.5, 0.0]]",A,primitive->conventional (x sqrt2),Starrydata (experimental),10.1016/j.actamat.2019.11.010,https://doi.org/10.1016/j.actamat.2019.11.010,Starrydata all_curves.csv (release 'latest'),PhononDB (Togo/NIMS MDR),https://mdr.nims.go.jp/datasets/df2910b6-50b7-4d6c-a881-7b9c7b8e16e2,"LTC-calc.log unit cell (PBEsol-relaxed), same file as kappa",mp-9437,True,stoichiometric,NbFeSb,D1,removed,derived (WF / total-minus-kappa_e) copy of a sample whose published kappa_L curve is in the corpus,data/Target_Materials/HEUSLER_KAPPA_TRAINING_SET.csv,,35327.0,,,
NbFeSb,7.961279759438661,W/m/K,773.1573,"experimental, Wiedemann-Franz: kappa_total - L*T/rho (Kim2015 L(S=8uV/K))",0,experimental,1.0,wf_subtracted,5.897535,216.0,F-43m,half-Heusler (C1b / MgAgAs),,"[""Fe"", ""Fe"", ""Fe"", ""Fe"", ""Nb"", ""Nb"", ""Nb"", ""Nb"", ""Sb"", ""Sb"", ""Sb"", ""Sb""]","[[0.25, 0.75, 0.75], [0.25, 0.25, 0.25], [0.75, 0.75, 0.25], [0.75, 0.25, 0.75], [0.0, 0.0, 0.0], [0.0, 0.5, 0.5], [0.5, 0.0, 0.5], [0.5, 0.5, 0.0], [0.5, 0.0, 0.0], [0.5, 0.5, 0.5], [0.0, 0.0, 0.5], [0.0, 0.5, 0.0]]",A,primitive->conventional (x sqrt2),Starrydata (experimental),10.1016/j.actamat.2019.11.010,https://doi.org/10.1016/j.actamat.2019.11.010,Starrydata all_curves.csv (release 'latest'),PhononDB (Togo/NIMS MDR),https://mdr.nims.go.jp/datasets/df2910b6-50b7-4d6c-a881-7b9c7b8e16e2,"LTC-calc.log unit cell (PBEsol-relaxed), same file as kappa",mp-9437,True,stoichiometric,NbFeSb,D1,removed,derived (WF / total-minus-kappa_e) copy of a sample whose published kappa_L curve is in the corpus,data/Target_Materials/HEUSLER_KAPPA_TRAINING_SET.csv,,35326.0,,,
NbFeSb,2.21041156865775,W/m/K,773.1573,"experimental, Wiedemann-Franz: kappa_total - L*T/rho (Kim2015 L(S=2uV/K))",0,experimental,1.0,wf_subtracted,5.897535,216.0,F-43m,half-Heusler (C1b / MgAgAs),,"[""Fe"", ""Fe"", ""Fe"", ""Fe"", ""Nb"", ""Nb"", ""Nb"", ""Nb"", ""Sb"", ""Sb"", ""Sb"", ""Sb""]","[[0.25, 0.75, 0.75], [0.25, 0.25, 0.25], [0.75, 0.75, 0.25], [0.75, 0.25, 0.75], [0.0, 0.0, 0.0], [0.0, 0.5, 0.5], [0.5, 0.0, 0.5], [0.5, 0.5, 0.0], [0.5, 0.0, 0.0], [0.5, 0.5, 0.5], [0.0, 0.0, 0.5], [0.0, 0.5, 0.0]]",A,primitive->conventional (x sqrt2),Starrydata (experimental),10.1016/j.actamat.2019.11.010,https://doi.org/10.1016/j.actamat.2019.11.010,Starrydata all_curves.csv (release 'latest'),PhononDB (Togo/NIMS MDR),https://mdr.nims.go.jp/datasets/df2910b6-50b7-4d6c-a881-7b9c7b8e16e2,"LTC-calc.log unit cell (PBEsol-relaxed), same file as kappa",mp-9437,True,stoichiometric,NbFeSb,D1,removed,derived (WF / total-minus-kappa_e) copy of a sample whose published kappa_L curve is in the corpus,data/Target_Materials/HEUSLER_KAPPA_TRAINING_SET.csv,,35328.0,,,
NbFeSb,1.9124712147907563,W/m/K,773.5974,"experimental, Wiedemann-Franz: kappa_total - L*T/rho (Kim2015 L(S=6uV/K))",0,experimental,1.0,wf_subtracted,5.897535,216.0,F-43m,half-Heusler (C1b / MgAgAs),,"[""Fe"", ""Fe"", ""Fe"", ""Fe"", ""Nb"", ""Nb"", ""Nb"", ""Nb"", ""Sb"", ""Sb"", ""Sb"", ""Sb""]","[[0.25, 0.75, 0.75], [0.25, 0.25, 0.25], [0.75, 0.75, 0.25], [0.75, 0.25, 0.75], [0.0, 0.0, 0.0], [0.0, 0.5, 0.5], [0.5, 0.0, 0.5], [0.5, 0.5, 0.0], [0.5, 0.0, 0.0], [0.5, 0.5, 0.5], [0.0, 0.0, 0.5], [0.0, 0.5, 0.0]]",A,primitive->conventional (x sqrt2),Starrydata (experimental),10.1016/j.actamat.2019.11.010,https://doi.org/10.1016/j.actamat.2019.11.010,Starrydata all_curves.csv (release 'latest'),PhononDB (Togo/NIMS MDR),https://mdr.nims.go.jp/datasets/df2910b6-50b7-4d6c-a881-7b9c7b8e16e2,"LTC-calc.log unit cell (PBEsol-relaxed), same file as kappa",mp-9437,True,stoichiometric,NbFeSb,D1,removed,derived (WF / total-minus-kappa_e) copy of a sample whose published kappa_L curve is in the corpus,data/Target_Materials/HEUSLER_KAPPA_TRAINING_SET.csv,,35327.0,,,
NbFeSb,2.358259007273758,W/m/K,773.5974,"experimental, Wiedemann-Franz: kappa_total - L*T/rho (Kim2015 L(S=3uV/K))",0,experimental,1.0,wf_subtracted,5.897535,216.0,F-43m,half-Heusler (C1b / MgAgAs),,"[""Fe"", ""Fe"", ""Fe"", ""Fe"", ""Nb"", ""Nb"", ""Nb"", ""Nb"", ""Sb"", ""Sb"", ""Sb"", ""Sb""]","[[0.25, 0.75, 0.75], [0.25, 0.25, 0.25], [0.75, 0.75, 0.25], [0.75, 0.25, 0.75], [0.0, 0.0, 0.0], [0.0, 0.5, 0.5], [0.5, 0.0, 0.5], [0.5, 0.5, 0.0], [0.5, 0.0, 0.0], [0.5, 0.5, 0.5], [0.0, 0.0, 0.5], [0.0, 0.5, 0.0]]",A,primitive->conventional (x sqrt2),Starrydata (experimental),10.1016/j.actamat.2019.11.010,https://doi.org/10.1016/j.actamat.2019.11.010,Starrydata all_curves.csv (release 'latest'),PhononDB (Togo/NIMS MDR),https://mdr.nims.go.jp/datasets/df2910b6-50b7-4d6c-a881-7b9c7b8e16e2,"LTC-calc.log unit cell (PBEsol-relaxed), same file as kappa",mp-9437,True,stoichiometric,NbFeSb,D1,removed,derived (WF / total-minus-kappa_e) copy of a sample whose published kappa_L curve is in the corpus,data/Target_Materials/HEUSLER_KAPPA_TRAINING_SET.csv,,35329.0,,,
NbFeSb,1.910962746908412,W/m/K,823.3223,"experimental, Wiedemann-Franz: kappa_total - L*T/rho (Kim2015 L(S=5uV/K))",0,experimental,1.0,wf_subtracted,5.897535,216.0,F-43m,half-Heusler (C1b / MgAgAs),,"[""Fe"", ""Fe"", ""Fe"", ""Fe"", ""Nb"", ""Nb"", ""Nb"", ""Nb"", ""Sb"", ""Sb"", ""Sb"", ""Sb""]","[[0.25, 0.75, 0.75], [0.25, 0.25, 0.25], [0.75, 0.75, 0.25], [0.75, 0.25, 0.75], [0.0, 0.0, 0.0], [0.0, 0.5, 0.5], [0.5, 0.0, 0.5], [0.5, 0.5, 0.0], [0.5, 0.0, 0.0], [0.5, 0.5, 0.5], [0.0, 0.0, 0.5], [0.0, 0.5, 0.0]]",A,primitive->conventional (x sqrt2),Starrydata (experimental),10.1016/j.actamat.2019.11.010,https://doi.org/10.1016/j.actamat.2019.11.010,Starrydata all_curves.csv (release 'latest'),PhononDB (Togo/NIMS MDR),https://mdr.nims.go.jp/datasets/df2910b6-50b7-4d6c-a881-7b9c7b8e16e2,"LTC-calc.log unit cell (PBEsol-relaxed), same file as kappa",mp-9437,True,stoichiometric,NbFeSb,D1,removed,derived (WF / total-minus-kappa_e) copy of a sample whose published kappa_L curve is in the corpus,data/Target_Materials/HEUSLER_KAPPA_TRAINING_SET.csv,,35329.0,,,
NbFeSb,7.575047158707628,W/m/K,824.2024,"experimental, Wiedemann-Franz: kappa_total - L*T/rho (Kim2015 L(S=11uV/K))",0,experimental,1.0,wf_subtracted,5.897535,216.0,F-43m,half-Heusler (C1b / MgAgAs),,"[""Fe"", ""Fe"", ""Fe"", ""Fe"", ""Nb"", ""Nb"", ""Nb"", ""Nb"", ""Sb"", ""Sb"", ""Sb"", ""Sb""]","[[0.25, 0.75, 0.75], [0.25, 0.25, 0.25], [0.75, 0.75, 0.25], [0.75, 0.25, 0.75], [0.0, 0.0, 0.0], [0.0, 0.5, 0.5], [0.5, 0.0, 0.5], [0.5, 0.5, 0.0], [0.5, 0.0, 0.0], [0.5, 0.5, 0.5], [0.0, 0.0, 0.5], [0.0, 0.5, 0.0]]",A,primitive->conventional (x sqrt2),Starrydata (experimental),10.1016/j.actamat.2019.11.010,https://doi.org/10.1016/j.actamat.2019.11.010,Starrydata all_curves.csv (release 'latest'),PhononDB (Togo/NIMS MDR),https://mdr.nims.go.jp/datasets/df2910b6-50b7-4d6c-a881-7b9c7b8e16e2,"LTC-calc.log unit cell (PBEsol-relaxed), same file as kappa",mp-9437,True,stoichiometric,NbFeSb,D1,removed,derived (WF / total-minus-kappa_e) copy of a sample whose published kappa_L curve is in the corpus,data/Target_Materials/HEUSLER_KAPPA_TRAINING_SET.csv,,35326.0,,,
TiCo2Sn,3.8990370367262512,W/m/K,206.727,"experimental, Wiedemann-Franz: kappa_total - L*T/rho (Kim2015 L(S=11uV/K))",0,experimental,1.0,wf_subtracted,6.07655,225.0,Fm-3m,full_Heusler_L21,,"[""Ti"", ""Co"", ""Co"", ""Sn""]","[[0.5, 0.5, 0.5], [0.75, 0.75, 0.75], [0.25, 0.25, 0.25], [0.0, 0.0, 0.0]]",A,conventional,Starrydata (experimental),10.1103/physrevb.82.104420,https://doi.org/10.1103/physrevb.82.104420,Starrydata all_curves.csv (release 'latest'),JARVIS-DFT (NIST),https://www.ctcms.nist.gov/~knc6/static/JARVIS-DFT/JVASP-18102.xml,JARVIS-DFT (NIST),JVASP-18102,False,stoichiometric,TiCo2Sn,D1,removed,derived (WF / total-minus-kappa_e) copy of a sample whose published kappa_L curve is in the corpus,data/Target_Materials/HEUSLER_KAPPA_TRAINING_SET.csv,,2871.0,,,
TiCo2Sn,3.9187711819306266,W/m/K,217.141,"experimental, Wiedemann-Franz: kappa_total - L*T/rho (Kim2015 L(S=14uV/K))",0,experimental,1.0,wf_subtracted,6.07655,225.0,Fm-3m,full_Heusler_L21,,"[""Ti"", ""Co"", ""Co"", ""Sn""]","[[0.5, 0.5, 0.5], [0.75, 0.75, 0.75], [0.25, 0.25, 0.25], [0.0, 0.0, 0.0]]",A,conventional,Starrydata (experimental),10.1103/physrevb.82.104420,https://doi.org/10.1103/physrevb.82.104420,Starrydata all_curves.csv (release 'latest'),JARVIS-DFT (NIST),https://www.ctcms.nist.gov/~knc6/static/JARVIS-DFT/JVASP-18102.xml,JARVIS-DFT (NIST),JVASP-18102,False,stoichiometric,TiCo2Sn,D1,removed,derived (WF / total-minus-kappa_e) copy of a sample whose published kappa_L curve is in the corpus,data/Target_Materials/HEUSLER_KAPPA_TRAINING_SET.csv,,2871.0,,,
TiCo2Sn,3.954650514782157,W/m/K,224.641,"experimental, Wiedemann-Franz: kappa_total - L*T/rho (Kim2015 L(S=14uV/K))",0,experimental,1.0,wf_subtracted,6.07655,225.0,Fm-3m,full_Heusler_L21,,"[""Ti"", ""Co"", ""Co"", ""Sn""]","[[0.5, 0.5, 0.5], [0.75, 0.75, 0.75], [0.25, 0.25, 0.25], [0.0, 0.0, 0.0]]",A,conventional,Starrydata (experimental),10.1103/physrevb.82.104420,https://doi.org/10.1103/physrevb.82.104420,Starrydata all_curves.csv (release 'latest'),JARVIS-DFT (NIST),https://www.ctcms.nist.gov/~knc6/static/JARVIS-DFT/JVASP-18102.xml,JARVIS-DFT (NIST),JVASP-18102,False,stoichiometric,TiCo2Sn,D1,removed,derived (WF / total-minus-kappa_e) copy of a sample whose published kappa_L curve is in the corpus,data/Target_Materials/HEUSLER_KAPPA_TRAINING_SET.csv,,2871.0,,,
TiCo2Sn,3.98033866276164,W/m/K,235.041,"experimental, Wiedemann-Franz: kappa_total - L*T/rho (Kim2015 L(S=17uV/K))",0,experimental,1.0,wf_subtracted,6.07655,225.0,Fm-3m,full_Heusler_L21,,"[""Ti"", ""Co"", ""Co"", ""Sn""]","[[0.5, 0.5, 0.5], [0.75, 0.75, 0.75], [0.25, 0.25, 0.25], [0.0, 0.0, 0.0]]",A,conventional,Starrydata (experimental),10.1103/physrevb.82.104420,https://doi.org/10.1103/physrevb.82.104420,Starrydata all_curves.csv (release 'latest'),JARVIS-DFT (NIST),https://www.ctcms.nist.gov/~knc6/static/JARVIS-DFT/JVASP-18102.xml,JARVIS-DFT (NIST),JVASP-18102,False,stoichiometric,TiCo2Sn,D1,removed,derived (WF / total-minus-kappa_e) copy of a sample whose published kappa_L curve is in the corpus,data/Target_Materials/HEUSLER_KAPPA_TRAINING_SET.csv,,2871.0,,,
TiCo2Sn,4.022909772976862,W/m/K,242.605,"experimental, Wiedemann-Franz: kappa_total - L*T/rho (Kim2015 L(S=17uV/K))",0,experimental,1.0,wf_subtracted,6.07655,225.0,Fm-3m,full_Heusler_L21,,"[""Ti"", ""Co"", ""Co"", ""Sn""]","[[0.5, 0.5, 0.5], [0.75, 0.75, 0.75], [0.25, 0.25, 0.25], [0.0, 0.0, 0.0]]",A,conventional,Starrydata (experimental),10.1103/physrevb.82.104420,https://doi.org/10.1103/physrevb.82.104420,Starrydata all_curves.csv (release 'latest'),JARVIS-DFT (NIST),https://www.ctcms.nist.gov/~knc6/static/JARVIS-DFT/JVASP-18102.xml,JARVIS-DFT (NIST),JVASP-18102,False,stoichiometric,TiCo2Sn,D1,removed,derived (WF / total-minus-kappa_e) copy of a sample whose published kappa_L curve is in the corpus,data/Target_Materials/HEUSLER_KAPPA_TRAINING_SET.csv,,2871.0,,,
TiCo2Sn,4.077583065499667,W/m/K,250.098,"experimental, Wiedemann-Franz: kappa_total - L*T/rho (Kim2015 L(S=20uV/K))",0,experimental,1.0,wf_subtracted,6.07655,225.0,Fm-3m,full_Heusler_L21,,"[""Ti"", ""Co"", ""Co"", ""Sn""]","[[0.5, 0.5, 0.5], [0.75, 0.75, 0.75], [0.25, 0.25, 0.25], [0.0, 0.0, 0.0]]",A,conventional,Starrydata (experimental),10.1103/physrevb.82.104420,https://doi.org/10.1103/physrevb.82.104420,Starrydata all_curves.csv (release 'latest'),JARVIS-DFT (NIST),https://www.ctcms.nist.gov/~knc6/static/JARVIS-DFT/JVASP-18102.xml,JARVIS-DFT (NIST),JVASP-18102,False,stoichiometric,TiCo2Sn,D1,removed,derived (WF / total-minus-kappa_e) copy of a sample whose published kappa_L curve is in the corpus,data/Target_Materials/HEUSLER_KAPPA_TRAINING_SET.csv,,2871.0,,,
TiCo2Sn,4.15851818776433,W/m/K,257.015,"experimental, Wiedemann-Franz: kappa_total - L*T/rho (Kim2015 L(S=22uV/K))",0,experimental,1.0,wf_subtracted,6.07655,225.0,Fm-3m,full_Heusler_L21,,"[""Ti"", ""Co"", ""Co"", ""Sn""]","[[0.5, 0.5, 0.5], [0.75, 0.75, 0.75], [0.25, 0.25, 0.25], [0.0, 0.0, 0.0]]",A,conventional,Starrydata (experimental),10.1103/physrevb.82.104420,https://doi.org/10.1103/physrevb.82.104420,Starrydata all_curves.csv (release 'latest'),JARVIS-DFT (NIST),https://www.ctcms.nist.gov/~knc6/static/JARVIS-DFT/JVASP-18102.xml,JARVIS-DFT (NIST),JVASP-18102,False,stoichiometric,TiCo2Sn,D1,removed,derived (WF / total-minus-kappa_e) copy of a sample whose published kappa_L curve is in the corpus,data/Target_Materials/HEUSLER_KAPPA_TRAINING_SET.csv,,2871.0,,,
TiCo2Sn,4.253206369030576,W/m/K,264.656,"experimental, Wiedemann-Franz: kappa_total - L*T/rho (Kim2015 L(S=23uV/K))",0,experimental,1.0,wf_subtracted,6.07655,225.0,Fm-3m,full_Heusler_L21,,"[""Ti"", ""Co"", ""Co"", ""Sn""]","[[0.5, 0.5, 0.5], [0.75, 0.75, 0.75], [0.25, 0.25, 0.25], [0.0, 0.0, 0.0]]",A,conventional,Starrydata (experimental),10.1103/physrevb.82.104420,https://doi.org/10.1103/physrevb.82.104420,Starrydata all_curves.csv (release 'latest'),JARVIS-DFT (NIST),https://www.ctcms.nist.gov/~knc6/static/JARVIS-DFT/JVASP-18102.xml,JARVIS-DFT (NIST),JVASP-18102,False,stoichiometric,TiCo2Sn,D1,removed,derived (WF / total-minus-kappa_e) copy of a sample whose published kappa_L curve is in the corpus,data/Target_Materials/HEUSLER_KAPPA_TRAINING_SET.csv,,2871.0,,,
TiCo2Sn,4.373648866754824,W/m/K,277.428,"experimental, Wiedemann-Franz: kappa_total - L*T/rho (Kim2015 L(S=28uV/K))",0,experimental,1.0,wf_subtracted,6.07655,225.0,Fm-3m,full_Heusler_L21,,"[""Ti"", ""Co"", ""Co"", ""Sn""]","[[0.5, 0.5, 0.5], [0.75, 0.75, 0.75], [0.25, 0.25, 0.25], [0.0, 0.0, 0.0]]",A,conventional,Starrydata (experimental),10.1103/physrevb.82.104420,https://doi.org/10.1103/physrevb.82.104420,Starrydata all_curves.csv (release 'latest'),JARVIS-DFT (NIST),https://www.ctcms.nist.gov/~knc6/static/JARVIS-DFT/JVASP-18102.xml,JARVIS-DFT (NIST),JVASP-18102,False,stoichiometric,TiCo2Sn,D1,removed,derived (WF / total-minus-kappa_e) copy of a sample whose published kappa_L curve is in the corpus,data/Target_Materials/HEUSLER_KAPPA_TRAINING_SET.csv,,2871.0,,,
TiCo2Sn,4.353382975107864,W/m/K,284.169,"experimental, Wiedemann-Franz: kappa_total - L*T/rho (Kim2015 L(S=30uV/K))",0,experimental,1.0,wf_subtracted,6.07655,225.0,Fm-3m,full_Heusler_L21,,"[""Ti"", ""Co"", ""Co"", ""Sn""]","[[0.5, 0.5, 0.5], [0.75, 0.75, 0.75], [0.25, 0.25, 0.25], [0.0, 0.0, 0.0]]",A,conventional,Starrydata (experimental),10.1103/physrevb.82.104420,https://doi.org/10.1103/physrevb.82.104420,Starrydata all_curves.csv (release 'latest'),JARVIS-DFT (NIST),https://www.ctcms.nist.gov/~knc6/static/JARVIS-DFT/JVASP-18102.xml,JARVIS-DFT (NIST),JVASP-18102,False,stoichiometric,TiCo2Sn,D1,removed,derived (WF / total-minus-kappa_e) copy of a sample whose published kappa_L curve is in the corpus,data/Target_Materials/HEUSLER_KAPPA_TRAINING_SET.csv,,2871.0,,,
TiCo2Sn,4.3709205304519205,W/m/K,290.679,"experimental, Wiedemann-Franz: kappa_total - L*T/rho (Kim2015 L(S=32uV/K))",0,experimental,1.0,wf_subtracted,6.07655,225.0,Fm-3m,full_Heusler_L21,,"[""Ti"", ""Co"", ""Co"", ""Sn""]","[[0.5, 0.5, 0.5], [0.75, 0.75, 0.75], [0.25, 0.25, 0.25], [0.0, 0.0, 0.0]]",A,conventional,Starrydata (experimental),10.1103/physrevb.82.104420,https://doi.org/10.1103/physrevb.82.104420,Starrydata all_curves.csv (release 'latest'),JARVIS-DFT (NIST),https://www.ctcms.nist.gov/~knc6/static/JARVIS-DFT/JVASP-18102.xml,JARVIS-DFT (NIST),JVASP-18102,False,stoichiometric,TiCo2Sn,D1,removed,derived (WF / total-minus-kappa_e) copy of a sample whose published kappa_L curve is in the corpus,data/Target_Materials/HEUSLER_KAPPA_TRAINING_SET.csv,,2871.0,,,
TiCo2Sn,4.428134885855664,W/m/K,297.448,"experimental, Wiedemann-Franz: kappa_total - L*T/rho (Kim2015 L(S=33uV/K))",0,experimental,1.0,wf_subtracted,6.07655,225.0,Fm-3m,full_Heusler_L21,,"[""Ti"", ""Co"", ""Co"", ""Sn""]","[[0.5, 0.5, 0.5], [0.75, 0.75, 0.75], [0.25, 0.25, 0.25], [0.0, 0.0, 0.0]]",A,conventional,Starrydata (experimental),10.1103/physrevb.82.104420,https://doi.org/10.1103/physrevb.82.104420,Starrydata all_curves.csv (release 'latest'),JARVIS-DFT (NIST),https://www.ctcms.nist.gov/~knc6/static/JARVIS-DFT/JVASP-18102.xml,JARVIS-DFT (NIST),JVASP-18102,False,stoichiometric,TiCo2Sn,D1,removed,derived (WF / total-minus-kappa_e) copy of a sample whose published kappa_L curve is in the corpus,data/Target_Materials/HEUSLER_KAPPA_TRAINING_SET.csv,,2871.0,,,
TiFe2Sn,2.465720375703272,W/m/K,298.5022,"experimental, Wiedemann-Franz: kappa_total - L*T/rho (degenerate 2.44e-8)",0,experimental,1.0,wf_subtracted,6.03014,225.0,Fm-3m,full_Heusler_L21,,"[""Ti"", ""Fe"", ""Fe"", ""Sn""]","[[0.0, 0.0, 0.0], [0.75, 0.75, 0.75], [0.25, 0.25, 0.25], [0.5, 0.5, 0.5]]",A,conventional,Starrydata (experimental),10.3390/inorganics12120322,https://doi.org/10.3390/inorganics12120322,Starrydata all_curves.csv (release 'latest'),JARVIS-DFT (NIST),https://www.ctcms.nist.gov/~knc6/static/JARVIS-DFT/JVASP-7934.xml,JARVIS-DFT (NIST),JVASP-7934,False,stoichiometric,TiFe2Sn,D1,removed,derived (WF / total-minus-kappa_e) copy of a sample whose published kappa_L curve is in the corpus,data/Target_Materials/HEUSLER_KAPPA_TRAINING_SET.csv,,93464.0,,,
TiFe2Sn,2.4737439241589945,W/m/K,320.8124,"experimental, Wiedemann-Franz: kappa_total - L*T/rho (degenerate 2.44e-8)",0,experimental,1.0,wf_subtracted,6.03014,225.0,Fm-3m,full_Heusler_L21,,"[""Ti"", ""Fe"", ""Fe"", ""Sn""]","[[0.0, 0.0, 0.0], [0.75, 0.75, 0.75], [0.25, 0.25, 0.25], [0.5, 0.5, 0.5]]",A,conventional,Starrydata (experimental),10.3390/inorganics12120322,https://doi.org/10.3390/inorganics12120322,Starrydata all_curves.csv (release 'latest'),JARVIS-DFT (NIST),https://www.ctcms.nist.gov/~knc6/static/JARVIS-DFT/JVASP-7934.xml,JARVIS-DFT (NIST),JVASP-7934,False,stoichiometric,TiFe2Sn,D1,removed,derived (WF / total-minus-kappa_e) copy of a sample whose published kappa_L curve is in the corpus,data/Target_Materials/HEUSLER_KAPPA_TRAINING_SET.csv,,93464.0,,,
TiFe2Sn,2.451166432103243,W/m/K,373.0471,"experimental, Wiedemann-Franz: kappa_total - L*T/rho (degenerate 2.44e-8)",0,experimental,1.0,wf_subtracted,6.03014,225.0,Fm-3m,full_Heusler_L21,,"[""Ti"", ""Fe"", ""Fe"", ""Sn""]","[[0.0, 0.0, 0.0], [0.75, 0.75, 0.75], [0.25, 0.25, 0.25], [0.5, 0.5, 0.5]]",A,conventional,Starrydata (experimental),10.3390/inorganics12120322,https://doi.org/10.3390/inorganics12120322,Starrydata all_curves.csv (release 'latest'),JARVIS-DFT (NIST),https://www.ctcms.nist.gov/~knc6/static/JARVIS-DFT/JVASP-7934.xml,JARVIS-DFT (NIST),JVASP-7934,False,stoichiometric,TiFe2Sn,D1,removed,derived (WF / total-minus-kappa_e) copy of a sample whose published kappa_L curve is in the corpus,data/Target_Materials/HEUSLER_KAPPA_TRAINING_SET.csv,,93464.0,,,
TiFe2Sn,2.624398545431243,W/m/K,423.6617,"experimental, Wiedemann-Franz: kappa_total - L*T/rho (degenerate 2.44e-8)",0,experimental,1.0,wf_subtracted,6.03014,225.0,Fm-3m,full_Heusler_L21,,"[""Ti"", ""Fe"", ""Fe"", ""Sn""]","[[0.0, 0.0, 0.0], [0.75, 0.75, 0.75], [0.25, 0.25, 0.25], [0.5, 0.5, 0.5]]",A,conventional,Starrydata (experimental),10.3390/inorganics12120322,https://doi.org/10.3390/inorganics12120322,Starrydata all_curves.csv (release 'latest'),JARVIS-DFT (NIST),https://www.ctcms.nist.gov/~knc6/static/JARVIS-DFT/JVASP-7934.xml,JARVIS-DFT (NIST),JVASP-7934,False,stoichiometric,TiFe2Sn,D1,removed,derived (WF / total-minus-kappa_e) copy of a sample whose published kappa_L curve is in the corpus,data/Target_Materials/HEUSLER_KAPPA_TRAINING_SET.csv,,93464.0,,,
TiFe2Sn,2.802941656020445,W/m/K,473.7345,"experimental, Wiedemann-Franz: kappa_total - L*T/rho (degenerate 2.44e-8)",0,experimental,1.0,wf_subtracted,6.03014,225.0,Fm-3m,full_Heusler_L21,,"[""Ti"", ""Fe"", ""Fe"", ""Sn""]","[[0.0, 0.0, 0.0], [0.75, 0.75, 0.75], [0.25, 0.25, 0.25], [0.5, 0.5, 0.5]]",A,conventional,Starrydata (experimental),10.3390/inorganics12120322,https://doi.org/10.3390/inorganics12120322,Starrydata all_curves.csv (release 'latest'),JARVIS-DFT (NIST),https://www.ctcms.nist.gov/~knc6/static/JARVIS-DFT/JVASP-7934.xml,JARVIS-DFT (NIST),JVASP-7934,False,stoichiometric,TiFe2Sn,D1,removed,derived (WF / total-minus-kappa_e) copy of a sample whose published kappa_L curve is in the corpus,data/Target_Materials/HEUSLER_KAPPA_TRAINING_SET.csv,,93464.0,,,
TiFe2Sn,2.910625797855162,W/m/K,525.437,"experimental, Wiedemann-Franz: kappa_total - L*T/rho (degenerate 2.44e-8)",0,experimental,1.0,wf_subtracted,6.03014,225.0,Fm-3m,full_Heusler_L21,,"[""Ti"", ""Fe"", ""Fe"", ""Sn""]","[[0.0, 0.0, 0.0], [0.75, 0.75, 0.75], [0.25, 0.25, 0.25], [0.5, 0.5, 0.5]]",A,conventional,Starrydata (experimental),10.3390/inorganics12120322,https://doi.org/10.3390/inorganics12120322,Starrydata all_curves.csv (release 'latest'),JARVIS-DFT (NIST),https://www.ctcms.nist.gov/~knc6/static/JARVIS-DFT/JVASP-7934.xml,JARVIS-DFT (NIST),JVASP-7934,False,stoichiometric,TiFe2Sn,D1,removed,derived (WF / total-minus-kappa_e) copy of a sample whose published kappa_L curve is in the corpus,data/Target_Materials/HEUSLER_KAPPA_TRAINING_SET.csv,,93464.0,,,
TiFe2Sn,2.7701698826696552,W/m/K,577.131,"experimental, Wiedemann-Franz: kappa_total - L*T/rho (degenerate 2.44e-8)",0,experimental,1.0,wf_subtracted,6.03014,225.0,Fm-3m,full_Heusler_L21,,"[""Ti"", ""Fe"", ""Fe"", ""Sn""]","[[0.0, 0.0, 0.0], [0.75, 0.75, 0.75], [0.25, 0.25, 0.25], [0.5, 0.5, 0.5]]",A,conventional,Starrydata (experimental),10.3390/inorganics12120322,https://doi.org/10.3390/inorganics12120322,Starrydata all_curves.csv (release 'latest'),JARVIS-DFT (NIST),https://www.ctcms.nist.gov/~knc6/static/JARVIS-DFT/JVASP-7934.xml,JARVIS-DFT (NIST),JVASP-7934,False,stoichiometric,TiFe2Sn,D1,removed,derived (WF / total-minus-kappa_e) copy of a sample whose published kappa_L curve is in the corpus,data/Target_Materials/HEUSLER_KAPPA_TRAINING_SET.csv,,93464.0,,,
TiFe2Sn,2.772019660793573,W/m/K,625.5676,"experimental, Wiedemann-Franz: kappa_total - L*T/rho (degenerate 2.44e-8)",0,experimental,1.0,wf_subtracted,6.03014,225.0,Fm-3m,full_Heusler_L21,,"[""Ti"", ""Fe"", ""Fe"", ""Sn""]","[[0.0, 0.0, 0.0], [0.75, 0.75, 0.75], [0.25, 0.25, 0.25], [0.5, 0.5, 0.5]]",A,conventional,Starrydata (experimental),10.3390/inorganics12120322,https://doi.org/10.3390/inorganics12120322,Starrydata all_curves.csv (release 'latest'),JARVIS-DFT (NIST),https://www.ctcms.nist.gov/~knc6/static/JARVIS-DFT/JVASP-7934.xml,JARVIS-DFT (NIST),JVASP-7934,False,stoichiometric,TiFe2Sn,D1,removed,derived (WF / total-minus-kappa_e) copy of a sample whose published kappa_L curve is in the corpus,data/Target_Materials/HEUSLER_KAPPA_TRAINING_SET.csv,,93464.0,,,
TiFe2Sn,2.6664477806665685,W/m/K,676.1779,"experimental, Wiedemann-Franz: kappa_total - L*T/rho (degenerate 2.44e-8)",0,experimental,1.0,wf_subtracted,6.03014,225.0,Fm-3m,full_Heusler_L21,,"[""Ti"", ""Fe"", ""Fe"", ""Sn""]","[[0.0, 0.0, 0.0], [0.75, 0.75, 0.75], [0.25, 0.25, 0.25], [0.5, 0.5, 0.5]]",A,conventional,Starrydata (experimental),10.3390/inorganics12120322,https://doi.org/10.3390/inorganics12120322,Starrydata all_curves.csv (release 'latest'),JARVIS-DFT (NIST),https://www.ctcms.nist.gov/~knc6/static/JARVIS-DFT/JVASP-7934.xml,JARVIS-DFT (NIST),JVASP-7934,False,stoichiometric,TiFe2Sn,D1,removed,derived (WF / total-minus-kappa_e) copy of a sample whose published kappa_L curve is in the corpus,data/Target_Materials/HEUSLER_KAPPA_TRAINING_SET.csv,,93464.0,,,
TiFe2Sn,2.601820571721607,W/m/K,726.2474,"experimental, Wiedemann-Franz: kappa_total - L*T/rho (degenerate 2.44e-8)",0,experimental,1.0,wf_subtracted,6.03014,225.0,Fm-3m,full_Heusler_L21,,"[""Ti"", ""Fe"", ""Fe"", ""Sn""]","[[0.0, 0.0, 0.0], [0.75, 0.75, 0.75], [0.25, 0.25, 0.25], [0.5, 0.5, 0.5]]",A,conventional,Starrydata (experimental),10.3390/inorganics12120322,https://doi.org/10.3390/inorganics12120322,Starrydata all_curves.csv (release 'latest'),JARVIS-DFT (NIST),https://www.ctcms.nist.gov/~knc6/static/JARVIS-DFT/JVASP-7934.xml,JARVIS-DFT (NIST),JVASP-7934,False,stoichiometric,TiFe2Sn,D1,removed,derived (WF / total-minus-kappa_e) copy of a sample whose published kappa_L curve is in the corpus,data/Target_Materials/HEUSLER_KAPPA_TRAINING_SET.csv,,93464.0,,,
TiFe2Sn,2.4008176867717603,W/m/K,775.2248,"experimental, Wiedemann-Franz: kappa_total - L*T/rho (degenerate 2.44e-8)",0,experimental,1.0,wf_subtracted,6.03014,225.0,Fm-3m,full_Heusler_L21,,"[""Ti"", ""Fe"", ""Fe"", ""Sn""]","[[0.0, 0.0, 0.0], [0.75, 0.75, 0.75], [0.25, 0.25, 0.25], [0.5, 0.5, 0.5]]",A,conventional,Starrydata (experimental),10.3390/inorganics12120322,https://doi.org/10.3390/inorganics12120322,Starrydata all_curves.csv (release 'latest'),JARVIS-DFT (NIST),https://www.ctcms.nist.gov/~knc6/static/JARVIS-DFT/JVASP-7934.xml,JARVIS-DFT (NIST),JVASP-7934,False,stoichiometric,TiFe2Sn,D1,removed,derived (WF / total-minus-kappa_e) copy of a sample whose published kappa_L curve is in the corpus,data/Target_Materials/HEUSLER_KAPPA_TRAINING_SET.csv,,93464.0,,,
TiFe2Sn,2.2997937962316275,W/m/K,824.2043,"experimental, Wiedemann-Franz: kappa_total - L*T/rho (degenerate 2.44e-8)",0,experimental,1.0,wf_subtracted,6.03014,225.0,Fm-3m,full_Heusler_L21,,"[""Ti"", ""Fe"", ""Fe"", ""Sn""]","[[0.0, 0.0, 0.0], [0.75, 0.75, 0.75], [0.25, 0.25, 0.25], [0.5, 0.5, 0.5]]",A,conventional,Starrydata (experimental),10.3390/inorganics12120322,https://doi.org/10.3390/inorganics12120322,Starrydata all_curves.csv (release 'latest'),JARVIS-DFT (NIST),https://www.ctcms.nist.gov/~knc6/static/JARVIS-DFT/JVASP-7934.xml,JARVIS-DFT (NIST),JVASP-7934,False,stoichiometric,TiFe2Sn,D1,removed,derived (WF / total-minus-kappa_e) copy of a sample whose published kappa_L curve is in the corpus,data/Target_Materials/HEUSLER_KAPPA_TRAINING_SET.csv,,93464.0,,,
TiFe2Sn,2.493324341758255,W/m/K,873.2019,"experimental, Wiedemann-Franz: kappa_total - L*T/rho (degenerate 2.44e-8)",0,experimental,1.0,wf_subtracted,6.03014,225.0,Fm-3m,full_Heusler_L21,,"[""Ti"", ""Fe"", ""Fe"", ""Sn""]","[[0.0, 0.0, 0.0], [0.75, 0.75, 0.75], [0.25, 0.25, 0.25], [0.5, 0.5, 0.5]]",A,conventional,Starrydata (experimental),10.3390/inorganics12120322,https://doi.org/10.3390/inorganics12120322,Starrydata all_curves.csv (release 'latest'),JARVIS-DFT (NIST),https://www.ctcms.nist.gov/~knc6/static/JARVIS-DFT/JVASP-7934.xml,JARVIS-DFT (NIST),JVASP-7934,False,stoichiometric,TiFe2Sn,D1,removed,derived (WF / total-minus-kappa_e) copy of a sample whose published kappa_L curve is in the corpus,data/Target_Materials/HEUSLER_KAPPA_TRAINING_SET.csv,,93464.0,,,
TiNiSn,5.618538901466448,W/m/K,309.1023,"experimental, Wiedemann-Franz: kappa_total - L*T/rho (Kim2015 L(S=231uV/K))",0,experimental,1.0,wf_subtracted,5.865993,216.0,F-43m,half-Heusler (C1b / MgAgAs),,"[""Ti"", ""Ti"", ""Ti"", ""Ti"", ""Ni"", ""Ni"", ""Ni"", ""Ni"", ""Sn"", ""Sn"", ""Sn"", ""Sn""]","[[0.5, 0.0, 0.0], [0.5, 0.5, 0.5], [0.0, 0.0, 0.5], [0.0, 0.5, 0.0], [0.25, 0.25, 0.75], [0.25, 0.75, 0.25], [0.75, 0.25, 0.25], [0.75, 0.75, 0.75], [0.0, 0.0, 0.0], [0.0, 0.5, 0.5], [0.5, 0.0, 0.5], [0.5, 0.5, 0.0]]",A,primitive->conventional (x sqrt2),Starrydata (experimental),10.1016/j.scriptamat.2020.09.010,https://doi.org/10.1016/j.scriptamat.2020.09.010,Starrydata all_curves.csv (release 'latest'),PhononDB (Togo/NIMS MDR),https://mdr.nims.go.jp/datasets/02fa4c75-ed5f-4897-b727-67d05b922c4a,"LTC-calc.log unit cell (PBEsol-relaxed), same file as kappa",mp-924130,True,stoichiometric,TiNiSn,D1,removed,derived (WF / total-minus-kappa_e) copy of a sample whose published kappa_L curve is in the corpus,data/Target_Materials/HEUSLER_KAPPA_TRAINING_SET.csv,,38664.0,,,
TiNiSn,5.9866291835290255,W/m/K,324.625,"experimental, Wiedemann-Franz: kappa_total - L*T/rho (Kim2015 L(S=192uV/K))",0,experimental,1.0,wf_subtracted,5.865993,216.0,F-43m,half-Heusler (C1b / MgAgAs),,"[""Ti"", ""Ti"", ""Ti"", ""Ti"", ""Ni"", ""Ni"", ""Ni"", ""Ni"", ""Sn"", ""Sn"", ""Sn"", ""Sn""]","[[0.5, 0.0, 0.0], [0.5, 0.5, 0.5], [0.0, 0.0, 0.5], [0.0, 0.5, 0.0], [0.25, 0.25, 0.75], [0.25, 0.75, 0.25], [0.75, 0.25, 0.25], [0.75, 0.75, 0.75], [0.0, 0.0, 0.0], [0.0, 0.5, 0.5], [0.5, 0.0, 0.5], [0.5, 0.5, 0.0]]",A,primitive->conventional (x sqrt2),Starrydata (experimental),10.3390/ma11040536,https://doi.org/10.3390/ma11040536,Starrydata all_curves.csv (release 'latest'),PhononDB (Togo/NIMS MDR),https://mdr.nims.go.jp/datasets/02fa4c75-ed5f-4897-b727-67d05b922c4a,"LTC-calc.log unit cell (PBEsol-relaxed), same file as kappa",mp-924130,True,stoichiometric,TiNiSn,D1,removed,derived (WF / total-minus-kappa_e) copy of a sample whose published kappa_L curve is in the corpus,data/Target_Materials/HEUSLER_KAPPA_TRAINING_SET.csv,,12671.0,,,
TiNiSn,7.414264506219911,W/m/K,326.698,"experimental, Wiedemann-Franz: kappa_total - L*T/rho (Kim2015 L(S=116uV/K))",0,experimental,1.0,wf_subtracted,5.865993,216.0,F-43m,half-Heusler (C1b / MgAgAs),,"[""Ti"", ""Ti"", ""Ti"", ""Ti"", ""Ni"", ""Ni"", ""Ni"", ""Ni"", ""Sn"", ""Sn"", ""Sn"", ""Sn""]","[[0.5, 0.0, 0.0], [0.5, 0.5, 0.5], [0.0, 0.0, 0.5], [0.0, 0.5, 0.0], [0.25, 0.25, 0.75], [0.25, 0.75, 0.25], [0.75, 0.25, 0.25], [0.75, 0.75, 0.75], [0.0, 0.0, 0.0], [0.0, 0.5, 0.5], [0.5, 0.0, 0.5], [0.5, 0.5, 0.0]]",A,primitive->conventional (x sqrt2),Starrydata (experimental),10.3390/ma11020262,https://doi.org/10.3390/ma11020262,Starrydata all_curves.csv (release 'latest'),PhononDB (Togo/NIMS MDR),https://mdr.nims.go.jp/datasets/02fa4c75-ed5f-4897-b727-67d05b922c4a,"LTC-calc.log unit cell (PBEsol-relaxed), same file as kappa",mp-924130,True,stoichiometric,TiNiSn,D1,removed,derived (WF / total-minus-kappa_e) copy of a sample whose published kappa_L curve is in the corpus,data/Target_Materials/HEUSLER_KAPPA_TRAINING_SET.csv,,12689.0,,,
TiNiSn,5.350260253679109,W/m/K,330.1493,"experimental, Wiedemann-Franz: kappa_total - L*T/rho (Kim2015 L(S=258uV/K))",0,experimental,1.0,wf_subtracted,5.865993,216.0,F-43m,half-Heusler (C1b / MgAgAs),,"[""Ti"", ""Ti"", ""Ti"", ""Ti"", ""Ni"", ""Ni"", ""Ni"", ""Ni"", ""Sn"", ""Sn"", ""Sn"", ""Sn""]","[[0.5, 0.0, 0.0], [0.5, 0.5, 0.5], [0.0, 0.0, 0.5], [0.0, 0.5, 0.0], [0.25, 0.25, 0.75], [0.25, 0.75, 0.25], [0.75, 0.25, 0.25], [0.75, 0.75, 0.75], [0.0, 0.0, 0.0], [0.0, 0.5, 0.5], [0.5, 0.0, 0.5], [0.5, 0.5, 0.0]]",A,primitive->conventional (x sqrt2),Starrydata (experimental),10.1016/j.scriptamat.2020.09.010,https://doi.org/10.1016/j.scriptamat.2020.09.010,Starrydata all_curves.csv (release 'latest'),PhononDB (Togo/NIMS MDR),https://mdr.nims.go.jp/datasets/02fa4c75-ed5f-4897-b727-67d05b922c4a,"LTC-calc.log unit cell (PBEsol-relaxed), same file as kappa",mp-924130,True,stoichiometric,TiNiSn,D1,removed,derived (WF / total-minus-kappa_e) copy of a sample whose published kappa_L curve is in the corpus,data/Target_Materials/HEUSLER_KAPPA_TRAINING_SET.csv,,38664.0,,,
TiNiSn,7.5246798755383635,W/m/K,337.7163,"experimental, Wiedemann-Franz: kappa_total - L*T/rho (Kim2015 L(S=121uV/K))",0,experimental,1.0,wf_subtracted,5.865993,216.0,F-43m,half-Heusler (C1b / MgAgAs),,"[""Ti"", ""Ti"", ""Ti"", ""Ti"", ""Ni"", ""Ni"", ""Ni"", ""Ni"", ""Sn"", ""Sn"", ""Sn"", ""Sn""]","[[0.5, 0.0, 0.0], [0.5, 0.5, 0.5], [0.0, 0.0, 0.5], [0.0, 0.5, 0.0], [0.25, 0.25, 0.75], [0.25, 0.75, 0.25], [0.75, 0.25, 0.25], [0.75, 0.75, 0.75], [0.0, 0.0, 0.0], [0.0, 0.5, 0.5], [0.5, 0.0, 0.5], [0.5, 0.5, 0.0]]",A,primitive->conventional (x sqrt2),Starrydata (experimental),10.3390/ma11020262,https://doi.org/10.3390/ma11020262,Starrydata all_curves.csv (release 'latest'),PhononDB (Togo/NIMS MDR),https://mdr.nims.go.jp/datasets/02fa4c75-ed5f-4897-b727-67d05b922c4a,"LTC-calc.log unit cell (PBEsol-relaxed), same file as kappa",mp-924130,True,stoichiometric,TiNiSn,D1,removed,derived (WF / total-minus-kappa_e) copy of a sample whose published kappa_L curve is in the corpus,data/Target_Materials/HEUSLER_KAPPA_TRAINING_SET.csv,,12689.0,,,
TiNiSn,5.844786003871966,W/m/K,339.9866,"experimental, Wiedemann-Franz: kappa_total - L*T/rho (Kim2015 L(S=197uV/K))",0,experimental,1.0,wf_subtracted,5.865993,216.0,F-43m,half-Heusler (C1b / MgAgAs),,"[""Ti"", ""Ti"", ""Ti"", ""Ti"", ""Ni"", ""Ni"", ""Ni"", ""Ni"", ""Sn"", ""Sn"", ""Sn"", ""Sn""]","[[0.5, 0.0, 0.0], [0.5, 0.5, 0.5], [0.0, 0.0, 0.5], [0.0, 0.5, 0.0], [0.25, 0.25, 0.75], [0.25, 0.75, 0.25], [0.75, 0.25, 0.25], [0.75, 0.75, 0.75], [0.0, 0.0, 0.0], [0.0, 0.5, 0.5], [0.5, 0.0, 0.5], [0.5, 0.5, 0.0]]",A,primitive->conventional (x sqrt2),Starrydata (experimental),10.3390/ma11040536,https://doi.org/10.3390/ma11040536,Starrydata all_curves.csv (release 'latest'),PhononDB (Togo/NIMS MDR),https://mdr.nims.go.jp/datasets/02fa4c75-ed5f-4897-b727-67d05b922c4a,"LTC-calc.log unit cell (PBEsol-relaxed), same file as kappa",mp-924130,True,stoichiometric,TiNiSn,D1,removed,derived (WF / total-minus-kappa_e) copy of a sample whose published kappa_L curve is in the corpus,data/Target_Materials/HEUSLER_KAPPA_TRAINING_SET.csv,,12671.0,,,
TiNiSn,5.6970775465494095,W/m/K,355.3481,"experimental, Wiedemann-Franz: kappa_total - L*T/rho (Kim2015 L(S=202uV/K))",0,experimental,1.0,wf_subtracted,5.865993,216.0,F-43m,half-Heusler (C1b / MgAgAs),,"[""Ti"", ""Ti"", ""Ti"", ""Ti"", ""Ni"", ""Ni"", ""Ni"", ""Ni"", ""Sn"", ""Sn"", ""Sn"", ""Sn""]","[[0.5, 0.0, 0.0], [0.5, 0.5, 0.5], [0.0, 0.0, 0.5], [0.0, 0.5, 0.0], [0.25, 0.25, 0.75], [0.25, 0.75, 0.25], [0.75, 0.25, 0.25], [0.75, 0.75, 0.75], [0.0, 0.0, 0.0], [0.0, 0.5, 0.5], [0.5, 0.0, 0.5], [0.5, 0.5, 0.0]]",A,primitive->conventional (x sqrt2),Starrydata (experimental),10.3390/ma11040536,https://doi.org/10.3390/ma11040536,Starrydata all_curves.csv (release 'latest'),PhononDB (Togo/NIMS MDR),https://mdr.nims.go.jp/datasets/02fa4c75-ed5f-4897-b727-67d05b922c4a,"LTC-calc.log unit cell (PBEsol-relaxed), same file as kappa",mp-924130,True,stoichiometric,TiNiSn,D1,removed,derived (WF / total-minus-kappa_e) copy of a sample whose published kappa_L curve is in the corpus,data/Target_Materials/HEUSLER_KAPPA_TRAINING_SET.csv,,12671.0,,,
TiNiSn,5.531974006610133,W/m/K,370.7097,"experimental, Wiedemann-Franz: kappa_total - L*T/rho (Kim2015 L(S=208uV/K))",0,experimental,1.0,wf_subtracted,5.865993,216.0,F-43m,half-Heusler (C1b / MgAgAs),,"[""Ti"", ""Ti"", ""Ti"", ""Ti"", ""Ni"", ""Ni"", ""Ni"", ""Ni"", ""Sn"", ""Sn"", ""Sn"", ""Sn""]","[[0.5, 0.0, 0.0], [0.5, 0.5, 0.5], [0.0, 0.0, 0.5], [0.0, 0.5, 0.0], [0.25, 0.25, 0.75], [0.25, 0.75, 0.25], [0.75, 0.25, 0.25], [0.75, 0.75, 0.75], [0.0, 0.0, 0.0], [0.0, 0.5, 0.5], [0.5, 0.0, 0.5], [0.5, 0.5, 0.0]]",A,primitive->conventional (x sqrt2),Starrydata (experimental),10.3390/ma11040536,https://doi.org/10.3390/ma11040536,Starrydata all_curves.csv (release 'latest'),PhononDB (Togo/NIMS MDR),https://mdr.nims.go.jp/datasets/02fa4c75-ed5f-4897-b727-67d05b922c4a,"LTC-calc.log unit cell (PBEsol-relaxed), same file as kappa",mp-924130,True,stoichiometric,TiNiSn,D1,removed,derived (WF / total-minus-kappa_e) copy of a sample whose published kappa_L curve is in the corpus,data/Target_Materials/HEUSLER_KAPPA_TRAINING_SET.csv,,12671.0,,,
TiNiSn,4.944406190901396,W/m/K,373.0435,"experimental, Wiedemann-Franz: kappa_total - L*T/rho (Kim2015 L(S=290uV/K))",0,experimental,1.0,wf_subtracted,5.865993,216.0,F-43m,half-Heusler (C1b / MgAgAs),,"[""Ti"", ""Ti"", ""Ti"", ""Ti"", ""Ni"", ""Ni"", ""Ni"", ""Ni"", ""Sn"", ""Sn"", ""Sn"", ""Sn""]","[[0.5, 0.0, 0.0], [0.5, 0.5, 0.5], [0.0, 0.0, 0.5], [0.0, 0.5, 0.0], [0.25, 0.25, 0.75], [0.25, 0.75, 0.25], [0.75, 0.25, 0.25], [0.75, 0.75, 0.75], [0.0, 0.0, 0.0], [0.0, 0.5, 0.5], [0.5, 0.0, 0.5], [0.5, 0.5, 0.0]]",A,primitive->conventional (x sqrt2),Starrydata (experimental),10.1016/j.scriptamat.2020.09.010,https://doi.org/10.1016/j.scriptamat.2020.09.010,Starrydata all_curves.csv (release 'latest'),PhononDB (Togo/NIMS MDR),https://mdr.nims.go.jp/datasets/02fa4c75-ed5f-4897-b727-67d05b922c4a,"LTC-calc.log unit cell (PBEsol-relaxed), same file as kappa",mp-924130,True,stoichiometric,TiNiSn,D1,removed,derived (WF / total-minus-kappa_e) copy of a sample whose published kappa_L curve is in the corpus,data/Target_Materials/HEUSLER_KAPPA_TRAINING_SET.csv,,38664.0,,,
TiNiSn,7.0044117300451765,W/m/K,373.7764,"experimental, Wiedemann-Franz: kappa_total - L*T/rho (Kim2015 L(S=132uV/K))",0,experimental,1.0,wf_subtracted,5.865993,216.0,F-43m,half-Heusler (C1b / MgAgAs),,"[""Ti"", ""Ti"", ""Ti"", ""Ti"", ""Ni"", ""Ni"", ""Ni"", ""Ni"", ""Sn"", ""Sn"", ""Sn"", ""Sn""]","[[0.5, 0.0, 0.0], [0.5, 0.5, 0.5], [0.0, 0.0, 0.5], [0.0, 0.5, 0.0], [0.25, 0.25, 0.75], [0.25, 0.75, 0.25], [0.75, 0.25, 0.25], [0.75, 0.75, 0.75], [0.0, 0.0, 0.0], [0.0, 0.5, 0.5], [0.5, 0.0, 0.5], [0.5, 0.5, 0.0]]",A,primitive->conventional (x sqrt2),Starrydata (experimental),10.3390/ma11020262,https://doi.org/10.3390/ma11020262,Starrydata all_curves.csv (release 'latest'),PhononDB (Togo/NIMS MDR),https://mdr.nims.go.jp/datasets/02fa4c75-ed5f-4897-b727-67d05b922c4a,"LTC-calc.log unit cell (PBEsol-relaxed), same file as kappa",mp-924130,True,stoichiometric,TiNiSn,D1,removed,derived (WF / total-minus-kappa_e) copy of a sample whose published kappa_L curve is in the corpus,data/Target_Materials/HEUSLER_KAPPA_TRAINING_SET.csv,,12689.0,,,
TiNiSn,7.095765404353671,W/m/K,384.0792,"experimental, Wiedemann-Franz: kappa_total - L*T/rho (Kim2015 L(S=136uV/K))",0,experimental,1.0,wf_subtracted,5.865993,216.0,F-43m,half-Heusler (C1b / MgAgAs),,"[""Ti"", ""Ti"", ""Ti"", ""Ti"", ""Ni"", ""Ni"", ""Ni"", ""Ni"", ""Sn"", ""Sn"", ""Sn"", ""Sn""]","[[0.5, 0.0, 0.0], [0.5, 0.5, 0.5], [0.0, 0.0, 0.5], [0.0, 0.5, 0.0], [0.25, 0.25, 0.75], [0.25, 0.75, 0.25], [0.75, 0.25, 0.25], [0.75, 0.75, 0.75], [0.0, 0.0, 0.0], [0.0, 0.5, 0.5], [0.5, 0.0, 0.5], [0.5, 0.5, 0.0]]",A,primitive->conventional (x sqrt2),Starrydata (experimental),10.3390/ma11020262,https://doi.org/10.3390/ma11020262,Starrydata all_curves.csv (release 'latest'),PhononDB (Togo/NIMS MDR),https://mdr.nims.go.jp/datasets/02fa4c75-ed5f-4897-b727-67d05b922c4a,"LTC-calc.log unit cell (PBEsol-relaxed), same file as kappa",mp-924130,True,stoichiometric,TiNiSn,D1,removed,derived (WF / total-minus-kappa_e) copy of a sample whose published kappa_L curve is in the corpus,data/Target_Materials/HEUSLER_KAPPA_TRAINING_SET.csv,,12689.0,,,
TiNiSn,5.393026322234941,W/m/K,386.0712,"experimental, Wiedemann-Franz: kappa_total - L*T/rho (Kim2015 L(S=213uV/K))",0,experimental,1.0,wf_subtracted,5.865993,216.0,F-43m,half-Heusler (C1b / MgAgAs),,"[""Ti"", ""Ti"", ""Ti"", ""Ti"", ""Ni"", ""Ni"", ""Ni"", ""Ni"", ""Sn"", ""Sn"", ""Sn"", ""Sn""]","[[0.5, 0.0, 0.0], [0.5, 0.5, 0.5], [0.0, 0.0, 0.5], [0.0, 0.5, 0.0], [0.25, 0.25, 0.75], [0.25, 0.75, 0.25], [0.75, 0.25, 0.25], [0.75, 0.75, 0.75], [0.0, 0.0, 0.0], [0.0, 0.5, 0.5], [0.5, 0.0, 0.5], [0.5, 0.5, 0.0]]",A,primitive->conventional (x sqrt2),Starrydata (experimental),10.3390/ma11040536,https://doi.org/10.3390/ma11040536,Starrydata all_curves.csv (release 'latest'),PhononDB (Togo/NIMS MDR),https://mdr.nims.go.jp/datasets/02fa4c75-ed5f-4897-b727-67d05b922c4a,"LTC-calc.log unit cell (PBEsol-relaxed), same file as kappa",mp-924130,True,stoichiometric,TiNiSn,D1,removed,derived (WF / total-minus-kappa_e) copy of a sample whose published kappa_L curve is in the corpus,data/Target_Materials/HEUSLER_KAPPA_TRAINING_SET.csv,,12671.0,,,
TiNiSn,5.290230369292975,W/m/K,402.0147,"experimental, Wiedemann-Franz: kappa_total - L*T/rho (Kim2015 L(S=218uV/K))",0,experimental,1.0,wf_subtracted,5.865993,216.0,F-43m,half-Heusler (C1b / MgAgAs),,"[""Ti"", ""Ti"", ""Ti"", ""Ti"", ""Ni"", ""Ni"", ""Ni"", ""Ni"", ""Sn"", ""Sn"", ""Sn"", ""Sn""]","[[0.5, 0.0, 0.0], [0.5, 0.5, 0.5], [0.0, 0.0, 0.5], [0.0, 0.5, 0.0], [0.25, 0.25, 0.75], [0.25, 0.75, 0.25], [0.75, 0.25, 0.25], [0.75, 0.75, 0.75], [0.0, 0.0, 0.0], [0.0, 0.5, 0.5], [0.5, 0.0, 0.5], [0.5, 0.5, 0.0]]",A,primitive->conventional (x sqrt2),Starrydata (experimental),10.3390/ma11040536,https://doi.org/10.3390/ma11040536,Starrydata all_curves.csv (release 'latest'),PhononDB (Togo/NIMS MDR),https://mdr.nims.go.jp/datasets/02fa4c75-ed5f-4897-b727-67d05b922c4a,"LTC-calc.log unit cell (PBEsol-relaxed), same file as kappa",mp-924130,True,stoichiometric,TiNiSn,D1,removed,derived (WF / total-minus-kappa_e) copy of a sample whose published kappa_L curve is in the corpus,data/Target_Materials/HEUSLER_KAPPA_TRAINING_SET.csv,,12671.0,,,
TiNiSn,5.378426473497264,W/m/K,411.9066,"experimental, Wiedemann-Franz: kappa_total - L*T/rho (Kim2015 L(S=222uV/K))",0,experimental,1.0,wf_subtracted,5.865993,216.0,F-43m,half-Heusler (C1b / MgAgAs),,"[""Ti"", ""Ti"", ""Ti"", ""Ti"", ""Ni"", ""Ni"", ""Ni"", ""Ni"", ""Sn"", ""Sn"", ""Sn"", ""Sn""]","[[0.5, 0.0, 0.0], [0.5, 0.5, 0.5], [0.0, 0.0, 0.5], [0.0, 0.5, 0.0], [0.25, 0.25, 0.75], [0.25, 0.75, 0.25], [0.75, 0.25, 0.25], [0.75, 0.75, 0.75], [0.0, 0.0, 0.0], [0.0, 0.5, 0.5], [0.5, 0.0, 0.5], [0.5, 0.5, 0.0]]",A,primitive->conventional (x sqrt2),Starrydata (experimental),10.3390/ma11040536,https://doi.org/10.3390/ma11040536,Starrydata all_curves.csv (release 'latest'),PhononDB (Togo/NIMS MDR),https://mdr.nims.go.jp/datasets/02fa4c75-ed5f-4897-b727-67d05b922c4a,"LTC-calc.log unit cell (PBEsol-relaxed), same file as kappa",mp-924130,True,stoichiometric,TiNiSn,D1,removed,derived (WF / total-minus-kappa_e) copy of a sample whose published kappa_L curve is in the corpus,data/Target_Materials/HEUSLER_KAPPA_TRAINING_SET.csv,,12671.0,,,
TiNiSn,5.138518933662752,W/m/K,419.277,"experimental, Wiedemann-Franz: kappa_total - L*T/rho (Kim2015 L(S=223uV/K))",0,experimental,1.0,wf_subtracted,5.865993,216.0,F-43m,half-Heusler (C1b / MgAgAs),,"[""Ti"", ""Ti"", ""Ti"", ""Ti"", ""Ni"", ""Ni"", ""Ni"", ""Ni"", ""Sn"", ""Sn"", ""Sn"", ""Sn""]","[[0.5, 0.0, 0.0], [0.5, 0.5, 0.5], [0.0, 0.0, 0.5], [0.0, 0.5, 0.0], [0.25, 0.25, 0.75], [0.25, 0.75, 0.25], [0.75, 0.25, 0.25], [0.75, 0.75, 0.75], [0.0, 0.0, 0.0], [0.0, 0.5, 0.5], [0.5, 0.0, 0.5], [0.5, 0.5, 0.0]]",A,primitive->conventional (x sqrt2),Starrydata (experimental),10.3390/ma11040536,https://doi.org/10.3390/ma11040536,Starrydata all_curves.csv (release 'latest'),PhononDB (Togo/NIMS MDR),https://mdr.nims.go.jp/datasets/02fa4c75-ed5f-4897-b727-67d05b922c4a,"LTC-calc.log unit cell (PBEsol-relaxed), same file as kappa",mp-924130,True,stoichiometric,TiNiSn,D1,removed,derived (WF / total-minus-kappa_e) copy of a sample whose published kappa_L curve is in the corpus,data/Target_Materials/HEUSLER_KAPPA_TRAINING_SET.csv,,12671.0,,,
TiNiSn,6.5724400436502455,W/m/K,421.8564,"experimental, Wiedemann-Franz: kappa_total - L*T/rho (Kim2015 L(S=150uV/K))",0,experimental,1.0,wf_subtracted,5.865993,216.0,F-43m,half-Heusler (C1b / MgAgAs),,"[""Ti"", ""Ti"", ""Ti"", ""Ti"", ""Ni"", ""Ni"", ""Ni"", ""Ni"", ""Sn"", ""Sn"", ""Sn"", ""Sn""]","[[0.5, 0.0, 0.0], [0.5, 0.5, 0.5], [0.0, 0.0, 0.5], [0.0, 0.5, 0.0], [0.25, 0.25, 0.75], [0.25, 0.75, 0.25], [0.75, 0.25, 0.25], [0.75, 0.75, 0.75], [0.0, 0.0, 0.0], [0.0, 0.5, 0.5], [0.5, 0.0, 0.5], [0.5, 0.5, 0.0]]",A,primitive->conventional (x sqrt2),Starrydata (experimental),10.3390/ma11020262,https://doi.org/10.3390/ma11020262,Starrydata all_curves.csv (release 'latest'),PhononDB (Togo/NIMS MDR),https://mdr.nims.go.jp/datasets/02fa4c75-ed5f-4897-b727-67d05b922c4a,"LTC-calc.log unit cell (PBEsol-relaxed), same file as kappa",mp-924130,True,stoichiometric,TiNiSn,D1,removed,derived (WF / total-minus-kappa_e) copy of a sample whose published kappa_L curve is in the corpus,data/Target_Materials/HEUSLER_KAPPA_TRAINING_SET.csv,,12689.0,,,
TiNiSn,4.593859179900008,W/m/K,422.7558,"experimental, Wiedemann-Franz: kappa_total - L*T/rho (Kim2015 L(S=303uV/K))",0,experimental,1.0,wf_subtracted,5.865993,216.0,F-43m,half-Heusler (C1b / MgAgAs),,"[""Ti"", ""Ti"", ""Ti"", ""Ti"", ""Ni"", ""Ni"", ""Ni"", ""Ni"", ""Sn"", ""Sn"", ""Sn"", ""Sn""]","[[0.5, 0.0, 0.0], [0.5, 0.5, 0.5], [0.0, 0.0, 0.5], [0.0, 0.5, 0.0], [0.25, 0.25, 0.75], [0.25, 0.75, 0.25], [0.75, 0.25, 0.25], [0.75, 0.75, 0.75], [0.0, 0.0, 0.0], [0.0, 0.5, 0.5], [0.5, 0.0, 0.5], [0.5, 0.5, 0.0]]",A,primitive->conventional (x sqrt2),Starrydata (experimental),10.1016/j.scriptamat.2020.09.010,https://doi.org/10.1016/j.scriptamat.2020.09.010,Starrydata all_curves.csv (release 'latest'),PhononDB (Togo/NIMS MDR),https://mdr.nims.go.jp/datasets/02fa4c75-ed5f-4897-b727-67d05b922c4a,"LTC-calc.log unit cell (PBEsol-relaxed), same file as kappa",mp-924130,True,stoichiometric,TiNiSn,D1,removed,derived (WF / total-minus-kappa_e) copy of a sample whose published kappa_L curve is in the corpus,data/Target_Materials/HEUSLER_KAPPA_TRAINING_SET.csv,,38664.0,,,
TiNiSn,6.674566217548279,W/m/K,432.1593,"experimental, Wiedemann-Franz: kappa_total - L*T/rho (Kim2015 L(S=152uV/K))",0,experimental,1.0,wf_subtracted,5.865993,216.0,F-43m,half-Heusler (C1b / MgAgAs),,"[""Ti"", ""Ti"", ""Ti"", ""Ti"", ""Ni"", ""Ni"", ""Ni"", ""Ni"", ""Sn"", ""Sn"", ""Sn"", ""Sn""]","[[0.5, 0.0, 0.0], [0.5, 0.5, 0.5], [0.0, 0.0, 0.5], [0.0, 0.5, 0.0], [0.25, 0.25, 0.75], [0.25, 0.75, 0.25], [0.75, 0.25, 0.25], [0.75, 0.75, 0.75], [0.0, 0.0, 0.0], [0.0, 0.5, 0.5], [0.5, 0.0, 0.5], [0.5, 0.5, 0.0]]",A,primitive->conventional (x sqrt2),Starrydata (experimental),10.3390/ma11020262,https://doi.org/10.3390/ma11020262,Starrydata all_curves.csv (release 'latest'),PhononDB (Togo/NIMS MDR),https://mdr.nims.go.jp/datasets/02fa4c75-ed5f-4897-b727-67d05b922c4a,"LTC-calc.log unit cell (PBEsol-relaxed), same file as kappa",mp-924130,True,stoichiometric,TiNiSn,D1,removed,derived (WF / total-minus-kappa_e) copy of a sample whose published kappa_L curve is in the corpus,data/Target_Materials/HEUSLER_KAPPA_TRAINING_SET.csv,,12689.0,,,
TiNiSn,5.053364098012845,W/m/K,434.9489,"experimental, Wiedemann-Franz: kappa_total - L*T/rho (Kim2015 L(S=225uV/K))",0,experimental,1.0,wf_subtracted,5.865993,216.0,F-43m,half-Heusler (C1b / MgAgAs),,"[""Ti"", ""Ti"", ""Ti"", ""Ti"", ""Ni"", ""Ni"", ""Ni"", ""Ni"", ""Sn"", ""Sn"", ""Sn"", ""Sn""]","[[0.5, 0.0, 0.0], [0.5, 0.5, 0.5], [0.0, 0.0, 0.5], [0.0, 0.5, 0.0], [0.25, 0.25, 0.75], [0.25, 0.75, 0.25], [0.75, 0.25, 0.25], [0.75, 0.75, 0.75], [0.0, 0.0, 0.0], [0.0, 0.5, 0.5], [0.5, 0.0, 0.5], [0.5, 0.5, 0.0]]",A,primitive->conventional (x sqrt2),Starrydata (experimental),10.3390/ma11040536,https://doi.org/10.3390/ma11040536,Starrydata all_curves.csv (release 'latest'),PhononDB (Togo/NIMS MDR),https://mdr.nims.go.jp/datasets/02fa4c75-ed5f-4897-b727-67d05b922c4a,"LTC-calc.log unit cell (PBEsol-relaxed), same file as kappa",mp-924130,True,stoichiometric,TiNiSn,D1,removed,derived (WF / total-minus-kappa_e) copy of a sample whose published kappa_L curve is in the corpus,data/Target_Materials/HEUSLER_KAPPA_TRAINING_SET.csv,,12671.0,,,
TiNiSn,4.954830128050131,W/m/K,449.2243,"experimental, Wiedemann-Franz: kappa_total - L*T/rho (Kim2015 L(S=227uV/K))",0,experimental,1.0,wf_subtracted,5.865993,216.0,F-43m,half-Heusler (C1b / MgAgAs),,"[""Ti"", ""Ti"", ""Ti"", ""Ti"", ""Ni"", ""Ni"", ""Ni"", ""Ni"", ""Sn"", ""Sn"", ""Sn"", ""Sn""]","[[0.5, 0.0, 0.0], [0.5, 0.5, 0.5], [0.0, 0.0, 0.5], [0.0, 0.5, 0.0], [0.25, 0.25, 0.75], [0.25, 0.75, 0.25], [0.75, 0.25, 0.25], [0.75, 0.75, 0.75], [0.0, 0.0, 0.0], [0.0, 0.5, 0.5], [0.5, 0.0, 0.5], [0.5, 0.5, 0.0]]",A,primitive->conventional (x sqrt2),Starrydata (experimental),10.3390/ma11040536,https://doi.org/10.3390/ma11040536,Starrydata all_curves.csv (release 'latest'),PhononDB (Togo/NIMS MDR),https://mdr.nims.go.jp/datasets/02fa4c75-ed5f-4897-b727-67d05b922c4a,"LTC-calc.log unit cell (PBEsol-relaxed), same file as kappa",mp-924130,True,stoichiometric,TiNiSn,D1,removed,derived (WF / total-minus-kappa_e) copy of a sample whose published kappa_L curve is in the corpus,data/Target_Materials/HEUSLER_KAPPA_TRAINING_SET.csv,,12671.0,,,
TiNiSn,4.812909983806954,W/m/K,464.6945,"experimental, Wiedemann-Franz: kappa_total - L*T/rho (Kim2015 L(S=228uV/K))",0,experimental,1.0,wf_subtracted,5.865993,216.0,F-43m,half-Heusler (C1b / MgAgAs),,"[""Ti"", ""Ti"", ""Ti"", ""Ti"", ""Ni"", ""Ni"", ""Ni"", ""Ni"", ""Sn"", ""Sn"", ""Sn"", ""Sn""]","[[0.5, 0.0, 0.0], [0.5, 0.5, 0.5], [0.0, 0.0, 0.5], [0.0, 0.5, 0.0], [0.25, 0.25, 0.75], [0.25, 0.75, 0.25], [0.75, 0.25, 0.25], [0.75, 0.75, 0.75], [0.0, 0.0, 0.0], [0.0, 0.5, 0.5], [0.5, 0.0, 0.5], [0.5, 0.5, 0.0]]",A,primitive->conventional (x sqrt2),Starrydata (experimental),10.3390/ma11040536,https://doi.org/10.3390/ma11040536,Starrydata all_curves.csv (release 'latest'),PhononDB (Togo/NIMS MDR),https://mdr.nims.go.jp/datasets/02fa4c75-ed5f-4897-b727-67d05b922c4a,"LTC-calc.log unit cell (PBEsol-relaxed), same file as kappa",mp-924130,True,stoichiometric,TiNiSn,D1,removed,derived (WF / total-minus-kappa_e) copy of a sample whose published kappa_L curve is in the corpus,data/Target_Materials/HEUSLER_KAPPA_TRAINING_SET.csv,,12671.0,,,
TiNiSn,6.232756083782302,W/m/K,467.2176,"experimental, Wiedemann-Franz: kappa_total - L*T/rho (Kim2015 L(S=157uV/K))",0,experimental,1.0,wf_subtracted,5.865993,216.0,F-43m,half-Heusler (C1b / MgAgAs),,"[""Ti"", ""Ti"", ""Ti"", ""Ti"", ""Ni"", ""Ni"", ""Ni"", ""Ni"", ""Sn"", ""Sn"", ""Sn"", ""Sn""]","[[0.5, 0.0, 0.0], [0.5, 0.5, 0.5], [0.0, 0.0, 0.5], [0.0, 0.5, 0.0], [0.25, 0.25, 0.75], [0.25, 0.75, 0.25], [0.75, 0.25, 0.25], [0.75, 0.75, 0.75], [0.0, 0.0, 0.0], [0.0, 0.5, 0.5], [0.5, 0.0, 0.5], [0.5, 0.5, 0.0]]",A,primitive->conventional (x sqrt2),Starrydata (experimental),10.3390/ma11020262,https://doi.org/10.3390/ma11020262,Starrydata all_curves.csv (release 'latest'),PhononDB (Togo/NIMS MDR),https://mdr.nims.go.jp/datasets/02fa4c75-ed5f-4897-b727-67d05b922c4a,"LTC-calc.log unit cell (PBEsol-relaxed), same file as kappa",mp-924130,True,stoichiometric,TiNiSn,D1,removed,derived (WF / total-minus-kappa_e) copy of a sample whose published kappa_L curve is in the corpus,data/Target_Materials/HEUSLER_KAPPA_TRAINING_SET.csv,,12689.0,,,
TiNiSn,4.689124822993018,W/m/K,474.7493,"experimental, Wiedemann-Franz: kappa_total - L*T/rho (Kim2015 L(S=228uV/K))",0,experimental,1.0,wf_subtracted,5.865993,216.0,F-43m,half-Heusler (C1b / MgAgAs),,"[""Ti"", ""Ti"", ""Ti"", ""Ti"", ""Ni"", ""Ni"", ""Ni"", ""Ni"", ""Sn"", ""Sn"", ""Sn"", ""Sn""]","[[0.5, 0.0, 0.0], [0.5, 0.5, 0.5], [0.0, 0.0, 0.5], [0.0, 0.5, 0.0], [0.25, 0.25, 0.75], [0.25, 0.75, 0.25], [0.75, 0.25, 0.25], [0.75, 0.75, 0.75], [0.0, 0.0, 0.0], [0.0, 0.5, 0.5], [0.5, 0.0, 0.5], [0.5, 0.5, 0.0]]",A,primitive->conventional (x sqrt2),Starrydata (experimental),10.3390/ma11040536,https://doi.org/10.3390/ma11040536,Starrydata all_curves.csv (release 'latest'),PhononDB (Togo/NIMS MDR),https://mdr.nims.go.jp/datasets/02fa4c75-ed5f-4897-b727-67d05b922c4a,"LTC-calc.log unit cell (PBEsol-relaxed), same file as kappa",mp-924130,True,stoichiometric,TiNiSn,D1,removed,derived (WF / total-minus-kappa_e) copy of a sample whose published kappa_L curve is in the corpus,data/Target_Materials/HEUSLER_KAPPA_TRAINING_SET.csv,,12671.0,,,
TiNiSn,4.279257566438102,W/m/K,474.7826,"experimental, Wiedemann-Franz: kappa_total - L*T/rho (Kim2015 L(S=304uV/K))",0,experimental,1.0,wf_subtracted,5.865993,216.0,F-43m,half-Heusler (C1b / MgAgAs),,"[""Ti"", ""Ti"", ""Ti"", ""Ti"", ""Ni"", ""Ni"", ""Ni"", ""Ni"", ""Sn"", ""Sn"", ""Sn"", ""Sn""]","[[0.5, 0.0, 0.0], [0.5, 0.5, 0.5], [0.0, 0.0, 0.5], [0.0, 0.5, 0.0], [0.25, 0.25, 0.75], [0.25, 0.75, 0.25], [0.75, 0.25, 0.25], [0.75, 0.75, 0.75], [0.0, 0.0, 0.0], [0.0, 0.5, 0.5], [0.5, 0.0, 0.5], [0.5, 0.5, 0.0]]",A,primitive->conventional (x sqrt2),Starrydata (experimental),10.1016/j.scriptamat.2020.09.010,https://doi.org/10.1016/j.scriptamat.2020.09.010,Starrydata all_curves.csv (release 'latest'),PhononDB (Togo/NIMS MDR),https://mdr.nims.go.jp/datasets/02fa4c75-ed5f-4897-b727-67d05b922c4a,"LTC-calc.log unit cell (PBEsol-relaxed), same file as kappa",mp-924130,True,stoichiometric,TiNiSn,D1,removed,derived (WF / total-minus-kappa_e) copy of a sample whose published kappa_L curve is in the corpus,data/Target_Materials/HEUSLER_KAPPA_TRAINING_SET.csv,,38664.0,,,
TiNiSn,6.297451947424788,W/m/K,478.5222,"experimental, Wiedemann-Franz: kappa_total - L*T/rho (Kim2015 L(S=160uV/K))",0,experimental,1.0,wf_subtracted,5.865993,216.0,F-43m,half-Heusler (C1b / MgAgAs),,"[""Ti"", ""Ti"", ""Ti"", ""Ti"", ""Ni"", ""Ni"", ""Ni"", ""Ni"", ""Sn"", ""Sn"", ""Sn"", ""Sn""]","[[0.5, 0.0, 0.0], [0.5, 0.5, 0.5], [0.0, 0.0, 0.5], [0.0, 0.5, 0.0], [0.25, 0.25, 0.75], [0.25, 0.75, 0.25], [0.75, 0.25, 0.25], [0.75, 0.75, 0.75], [0.0, 0.0, 0.0], [0.0, 0.5, 0.5], [0.5, 0.0, 0.5], [0.5, 0.5, 0.0]]",A,primitive->conventional (x sqrt2),Starrydata (experimental),10.3390/ma11020262,https://doi.org/10.3390/ma11020262,Starrydata all_curves.csv (release 'latest'),PhononDB (Togo/NIMS MDR),https://mdr.nims.go.jp/datasets/02fa4c75-ed5f-4897-b727-67d05b922c4a,"LTC-calc.log unit cell (PBEsol-relaxed), same file as kappa",mp-924130,True,stoichiometric,TiNiSn,D1,removed,derived (WF / total-minus-kappa_e) copy of a sample whose published kappa_L curve is in the corpus,data/Target_Materials/HEUSLER_KAPPA_TRAINING_SET.csv,,12689.0,,,
TiNiSn,4.705220958956914,W/m/K,490.6694,"experimental, Wiedemann-Franz: kappa_total - L*T/rho (Kim2015 L(S=232uV/K))",0,experimental,1.0,wf_subtracted,5.865993,216.0,F-43m,half-Heusler (C1b / MgAgAs),,"[""Ti"", ""Ti"", ""Ti"", ""Ti"", ""Ni"", ""Ni"", ""Ni"", ""Ni"", ""Sn"", ""Sn"", ""Sn"", ""Sn""]","[[0.5, 0.0, 0.0], [0.5, 0.5, 0.5], [0.0, 0.0, 0.5], [0.0, 0.5, 0.0], [0.25, 0.25, 0.75], [0.25, 0.75, 0.25], [0.75, 0.25, 0.25], [0.75, 0.75, 0.75], [0.0, 0.0, 0.0], [0.0, 0.5, 0.5], [0.5, 0.0, 0.5], [0.5, 0.5, 0.0]]",A,primitive->conventional (x sqrt2),Starrydata (experimental),10.3390/ma11040536,https://doi.org/10.3390/ma11040536,Starrydata all_curves.csv (release 'latest'),PhononDB (Togo/NIMS MDR),https://mdr.nims.go.jp/datasets/02fa4c75-ed5f-4897-b727-67d05b922c4a,"LTC-calc.log unit cell (PBEsol-relaxed), same file as kappa",mp-924130,True,stoichiometric,TiNiSn,D1,removed,derived (WF / total-minus-kappa_e) copy of a sample whose published kappa_L curve is in the corpus,data/Target_Materials/HEUSLER_KAPPA_TRAINING_SET.csv,,12671.0,,,
TiNiSn,4.613894087823175,W/m/K,505.612,"experimental, Wiedemann-Franz: kappa_total - L*T/rho (Kim2015 L(S=233uV/K))",0,experimental,1.0,wf_subtracted,5.865993,216.0,F-43m,half-Heusler (C1b / MgAgAs),,"[""Ti"", ""Ti"", ""Ti"", ""Ti"", ""Ni"", ""Ni"", ""Ni"", ""Ni"", ""Sn"", ""Sn"", ""Sn"", ""Sn""]","[[0.5, 0.0, 0.0], [0.5, 0.5, 0.5], [0.0, 0.0, 0.5], [0.0, 0.5, 0.0], [0.25, 0.25, 0.75], [0.25, 0.75, 0.25], [0.75, 0.25, 0.25], [0.75, 0.75, 0.75], [0.0, 0.0, 0.0], [0.0, 0.5, 0.5], [0.5, 0.0, 0.5], [0.5, 0.5, 0.0]]",A,primitive->conventional (x sqrt2),Starrydata (experimental),10.3390/ma11040536,https://doi.org/10.3390/ma11040536,Starrydata all_curves.csv (release 'latest'),PhononDB (Togo/NIMS MDR),https://mdr.nims.go.jp/datasets/02fa4c75-ed5f-4897-b727-67d05b922c4a,"LTC-calc.log unit cell (PBEsol-relaxed), same file as kappa",mp-924130,True,stoichiometric,TiNiSn,D1,removed,derived (WF / total-minus-kappa_e) copy of a sample whose published kappa_L curve is in the corpus,data/Target_Materials/HEUSLER_KAPPA_TRAINING_SET.csv,,12671.0,,,
TiNiSn,5.990597394871244,W/m/K,513.8017,"experimental, Wiedemann-Franz: kappa_total - L*T/rho (Kim2015 L(S=164uV/K))",0,experimental,1.0,wf_subtracted,5.865993,216.0,F-43m,half-Heusler (C1b / MgAgAs),,"[""Ti"", ""Ti"", ""Ti"", ""Ti"", ""Ni"", ""Ni"", ""Ni"", ""Ni"", ""Sn"", ""Sn"", ""Sn"", ""Sn""]","[[0.5, 0.0, 0.0], [0.5, 0.5, 0.5], [0.0, 0.0, 0.5], [0.0, 0.5, 0.0], [0.25, 0.25, 0.75], [0.25, 0.75, 0.25], [0.75, 0.25, 0.25], [0.75, 0.75, 0.75], [0.0, 0.0, 0.0], [0.0, 0.5, 0.5], [0.5, 0.0, 0.5], [0.5, 0.5, 0.0]]",A,primitive->conventional (x sqrt2),Starrydata (experimental),10.3390/ma11020262,https://doi.org/10.3390/ma11020262,Starrydata all_curves.csv (release 'latest'),PhononDB (Togo/NIMS MDR),https://mdr.nims.go.jp/datasets/02fa4c75-ed5f-4897-b727-67d05b922c4a,"LTC-calc.log unit cell (PBEsol-relaxed), same file as kappa",mp-924130,True,stoichiometric,TiNiSn,D1,removed,derived (WF / total-minus-kappa_e) copy of a sample whose published kappa_L curve is in the corpus,data/Target_Materials/HEUSLER_KAPPA_TRAINING_SET.csv,,12689.0,,,
TiNiSn,4.579232083248217,W/m/K,521.1132,"experimental, Wiedemann-Franz: kappa_total - L*T/rho (Kim2015 L(S=233uV/K))",0,experimental,1.0,wf_subtracted,5.865993,216.0,F-43m,half-Heusler (C1b / MgAgAs),,"[""Ti"", ""Ti"", ""Ti"", ""Ti"", ""Ni"", ""Ni"", ""Ni"", ""Ni"", ""Sn"", ""Sn"", ""Sn"", ""Sn""]","[[0.5, 0.0, 0.0], [0.5, 0.5, 0.5], [0.0, 0.0, 0.5], [0.0, 0.5, 0.0], [0.25, 0.25, 0.75], [0.25, 0.75, 0.25], [0.75, 0.25, 0.25], [0.75, 0.75, 0.75], [0.0, 0.0, 0.0], [0.0, 0.5, 0.5], [0.5, 0.0, 0.5], [0.5, 0.5, 0.0]]",A,primitive->conventional (x sqrt2),Starrydata (experimental),10.3390/ma11040536,https://doi.org/10.3390/ma11040536,Starrydata all_curves.csv (release 'latest'),PhononDB (Togo/NIMS MDR),https://mdr.nims.go.jp/datasets/02fa4c75-ed5f-4897-b727-67d05b922c4a,"LTC-calc.log unit cell (PBEsol-relaxed), same file as kappa",mp-924130,True,stoichiometric,TiNiSn,D1,removed,derived (WF / total-minus-kappa_e) copy of a sample whose published kappa_L curve is in the corpus,data/Target_Materials/HEUSLER_KAPPA_TRAINING_SET.csv,,12671.0,,,
TiNiSn,6.074702195948121,W/m/K,524.8851,"experimental, Wiedemann-Franz: kappa_total - L*T/rho (Kim2015 L(S=167uV/K))",0,experimental,1.0,wf_subtracted,5.865993,216.0,F-43m,half-Heusler (C1b / MgAgAs),,"[""Ti"", ""Ti"", ""Ti"", ""Ti"", ""Ni"", ""Ni"", ""Ni"", ""Ni"", ""Sn"", ""Sn"", ""Sn"", ""Sn""]","[[0.5, 0.0, 0.0], [0.5, 0.5, 0.5], [0.0, 0.0, 0.5], [0.0, 0.5, 0.0], [0.25, 0.25, 0.75], [0.25, 0.75, 0.25], [0.75, 0.25, 0.25], [0.75, 0.75, 0.75], [0.0, 0.0, 0.0], [0.0, 0.5, 0.5], [0.5, 0.0, 0.5], [0.5, 0.5, 0.0]]",A,primitive->conventional (x sqrt2),Starrydata (experimental),10.3390/ma11020262,https://doi.org/10.3390/ma11020262,Starrydata all_curves.csv (release 'latest'),PhononDB (Togo/NIMS MDR),https://mdr.nims.go.jp/datasets/02fa4c75-ed5f-4897-b727-67d05b922c4a,"LTC-calc.log unit cell (PBEsol-relaxed), same file as kappa",mp-924130,True,stoichiometric,TiNiSn,D1,removed,derived (WF / total-minus-kappa_e) copy of a sample whose published kappa_L curve is in the corpus,data/Target_Materials/HEUSLER_KAPPA_TRAINING_SET.csv,,12689.0,,,
TiNiSn,4.044070956295656,W/m/K,525.2174,"experimental, Wiedemann-Franz: kappa_total - L*T/rho (Kim2015 L(S=297uV/K))",0,experimental,1.0,wf_subtracted,5.865993,216.0,F-43m,half-Heusler (C1b / MgAgAs),,"[""Ti"", ""Ti"", ""Ti"", ""Ti"", ""Ni"", ""Ni"", ""Ni"", ""Ni"", ""Sn"", ""Sn"", ""Sn"", ""Sn""]","[[0.5, 0.0, 0.0], [0.5, 0.5, 0.5], [0.0, 0.0, 0.5], [0.0, 0.5, 0.0], [0.25, 0.25, 0.75], [0.25, 0.75, 0.25], [0.75, 0.25, 0.25], [0.75, 0.75, 0.75], [0.0, 0.0, 0.0], [0.0, 0.5, 0.5], [0.5, 0.0, 0.5], [0.5, 0.5, 0.0]]",A,primitive->conventional (x sqrt2),Starrydata (experimental),10.1016/j.scriptamat.2020.09.010,https://doi.org/10.1016/j.scriptamat.2020.09.010,Starrydata all_curves.csv (release 'latest'),PhononDB (Togo/NIMS MDR),https://mdr.nims.go.jp/datasets/02fa4c75-ed5f-4897-b727-67d05b922c4a,"LTC-calc.log unit cell (PBEsol-relaxed), same file as kappa",mp-924130,True,stoichiometric,TiNiSn,D1,removed,derived (WF / total-minus-kappa_e) copy of a sample whose published kappa_L curve is in the corpus,data/Target_Materials/HEUSLER_KAPPA_TRAINING_SET.csv,,38664.0,,,
TiNiSn,4.512067233448063,W/m/K,536.6144,"experimental, Wiedemann-Franz: kappa_total - L*T/rho (Kim2015 L(S=233uV/K))",0,experimental,1.0,wf_subtracted,5.865993,216.0,F-43m,half-Heusler (C1b / MgAgAs),,"[""Ti"", ""Ti"", ""Ti"", ""Ti"", ""Ni"", ""Ni"", ""Ni"", ""Ni"", ""Sn"", ""Sn"", ""Sn"", ""Sn""]","[[0.5, 0.0, 0.0], [0.5, 0.5, 0.5], [0.0, 0.0, 0.5], [0.0, 0.5, 0.0], [0.25, 0.25, 0.75], [0.25, 0.75, 0.25], [0.75, 0.25, 0.25], [0.75, 0.75, 0.75], [0.0, 0.0, 0.0], [0.0, 0.5, 0.5], [0.5, 0.0, 0.5], [0.5, 0.5, 0.0]]",A,primitive->conventional (x sqrt2),Starrydata (experimental),10.3390/ma11040536,https://doi.org/10.3390/ma11040536,Starrydata all_curves.csv (release 'latest'),PhononDB (Togo/NIMS MDR),https://mdr.nims.go.jp/datasets/02fa4c75-ed5f-4897-b727-67d05b922c4a,"LTC-calc.log unit cell (PBEsol-relaxed), same file as kappa",mp-924130,True,stoichiometric,TiNiSn,D1,removed,derived (WF / total-minus-kappa_e) copy of a sample whose published kappa_L curve is in the corpus,data/Target_Materials/HEUSLER_KAPPA_TRAINING_SET.csv,,12671.0,,,
TiNiSn,4.470335542949445,W/m/K,552.779,"experimental, Wiedemann-Franz: kappa_total - L*T/rho (Kim2015 L(S=233uV/K))",0,experimental,1.0,wf_subtracted,5.865993,216.0,F-43m,half-Heusler (C1b / MgAgAs),,"[""Ti"", ""Ti"", ""Ti"", ""Ti"", ""Ni"", ""Ni"", ""Ni"", ""Ni"", ""Sn"", ""Sn"", ""Sn"", ""Sn""]","[[0.5, 0.0, 0.0], [0.5, 0.5, 0.5], [0.0, 0.0, 0.5], [0.0, 0.5, 0.0], [0.25, 0.25, 0.75], [0.25, 0.75, 0.25], [0.75, 0.25, 0.25], [0.75, 0.75, 0.75], [0.0, 0.0, 0.0], [0.0, 0.5, 0.5], [0.5, 0.0, 0.5], [0.5, 0.5, 0.0]]",A,primitive->conventional (x sqrt2),Starrydata (experimental),10.3390/ma11040536,https://doi.org/10.3390/ma11040536,Starrydata all_curves.csv (release 'latest'),PhononDB (Togo/NIMS MDR),https://mdr.nims.go.jp/datasets/02fa4c75-ed5f-4897-b727-67d05b922c4a,"LTC-calc.log unit cell (PBEsol-relaxed), same file as kappa",mp-924130,True,stoichiometric,TiNiSn,D1,removed,derived (WF / total-minus-kappa_e) copy of a sample whose published kappa_L curve is in the corpus,data/Target_Materials/HEUSLER_KAPPA_TRAINING_SET.csv,,12671.0,,,
TiNiSn,5.837642551126442,W/m/K,562.6622,"experimental, Wiedemann-Franz: kappa_total - L*T/rho (Kim2015 L(S=172uV/K))",0,experimental,1.0,wf_subtracted,5.865993,216.0,F-43m,half-Heusler (C1b / MgAgAs),,"[""Ti"", ""Ti"", ""Ti"", ""Ti"", ""Ni"", ""Ni"", ""Ni"", ""Ni"", ""Sn"", ""Sn"", ""Sn"", ""Sn""]","[[0.5, 0.0, 0.0], [0.5, 0.5, 0.5], [0.0, 0.0, 0.5], [0.0, 0.5, 0.0], [0.25, 0.25, 0.75], [0.25, 0.75, 0.25], [0.75, 0.25, 0.25], [0.75, 0.75, 0.75], [0.0, 0.0, 0.0], [0.0, 0.5, 0.5], [0.5, 0.0, 0.5], [0.5, 0.5, 0.0]]",A,primitive->conventional (x sqrt2),Starrydata (experimental),10.3390/ma11020262,https://doi.org/10.3390/ma11020262,Starrydata all_curves.csv (release 'latest'),PhononDB (Togo/NIMS MDR),https://mdr.nims.go.jp/datasets/02fa4c75-ed5f-4897-b727-67d05b922c4a,"LTC-calc.log unit cell (PBEsol-relaxed), same file as kappa",mp-924130,True,stoichiometric,TiNiSn,D1,removed,derived (WF / total-minus-kappa_e) copy of a sample whose published kappa_L curve is in the corpus,data/Target_Materials/HEUSLER_KAPPA_TRAINING_SET.csv,,12689.0,,,
TiNiSn,4.428690908637773,W/m/K,567.6169,"experimental, Wiedemann-Franz: kappa_total - L*T/rho (Kim2015 L(S=232uV/K))",0,experimental,1.0,wf_subtracted,5.865993,216.0,F-43m,half-Heusler (C1b / MgAgAs),,"[""Ti"", ""Ti"", ""Ti"", ""Ti"", ""Ni"", ""Ni"", ""Ni"", ""Ni"", ""Sn"", ""Sn"", ""Sn"", ""Sn""]","[[0.5, 0.0, 0.0], [0.5, 0.5, 0.5], [0.0, 0.0, 0.5], [0.0, 0.5, 0.0], [0.25, 0.25, 0.75], [0.25, 0.75, 0.25], [0.75, 0.25, 0.25], [0.75, 0.75, 0.75], [0.0, 0.0, 0.0], [0.0, 0.5, 0.5], [0.5, 0.0, 0.5], [0.5, 0.5, 0.0]]",A,primitive->conventional (x sqrt2),Starrydata (experimental),10.3390/ma11040536,https://doi.org/10.3390/ma11040536,Starrydata all_curves.csv (release 'latest'),PhononDB (Togo/NIMS MDR),https://mdr.nims.go.jp/datasets/02fa4c75-ed5f-4897-b727-67d05b922c4a,"LTC-calc.log unit cell (PBEsol-relaxed), same file as kappa",mp-924130,True,stoichiometric,TiNiSn,D1,removed,derived (WF / total-minus-kappa_e) copy of a sample whose published kappa_L curve is in the corpus,data/Target_Materials/HEUSLER_KAPPA_TRAINING_SET.csv,,12671.0,,,
TiNiSn,3.842366476596633,W/m/K,572.4897,"experimental, Wiedemann-Franz: kappa_total - L*T/rho (Kim2015 L(S=291uV/K))",0,experimental,1.0,wf_subtracted,5.865993,216.0,F-43m,half-Heusler (C1b / MgAgAs),,"[""Ti"", ""Ti"", ""Ti"", ""Ti"", ""Ni"", ""Ni"", ""Ni"", ""Ni"", ""Sn"", ""Sn"", ""Sn"", ""Sn""]","[[0.5, 0.0, 0.0], [0.5, 0.5, 0.5], [0.0, 0.0, 0.5], [0.0, 0.5, 0.0], [0.25, 0.25, 0.75], [0.25, 0.75, 0.25], [0.75, 0.25, 0.25], [0.75, 0.75, 0.75], [0.0, 0.0, 0.0], [0.0, 0.5, 0.5], [0.5, 0.0, 0.5], [0.5, 0.5, 0.0]]",A,primitive->conventional (x sqrt2),Starrydata (experimental),10.1016/j.scriptamat.2020.09.010,https://doi.org/10.1016/j.scriptamat.2020.09.010,Starrydata all_curves.csv (release 'latest'),PhononDB (Togo/NIMS MDR),https://mdr.nims.go.jp/datasets/02fa4c75-ed5f-4897-b727-67d05b922c4a,"LTC-calc.log unit cell (PBEsol-relaxed), same file as kappa",mp-924130,True,stoichiometric,TiNiSn,D1,removed,derived (WF / total-minus-kappa_e) copy of a sample whose published kappa_L curve is in the corpus,data/Target_Materials/HEUSLER_KAPPA_TRAINING_SET.csv,,38664.0,,,
TiNiSn,5.917948169527205,W/m/K,572.9651,"experimental, Wiedemann-Franz: kappa_total - L*T/rho (Kim2015 L(S=175uV/K))",0,experimental,1.0,wf_subtracted,5.865993,216.0,F-43m,half-Heusler (C1b / MgAgAs),,"[""Ti"", ""Ti"", ""Ti"", ""Ti"", ""Ni"", ""Ni"", ""Ni"", ""Ni"", ""Sn"", ""Sn"", ""Sn"", ""Sn""]","[[0.5, 0.0, 0.0], [0.5, 0.5, 0.5], [0.0, 0.0, 0.5], [0.0, 0.5, 0.0], [0.25, 0.25, 0.75], [0.25, 0.75, 0.25], [0.75, 0.25, 0.25], [0.75, 0.75, 0.75], [0.0, 0.0, 0.0], [0.0, 0.5, 0.5], [0.5, 0.0, 0.5], [0.5, 0.5, 0.0]]",A,primitive->conventional (x sqrt2),Starrydata (experimental),10.3390/ma11020262,https://doi.org/10.3390/ma11020262,Starrydata all_curves.csv (release 'latest'),PhononDB (Togo/NIMS MDR),https://mdr.nims.go.jp/datasets/02fa4c75-ed5f-4897-b727-67d05b922c4a,"LTC-calc.log unit cell (PBEsol-relaxed), same file as kappa",mp-924130,True,stoichiometric,TiNiSn,D1,removed,derived (WF / total-minus-kappa_e) copy of a sample whose published kappa_L curve is in the corpus,data/Target_Materials/HEUSLER_KAPPA_TRAINING_SET.csv,,12689.0,,,
TiNiSn,4.415432877182204,W/m/K,582.5794,"experimental, Wiedemann-Franz: kappa_total - L*T/rho (Kim2015 L(S=232uV/K))",0,experimental,1.0,wf_subtracted,5.865993,216.0,F-43m,half-Heusler (C1b / MgAgAs),,"[""Ti"", ""Ti"", ""Ti"", ""Ti"", ""Ni"", ""Ni"", ""Ni"", ""Ni"", ""Sn"", ""Sn"", ""Sn"", ""Sn""]","[[0.5, 0.0, 0.0], [0.5, 0.5, 0.5], [0.0, 0.0, 0.5], [0.0, 0.5, 0.0], [0.25, 0.25, 0.75], [0.25, 0.75, 0.25], [0.75, 0.25, 0.25], [0.75, 0.75, 0.75], [0.0, 0.0, 0.0], [0.0, 0.5, 0.5], [0.5, 0.0, 0.5], [0.5, 0.5, 0.0]]",A,primitive->conventional (x sqrt2),Starrydata (experimental),10.3390/ma11040536,https://doi.org/10.3390/ma11040536,Starrydata all_curves.csv (release 'latest'),PhononDB (Togo/NIMS MDR),https://mdr.nims.go.jp/datasets/02fa4c75-ed5f-4897-b727-67d05b922c4a,"LTC-calc.log unit cell (PBEsol-relaxed), same file as kappa",mp-924130,True,stoichiometric,TiNiSn,D1,removed,derived (WF / total-minus-kappa_e) copy of a sample whose published kappa_L curve is in the corpus,data/Target_Materials/HEUSLER_KAPPA_TRAINING_SET.csv,,12671.0,,,
TiNiSn,4.399284897988629,W/m/K,594.1504,"experimental, Wiedemann-Franz: kappa_total - L*T/rho (Kim2015 L(S=232uV/K))",0,experimental,1.0,wf_subtracted,5.865993,216.0,F-43m,half-Heusler (C1b / MgAgAs),,"[""Ti"", ""Ti"", ""Ti"", ""Ti"", ""Ni"", ""Ni"", ""Ni"", ""Ni"", ""Sn"", ""Sn"", ""Sn"", ""Sn""]","[[0.5, 0.0, 0.0], [0.5, 0.5, 0.5], [0.0, 0.0, 0.5], [0.0, 0.5, 0.0], [0.25, 0.25, 0.75], [0.25, 0.75, 0.25], [0.75, 0.25, 0.25], [0.75, 0.75, 0.75], [0.0, 0.0, 0.0], [0.0, 0.5, 0.5], [0.5, 0.0, 0.5], [0.5, 0.5, 0.0]]",A,primitive->conventional (x sqrt2),Starrydata (experimental),10.3390/ma11040536,https://doi.org/10.3390/ma11040536,Starrydata all_curves.csv (release 'latest'),PhononDB (Togo/NIMS MDR),https://mdr.nims.go.jp/datasets/02fa4c75-ed5f-4897-b727-67d05b922c4a,"LTC-calc.log unit cell (PBEsol-relaxed), same file as kappa",mp-924130,True,stoichiometric,TiNiSn,D1,removed,derived (WF / total-minus-kappa_e) copy of a sample whose published kappa_L curve is in the corpus,data/Target_Materials/HEUSLER_KAPPA_TRAINING_SET.csv,,12671.0,,,
TiNiSn,5.705803327095953,W/m/K,610.7423,"experimental, Wiedemann-Franz: kappa_total - L*T/rho (Kim2015 L(S=174uV/K))",0,experimental,1.0,wf_subtracted,5.865993,216.0,F-43m,half-Heusler (C1b / MgAgAs),,"[""Ti"", ""Ti"", ""Ti"", ""Ti"", ""Ni"", ""Ni"", ""Ni"", ""Ni"", ""Sn"", ""Sn"", ""Sn"", ""Sn""]","[[0.5, 0.0, 0.0], [0.5, 0.5, 0.5], [0.0, 0.0, 0.5], [0.0, 0.5, 0.0], [0.25, 0.25, 0.75], [0.25, 0.75, 0.25], [0.75, 0.25, 0.25], [0.75, 0.75, 0.75], [0.0, 0.0, 0.0], [0.0, 0.5, 0.5], [0.5, 0.0, 0.5], [0.5, 0.5, 0.0]]",A,primitive->conventional (x sqrt2),Starrydata (experimental),10.3390/ma11020262,https://doi.org/10.3390/ma11020262,Starrydata all_curves.csv (release 'latest'),PhononDB (Togo/NIMS MDR),https://mdr.nims.go.jp/datasets/02fa4c75-ed5f-4897-b727-67d05b922c4a,"LTC-calc.log unit cell (PBEsol-relaxed), same file as kappa",mp-924130,True,stoichiometric,TiNiSn,D1,removed,derived (WF / total-minus-kappa_e) copy of a sample whose published kappa_L curve is in the corpus,data/Target_Materials/HEUSLER_KAPPA_TRAINING_SET.csv,,12689.0,,,
TiNiSn,5.752346322587123,W/m/K,621.0452,"experimental, Wiedemann-Franz: kappa_total - L*T/rho (Kim2015 L(S=175uV/K))",0,experimental,1.0,wf_subtracted,5.865993,216.0,F-43m,half-Heusler (C1b / MgAgAs),,"[""Ti"", ""Ti"", ""Ti"", ""Ti"", ""Ni"", ""Ni"", ""Ni"", ""Ni"", ""Sn"", ""Sn"", ""Sn"", ""Sn""]","[[0.5, 0.0, 0.0], [0.5, 0.5, 0.5], [0.0, 0.0, 0.5], [0.0, 0.5, 0.0], [0.25, 0.25, 0.75], [0.25, 0.75, 0.25], [0.75, 0.25, 0.25], [0.75, 0.75, 0.75], [0.0, 0.0, 0.0], [0.0, 0.5, 0.5], [0.5, 0.0, 0.5], [0.5, 0.5, 0.0]]",A,primitive->conventional (x sqrt2),Starrydata (experimental),10.3390/ma11020262,https://doi.org/10.3390/ma11020262,Starrydata all_curves.csv (release 'latest'),PhononDB (Togo/NIMS MDR),https://mdr.nims.go.jp/datasets/02fa4c75-ed5f-4897-b727-67d05b922c4a,"LTC-calc.log unit cell (PBEsol-relaxed), same file as kappa",mp-924130,True,stoichiometric,TiNiSn,D1,removed,derived (WF / total-minus-kappa_e) copy of a sample whose published kappa_L curve is in the corpus,data/Target_Materials/HEUSLER_KAPPA_TRAINING_SET.csv,,12689.0,,,
TiNiSn,4.362135450259452,W/m/K,622.6391,"experimental, Wiedemann-Franz: kappa_total - L*T/rho (Kim2015 L(S=229uV/K))",0,experimental,1.0,wf_subtracted,5.865993,216.0,F-43m,half-Heusler (C1b / MgAgAs),,"[""Ti"", ""Ti"", ""Ti"", ""Ti"", ""Ni"", ""Ni"", ""Ni"", ""Ni"", ""Sn"", ""Sn"", ""Sn"", ""Sn""]","[[0.5, 0.0, 0.0], [0.5, 0.5, 0.5], [0.0, 0.0, 0.5], [0.0, 0.5, 0.0], [0.25, 0.25, 0.75], [0.25, 0.75, 0.25], [0.75, 0.25, 0.25], [0.75, 0.75, 0.75], [0.0, 0.0, 0.0], [0.0, 0.5, 0.5], [0.5, 0.0, 0.5], [0.5, 0.5, 0.0]]",A,primitive->conventional (x sqrt2),Starrydata (experimental),10.3390/ma11040536,https://doi.org/10.3390/ma11040536,Starrydata all_curves.csv (release 'latest'),PhononDB (Togo/NIMS MDR),https://mdr.nims.go.jp/datasets/02fa4c75-ed5f-4897-b727-67d05b922c4a,"LTC-calc.log unit cell (PBEsol-relaxed), same file as kappa",mp-924130,True,stoichiometric,TiNiSn,D1,removed,derived (WF / total-minus-kappa_e) copy of a sample whose published kappa_L curve is in the corpus,data/Target_Materials/HEUSLER_KAPPA_TRAINING_SET.csv,,12671.0,,,
TiNiSn,3.7816654748364944,W/m/K,623.4783,"experimental, Wiedemann-Franz: kappa_total - L*T/rho (Kim2015 L(S=282uV/K))",0,experimental,1.0,wf_subtracted,5.865993,216.0,F-43m,half-Heusler (C1b / MgAgAs),,"[""Ti"", ""Ti"", ""Ti"", ""Ti"", ""Ni"", ""Ni"", ""Ni"", ""Ni"", ""Sn"", ""Sn"", ""Sn"", ""Sn""]","[[0.5, 0.0, 0.0], [0.5, 0.5, 0.5], [0.0, 0.0, 0.5], [0.0, 0.5, 0.0], [0.25, 0.25, 0.75], [0.25, 0.75, 0.25], [0.75, 0.25, 0.25], [0.75, 0.75, 0.75], [0.0, 0.0, 0.0], [0.0, 0.5, 0.5], [0.5, 0.0, 0.5], [0.5, 0.5, 0.0]]",A,primitive->conventional (x sqrt2),Starrydata (experimental),10.1016/j.scriptamat.2020.09.010,https://doi.org/10.1016/j.scriptamat.2020.09.010,Starrydata all_curves.csv (release 'latest'),PhononDB (Togo/NIMS MDR),https://mdr.nims.go.jp/datasets/02fa4c75-ed5f-4897-b727-67d05b922c4a,"LTC-calc.log unit cell (PBEsol-relaxed), same file as kappa",mp-924130,True,stoichiometric,TiNiSn,D1,removed,derived (WF / total-minus-kappa_e) copy of a sample whose published kappa_L curve is in the corpus,data/Target_Materials/HEUSLER_KAPPA_TRAINING_SET.csv,,38664.0,,,
TiNiSn,4.318545024719343,W/m/K,636.3559,"experimental, Wiedemann-Franz: kappa_total - L*T/rho (Kim2015 L(S=227uV/K))",0,experimental,1.0,wf_subtracted,5.865993,216.0,F-43m,half-Heusler (C1b / MgAgAs),,"[""Ti"", ""Ti"", ""Ti"", ""Ti"", ""Ni"", ""Ni"", ""Ni"", ""Ni"", ""Sn"", ""Sn"", ""Sn"", ""Sn""]","[[0.5, 0.0, 0.0], [0.5, 0.5, 0.5], [0.0, 0.0, 0.5], [0.0, 0.5, 0.0], [0.25, 0.25, 0.75], [0.25, 0.75, 0.25], [0.75, 0.25, 0.25], [0.75, 0.75, 0.75], [0.0, 0.0, 0.0], [0.0, 0.5, 0.5], [0.5, 0.0, 0.5], [0.5, 0.5, 0.0]]",A,primitive->conventional (x sqrt2),Starrydata (experimental),10.3390/ma11040536,https://doi.org/10.3390/ma11040536,Starrydata all_curves.csv (release 'latest'),PhononDB (Togo/NIMS MDR),https://mdr.nims.go.jp/datasets/02fa4c75-ed5f-4897-b727-67d05b922c4a,"LTC-calc.log unit cell (PBEsol-relaxed), same file as kappa",mp-924130,True,stoichiometric,TiNiSn,D1,removed,derived (WF / total-minus-kappa_e) copy of a sample whose published kappa_L curve is in the corpus,data/Target_Materials/HEUSLER_KAPPA_TRAINING_SET.csv,,12671.0,,,
TiNiSn,4.328562790836194,W/m/K,652.245,"experimental, Wiedemann-Franz: kappa_total - L*T/rho (Kim2015 L(S=224uV/K))",0,experimental,1.0,wf_subtracted,5.865993,216.0,F-43m,half-Heusler (C1b / MgAgAs),,"[""Ti"", ""Ti"", ""Ti"", ""Ti"", ""Ni"", ""Ni"", ""Ni"", ""Ni"", ""Sn"", ""Sn"", ""Sn"", ""Sn""]","[[0.5, 0.0, 0.0], [0.5, 0.5, 0.5], [0.0, 0.0, 0.5], [0.0, 0.5, 0.0], [0.25, 0.25, 0.75], [0.25, 0.75, 0.25], [0.75, 0.25, 0.25], [0.75, 0.75, 0.75], [0.0, 0.0, 0.0], [0.0, 0.5, 0.5], [0.5, 0.0, 0.5], [0.5, 0.5, 0.0]]",A,primitive->conventional (x sqrt2),Starrydata (experimental),10.3390/ma11040536,https://doi.org/10.3390/ma11040536,Starrydata all_curves.csv (release 'latest'),PhononDB (Togo/NIMS MDR),https://mdr.nims.go.jp/datasets/02fa4c75-ed5f-4897-b727-67d05b922c4a,"LTC-calc.log unit cell (PBEsol-relaxed), same file as kappa",mp-924130,True,stoichiometric,TiNiSn,D1,removed,derived (WF / total-minus-kappa_e) copy of a sample whose published kappa_L curve is in the corpus,data/Target_Materials/HEUSLER_KAPPA_TRAINING_SET.csv,,12671.0,,,
TiNiSn,5.611315715286208,W/m/K,657.1052,"experimental, Wiedemann-Franz: kappa_total - L*T/rho (Kim2015 L(S=175uV/K))",0,experimental,1.0,wf_subtracted,5.865993,216.0,F-43m,half-Heusler (C1b / MgAgAs),,"[""Ti"", ""Ti"", ""Ti"", ""Ti"", ""Ni"", ""Ni"", ""Ni"", ""Ni"", ""Sn"", ""Sn"", ""Sn"", ""Sn""]","[[0.5, 0.0, 0.0], [0.5, 0.5, 0.5], [0.0, 0.0, 0.5], [0.0, 0.5, 0.0], [0.25, 0.25, 0.75], [0.25, 0.75, 0.25], [0.75, 0.25, 0.25], [0.75, 0.75, 0.75], [0.0, 0.0, 0.0], [0.0, 0.5, 0.5], [0.5, 0.0, 0.5], [0.5, 0.5, 0.0]]",A,primitive->conventional (x sqrt2),Starrydata (experimental),10.3390/ma11020262,https://doi.org/10.3390/ma11020262,Starrydata all_curves.csv (release 'latest'),PhononDB (Togo/NIMS MDR),https://mdr.nims.go.jp/datasets/02fa4c75-ed5f-4897-b727-67d05b922c4a,"LTC-calc.log unit cell (PBEsol-relaxed), same file as kappa",mp-924130,True,stoichiometric,TiNiSn,D1,removed,derived (WF / total-minus-kappa_e) copy of a sample whose published kappa_L curve is in the corpus,data/Target_Materials/HEUSLER_KAPPA_TRAINING_SET.csv,,12689.0,,,
TiNiSn,4.2995354149605705,W/m/K,668.0255,"experimental, Wiedemann-Franz: kappa_total - L*T/rho (Kim2015 L(S=221uV/K))",0,experimental,1.0,wf_subtracted,5.865993,216.0,F-43m,half-Heusler (C1b / MgAgAs),,"[""Ti"", ""Ti"", ""Ti"", ""Ti"", ""Ni"", ""Ni"", ""Ni"", ""Ni"", ""Sn"", ""Sn"", ""Sn"", ""Sn""]","[[0.5, 0.0, 0.0], [0.5, 0.5, 0.5], [0.0, 0.0, 0.5], [0.0, 0.5, 0.0], [0.25, 0.25, 0.75], [0.25, 0.75, 0.25], [0.75, 0.25, 0.25], [0.75, 0.75, 0.75], [0.0, 0.0, 0.0], [0.0, 0.5, 0.5], [0.5, 0.0, 0.5], [0.5, 0.5, 0.0]]",A,primitive->conventional (x sqrt2),Starrydata (experimental),10.3390/ma11040536,https://doi.org/10.3390/ma11040536,Starrydata all_curves.csv (release 'latest'),PhononDB (Togo/NIMS MDR),https://mdr.nims.go.jp/datasets/02fa4c75-ed5f-4897-b727-67d05b922c4a,"LTC-calc.log unit cell (PBEsol-relaxed), same file as kappa",mp-924130,True,stoichiometric,TiNiSn,D1,removed,derived (WF / total-minus-kappa_e) copy of a sample whose published kappa_L curve is in the corpus,data/Target_Materials/HEUSLER_KAPPA_TRAINING_SET.csv,,12671.0,,,
TiNiSn,5.700392614881496,W/m/K,668.2666,"experimental, Wiedemann-Franz: kappa_total - L*T/rho (Kim2015 L(S=171uV/K))",0,experimental,1.0,wf_subtracted,5.865993,216.0,F-43m,half-Heusler (C1b / MgAgAs),,"[""Ti"", ""Ti"", ""Ti"", ""Ti"", ""Ni"", ""Ni"", ""Ni"", ""Ni"", ""Sn"", ""Sn"", ""Sn"", ""Sn""]","[[0.5, 0.0, 0.0], [0.5, 0.5, 0.5], [0.0, 0.0, 0.5], [0.0, 0.5, 0.0], [0.25, 0.25, 0.75], [0.25, 0.75, 0.25], [0.75, 0.25, 0.25], [0.75, 0.75, 0.75], [0.0, 0.0, 0.0], [0.0, 0.5, 0.5], [0.5, 0.0, 0.5], [0.5, 0.5, 0.0]]",A,primitive->conventional (x sqrt2),Starrydata (experimental),10.3390/ma11020262,https://doi.org/10.3390/ma11020262,Starrydata all_curves.csv (release 'latest'),PhononDB (Togo/NIMS MDR),https://mdr.nims.go.jp/datasets/02fa4c75-ed5f-4897-b727-67d05b922c4a,"LTC-calc.log unit cell (PBEsol-relaxed), same file as kappa",mp-924130,True,stoichiometric,TiNiSn,D1,removed,derived (WF / total-minus-kappa_e) copy of a sample whose published kappa_L curve is in the corpus,data/Target_Materials/HEUSLER_KAPPA_TRAINING_SET.csv,,12689.0,,,
TiNiSn,3.779014745545495,W/m/K,675.3191,"experimental, Wiedemann-Franz: kappa_total - L*T/rho (Kim2015 L(S=267uV/K))",0,experimental,1.0,wf_subtracted,5.865993,216.0,F-43m,half-Heusler (C1b / MgAgAs),,"[""Ti"", ""Ti"", ""Ti"", ""Ti"", ""Ni"", ""Ni"", ""Ni"", ""Ni"", ""Sn"", ""Sn"", ""Sn"", ""Sn""]","[[0.5, 0.0, 0.0], [0.5, 0.5, 0.5], [0.0, 0.0, 0.5], [0.0, 0.5, 0.0], [0.25, 0.25, 0.75], [0.25, 0.75, 0.25], [0.75, 0.25, 0.25], [0.75, 0.75, 0.75], [0.0, 0.0, 0.0], [0.0, 0.5, 0.5], [0.5, 0.0, 0.5], [0.5, 0.5, 0.0]]",A,primitive->conventional (x sqrt2),Starrydata (experimental),10.1016/j.scriptamat.2020.09.010,https://doi.org/10.1016/j.scriptamat.2020.09.010,Starrydata all_curves.csv (release 'latest'),PhononDB (Togo/NIMS MDR),https://mdr.nims.go.jp/datasets/02fa4c75-ed5f-4897-b727-67d05b922c4a,"LTC-calc.log unit cell (PBEsol-relaxed), same file as kappa",mp-924130,True,stoichiometric,TiNiSn,D1,removed,derived (WF / total-minus-kappa_e) copy of a sample whose published kappa_L curve is in the corpus,data/Target_Materials/HEUSLER_KAPPA_TRAINING_SET.csv,,38664.0,,,
TiNiSn,4.303134905550915,W/m/K,684.6439,"experimental, Wiedemann-Franz: kappa_total - L*T/rho (Kim2015 L(S=217uV/K))",0,experimental,1.0,wf_subtracted,5.865993,216.0,F-43m,half-Heusler (C1b / MgAgAs),,"[""Ti"", ""Ti"", ""Ti"", ""Ti"", ""Ni"", ""Ni"", ""Ni"", ""Ni"", ""Sn"", ""Sn"", ""Sn"", ""Sn""]","[[0.5, 0.0, 0.0], [0.5, 0.5, 0.5], [0.0, 0.0, 0.5], [0.0, 0.5, 0.0], [0.25, 0.25, 0.75], [0.25, 0.75, 0.25], [0.75, 0.25, 0.25], [0.75, 0.75, 0.75], [0.0, 0.0, 0.0], [0.0, 0.5, 0.5], [0.5, 0.0, 0.5], [0.5, 0.5, 0.0]]",A,primitive->conventional (x sqrt2),Starrydata (experimental),10.3390/ma11040536,https://doi.org/10.3390/ma11040536,Starrydata all_curves.csv (release 'latest'),PhononDB (Togo/NIMS MDR),https://mdr.nims.go.jp/datasets/02fa4c75-ed5f-4897-b727-67d05b922c4a,"LTC-calc.log unit cell (PBEsol-relaxed), same file as kappa",mp-924130,True,stoichiometric,TiNiSn,D1,removed,derived (WF / total-minus-kappa_e) copy of a sample whose published kappa_L curve is in the corpus,data/Target_Materials/HEUSLER_KAPPA_TRAINING_SET.csv,,12671.0,,,
TiNiSn,4.296910824666989,W/m/K,700.5951,"experimental, Wiedemann-Franz: kappa_total - L*T/rho (Kim2015 L(S=212uV/K))",0,experimental,1.0,wf_subtracted,5.865993,216.0,F-43m,half-Heusler (C1b / MgAgAs),,"[""Ti"", ""Ti"", ""Ti"", ""Ti"", ""Ni"", ""Ni"", ""Ni"", ""Ni"", ""Sn"", ""Sn"", ""Sn"", ""Sn""]","[[0.5, 0.0, 0.0], [0.5, 0.5, 0.5], [0.0, 0.0, 0.5], [0.0, 0.5, 0.0], [0.25, 0.25, 0.75], [0.25, 0.75, 0.25], [0.75, 0.25, 0.25], [0.75, 0.75, 0.75], [0.0, 0.0, 0.0], [0.0, 0.5, 0.5], [0.5, 0.0, 0.5], [0.5, 0.5, 0.0]]",A,primitive->conventional (x sqrt2),Starrydata (experimental),10.3390/ma11040536,https://doi.org/10.3390/ma11040536,Starrydata all_curves.csv (release 'latest'),PhononDB (Togo/NIMS MDR),https://mdr.nims.go.jp/datasets/02fa4c75-ed5f-4897-b727-67d05b922c4a,"LTC-calc.log unit cell (PBEsol-relaxed), same file as kappa",mp-924130,True,stoichiometric,TiNiSn,D1,removed,derived (WF / total-minus-kappa_e) copy of a sample whose published kappa_L curve is in the corpus,data/Target_Materials/HEUSLER_KAPPA_TRAINING_SET.csv,,12671.0,,,
TiNiSn,5.58477843203602,W/m/K,705.5815,"experimental, Wiedemann-Franz: kappa_total - L*T/rho (Kim2015 L(S=171uV/K))",0,experimental,1.0,wf_subtracted,5.865993,216.0,F-43m,half-Heusler (C1b / MgAgAs),,"[""Ti"", ""Ti"", ""Ti"", ""Ti"", ""Ni"", ""Ni"", ""Ni"", ""Ni"", ""Sn"", ""Sn"", ""Sn"", ""Sn""]","[[0.5, 0.0, 0.0], [0.5, 0.5, 0.5], [0.0, 0.0, 0.5], [0.0, 0.5, 0.0], [0.25, 0.25, 0.75], [0.25, 0.75, 0.25], [0.75, 0.25, 0.25], [0.75, 0.75, 0.75], [0.0, 0.0, 0.0], [0.0, 0.5, 0.5], [0.5, 0.0, 0.5], [0.5, 0.5, 0.0]]",A,primitive->conventional (x sqrt2),Starrydata (experimental),10.3390/ma11020262,https://doi.org/10.3390/ma11020262,Starrydata all_curves.csv (release 'latest'),PhononDB (Togo/NIMS MDR),https://mdr.nims.go.jp/datasets/02fa4c75-ed5f-4897-b727-67d05b922c4a,"LTC-calc.log unit cell (PBEsol-relaxed), same file as kappa",mp-924130,True,stoichiometric,TiNiSn,D1,removed,derived (WF / total-minus-kappa_e) copy of a sample whose published kappa_L curve is in the corpus,data/Target_Materials/HEUSLER_KAPPA_TRAINING_SET.csv,,12689.0,,,
TiNiSn,5.656734674742353,W/m/K,715.4881,"experimental, Wiedemann-Franz: kappa_total - L*T/rho (Kim2015 L(S=168uV/K))",0,experimental,1.0,wf_subtracted,5.865993,216.0,F-43m,half-Heusler (C1b / MgAgAs),,"[""Ti"", ""Ti"", ""Ti"", ""Ti"", ""Ni"", ""Ni"", ""Ni"", ""Ni"", ""Sn"", ""Sn"", ""Sn"", ""Sn""]","[[0.5, 0.0, 0.0], [0.5, 0.5, 0.5], [0.0, 0.0, 0.5], [0.0, 0.5, 0.0], [0.25, 0.25, 0.75], [0.25, 0.75, 0.25], [0.75, 0.25, 0.25], [0.75, 0.75, 0.75], [0.0, 0.0, 0.0], [0.0, 0.5, 0.5], [0.5, 0.0, 0.5], [0.5, 0.5, 0.0]]",A,primitive->conventional (x sqrt2),Starrydata (experimental),10.3390/ma11020262,https://doi.org/10.3390/ma11020262,Starrydata all_curves.csv (release 'latest'),PhononDB (Togo/NIMS MDR),https://mdr.nims.go.jp/datasets/02fa4c75-ed5f-4897-b727-67d05b922c4a,"LTC-calc.log unit cell (PBEsol-relaxed), same file as kappa",mp-924130,True,stoichiometric,TiNiSn,D1,removed,derived (WF / total-minus-kappa_e) copy of a sample whose published kappa_L curve is in the corpus,data/Target_Materials/HEUSLER_KAPPA_TRAINING_SET.csv,,12689.0,,,
TiNiSn,4.313516068004909,W/m/K,715.6464,"experimental, Wiedemann-Franz: kappa_total - L*T/rho (Kim2015 L(S=208uV/K))",0,experimental,1.0,wf_subtracted,5.865993,216.0,F-43m,half-Heusler (C1b / MgAgAs),,"[""Ti"", ""Ti"", ""Ti"", ""Ti"", ""Ni"", ""Ni"", ""Ni"", ""Ni"", ""Sn"", ""Sn"", ""Sn"", ""Sn""]","[[0.5, 0.0, 0.0], [0.5, 0.5, 0.5], [0.0, 0.0, 0.5], [0.0, 0.5, 0.0], [0.25, 0.25, 0.75], [0.25, 0.75, 0.25], [0.75, 0.25, 0.25], [0.75, 0.75, 0.75], [0.0, 0.0, 0.0], [0.0, 0.5, 0.5], [0.5, 0.0, 0.5], [0.5, 0.5, 0.0]]",A,primitive->conventional (x sqrt2),Starrydata (experimental),10.3390/ma11040536,https://doi.org/10.3390/ma11040536,Starrydata all_curves.csv (release 'latest'),PhononDB (Togo/NIMS MDR),https://mdr.nims.go.jp/datasets/02fa4c75-ed5f-4897-b727-67d05b922c4a,"LTC-calc.log unit cell (PBEsol-relaxed), same file as kappa",mp-924130,True,stoichiometric,TiNiSn,D1,removed,derived (WF / total-minus-kappa_e) copy of a sample whose published kappa_L curve is in the corpus,data/Target_Materials/HEUSLER_KAPPA_TRAINING_SET.csv,,12671.0,,,
TiNiSn,3.759101688688357,W/m/K,724.629,"experimental, Wiedemann-Franz: kappa_total - L*T/rho (Kim2015 L(S=254uV/K))",0,experimental,1.0,wf_subtracted,5.865993,216.0,F-43m,half-Heusler (C1b / MgAgAs),,"[""Ti"", ""Ti"", ""Ti"", ""Ti"", ""Ni"", ""Ni"", ""Ni"", ""Ni"", ""Sn"", ""Sn"", ""Sn"", ""Sn""]","[[0.5, 0.0, 0.0], [0.5, 0.5, 0.5], [0.0, 0.0, 0.5], [0.0, 0.5, 0.0], [0.25, 0.25, 0.75], [0.25, 0.75, 0.25], [0.75, 0.25, 0.25], [0.75, 0.75, 0.75], [0.0, 0.0, 0.0], [0.0, 0.5, 0.5], [0.5, 0.0, 0.5], [0.5, 0.5, 0.0]]",A,primitive->conventional (x sqrt2),Starrydata (experimental),10.1016/j.scriptamat.2020.09.010,https://doi.org/10.1016/j.scriptamat.2020.09.010,Starrydata all_curves.csv (release 'latest'),PhononDB (Togo/NIMS MDR),https://mdr.nims.go.jp/datasets/02fa4c75-ed5f-4897-b727-67d05b922c4a,"LTC-calc.log unit cell (PBEsol-relaxed), same file as kappa",mp-924130,True,stoichiometric,TiNiSn,D1,removed,derived (WF / total-minus-kappa_e) copy of a sample whose published kappa_L curve is in the corpus,data/Target_Materials/HEUSLER_KAPPA_TRAINING_SET.csv,,38664.0,,,
TiNiSn,4.301822852872473,W/m/K,731.0079,"experimental, Wiedemann-Franz: kappa_total - L*T/rho (Kim2015 L(S=203uV/K))",0,experimental,1.0,wf_subtracted,5.865993,216.0,F-43m,half-Heusler (C1b / MgAgAs),,"[""Ti"", ""Ti"", ""Ti"", ""Ti"", ""Ni"", ""Ni"", ""Ni"", ""Ni"", ""Sn"", ""Sn"", ""Sn"", ""Sn""]","[[0.5, 0.0, 0.0], [0.5, 0.5, 0.5], [0.0, 0.0, 0.5], [0.0, 0.5, 0.0], [0.25, 0.25, 0.75], [0.25, 0.75, 0.25], [0.75, 0.25, 0.25], [0.75, 0.75, 0.75], [0.0, 0.0, 0.0], [0.0, 0.5, 0.5], [0.5, 0.0, 0.5], [0.5, 0.5, 0.0]]",A,primitive->conventional (x sqrt2),Starrydata (experimental),10.3390/ma11040536,https://doi.org/10.3390/ma11040536,Starrydata all_curves.csv (release 'latest'),PhononDB (Togo/NIMS MDR),https://mdr.nims.go.jp/datasets/02fa4c75-ed5f-4897-b727-67d05b922c4a,"LTC-calc.log unit cell (PBEsol-relaxed), same file as kappa",mp-924130,True,stoichiometric,TiNiSn,D1,removed,derived (WF / total-minus-kappa_e) copy of a sample whose published kappa_L curve is in the corpus,data/Target_Materials/HEUSLER_KAPPA_TRAINING_SET.csv,,12671.0,,,
TiNiSn,4.304671909913889,W/m/K,745.4385,"experimental, Wiedemann-Franz: kappa_total - L*T/rho (Kim2015 L(S=198uV/K))",0,experimental,1.0,wf_subtracted,5.865993,216.0,F-43m,half-Heusler (C1b / MgAgAs),,"[""Ti"", ""Ti"", ""Ti"", ""Ti"", ""Ni"", ""Ni"", ""Ni"", ""Ni"", ""Sn"", ""Sn"", ""Sn"", ""Sn""]","[[0.5, 0.0, 0.0], [0.5, 0.5, 0.5], [0.0, 0.0, 0.5], [0.0, 0.5, 0.0], [0.25, 0.25, 0.75], [0.25, 0.75, 0.25], [0.75, 0.25, 0.25], [0.75, 0.75, 0.75], [0.0, 0.0, 0.0], [0.0, 0.5, 0.5], [0.5, 0.0, 0.5], [0.5, 0.5, 0.0]]",A,primitive->conventional (x sqrt2),Starrydata (experimental),10.3390/ma11040536,https://doi.org/10.3390/ma11040536,Starrydata all_curves.csv (release 'latest'),PhononDB (Togo/NIMS MDR),https://mdr.nims.go.jp/datasets/02fa4c75-ed5f-4897-b727-67d05b922c4a,"LTC-calc.log unit cell (PBEsol-relaxed), same file as kappa",mp-924130,True,stoichiometric,TiNiSn,D1,removed,derived (WF / total-minus-kappa_e) copy of a sample whose published kappa_L curve is in the corpus,data/Target_Materials/HEUSLER_KAPPA_TRAINING_SET.csv,,12671.0,,,
TiNiSn,5.591931449225569,W/m/K,753.2653,"experimental, Wiedemann-Franz: kappa_total - L*T/rho (Kim2015 L(S=167uV/K))",0,experimental,1.0,wf_subtracted,5.865993,216.0,F-43m,half-Heusler (C1b / MgAgAs),,"[""Ti"", ""Ti"", ""Ti"", ""Ti"", ""Ni"", ""Ni"", ""Ni"", ""Ni"", ""Sn"", ""Sn"", ""Sn"", ""Sn""]","[[0.5, 0.0, 0.0], [0.5, 0.5, 0.5], [0.0, 0.0, 0.5], [0.0, 0.5, 0.0], [0.25, 0.25, 0.75], [0.25, 0.75, 0.25], [0.75, 0.25, 0.25], [0.75, 0.75, 0.75], [0.0, 0.0, 0.0], [0.0, 0.5, 0.5], [0.5, 0.0, 0.5], [0.5, 0.5, 0.0]]",A,primitive->conventional (x sqrt2),Starrydata (experimental),10.3390/ma11020262,https://doi.org/10.3390/ma11020262,Starrydata all_curves.csv (release 'latest'),PhononDB (Togo/NIMS MDR),https://mdr.nims.go.jp/datasets/02fa4c75-ed5f-4897-b727-67d05b922c4a,"LTC-calc.log unit cell (PBEsol-relaxed), same file as kappa",mp-924130,True,stoichiometric,TiNiSn,D1,removed,derived (WF / total-minus-kappa_e) copy of a sample whose published kappa_L curve is in the corpus,data/Target_Materials/HEUSLER_KAPPA_TRAINING_SET.csv,,12689.0,,,
TiNiSn,4.328325924817232,W/m/K,761.4517,"experimental, Wiedemann-Franz: kappa_total - L*T/rho (Kim2015 L(S=193uV/K))",0,experimental,1.0,wf_subtracted,5.865993,216.0,F-43m,half-Heusler (C1b / MgAgAs),,"[""Ti"", ""Ti"", ""Ti"", ""Ti"", ""Ni"", ""Ni"", ""Ni"", ""Ni"", ""Sn"", ""Sn"", ""Sn"", ""Sn""]","[[0.5, 0.0, 0.0], [0.5, 0.5, 0.5], [0.0, 0.0, 0.5], [0.0, 0.5, 0.0], [0.25, 0.25, 0.75], [0.25, 0.75, 0.25], [0.75, 0.25, 0.25], [0.75, 0.75, 0.75], [0.0, 0.0, 0.0], [0.0, 0.5, 0.5], [0.5, 0.0, 0.5], [0.5, 0.5, 0.0]]",A,primitive->conventional (x sqrt2),Starrydata (experimental),10.3390/ma11040536,https://doi.org/10.3390/ma11040536,Starrydata all_curves.csv (release 'latest'),PhononDB (Togo/NIMS MDR),https://mdr.nims.go.jp/datasets/02fa4c75-ed5f-4897-b727-67d05b922c4a,"LTC-calc.log unit cell (PBEsol-relaxed), same file as kappa",mp-924130,True,stoichiometric,TiNiSn,D1,removed,derived (WF / total-minus-kappa_e) copy of a sample whose published kappa_L curve is in the corpus,data/Target_Materials/HEUSLER_KAPPA_TRAINING_SET.csv,,12671.0,,,
TiNiSn,5.677946023631412,W/m/K,763.5681,"experimental, Wiedemann-Franz: kappa_total - L*T/rho (Kim2015 L(S=165uV/K))",0,experimental,1.0,wf_subtracted,5.865993,216.0,F-43m,half-Heusler (C1b / MgAgAs),,"[""Ti"", ""Ti"", ""Ti"", ""Ti"", ""Ni"", ""Ni"", ""Ni"", ""Ni"", ""Sn"", ""Sn"", ""Sn"", ""Sn""]","[[0.5, 0.0, 0.0], [0.5, 0.5, 0.5], [0.0, 0.0, 0.5], [0.0, 0.5, 0.0], [0.25, 0.25, 0.75], [0.25, 0.75, 0.25], [0.75, 0.25, 0.25], [0.75, 0.75, 0.75], [0.0, 0.0, 0.0], [0.0, 0.5, 0.5], [0.5, 0.0, 0.5], [0.5, 0.5, 0.0]]",A,primitive->conventional (x sqrt2),Starrydata (experimental),10.3390/ma11020262,https://doi.org/10.3390/ma11020262,Starrydata all_curves.csv (release 'latest'),PhononDB (Togo/NIMS MDR),https://mdr.nims.go.jp/datasets/02fa4c75-ed5f-4897-b727-67d05b922c4a,"LTC-calc.log unit cell (PBEsol-relaxed), same file as kappa",mp-924130,True,stoichiometric,TiNiSn,D1,removed,derived (WF / total-minus-kappa_e) copy of a sample whose published kappa_L curve is in the corpus,data/Target_Materials/HEUSLER_KAPPA_TRAINING_SET.csv,,12689.0,,,
TiNiSn,3.8745821809116814,W/m/K,773.0435,"experimental, Wiedemann-Franz: kappa_total - L*T/rho (Kim2015 L(S=238uV/K))",0,experimental,1.0,wf_subtracted,5.865993,216.0,F-43m,half-Heusler (C1b / MgAgAs),,"[""Ti"", ""Ti"", ""Ti"", ""Ti"", ""Ni"", ""Ni"", ""Ni"", ""Ni"", ""Sn"", ""Sn"", ""Sn"", ""Sn""]","[[0.5, 0.0, 0.0], [0.5, 0.5, 0.5], [0.0, 0.0, 0.5], [0.0, 0.5, 0.0], [0.25, 0.25, 0.75], [0.25, 0.75, 0.25], [0.75, 0.25, 0.25], [0.75, 0.75, 0.75], [0.0, 0.0, 0.0], [0.0, 0.5, 0.5], [0.5, 0.0, 0.5], [0.5, 0.5, 0.0]]",A,primitive->conventional (x sqrt2),Starrydata (experimental),10.1016/j.scriptamat.2020.09.010,https://doi.org/10.1016/j.scriptamat.2020.09.010,Starrydata all_curves.csv (release 'latest'),PhononDB (Togo/NIMS MDR),https://mdr.nims.go.jp/datasets/02fa4c75-ed5f-4897-b727-67d05b922c4a,"LTC-calc.log unit cell (PBEsol-relaxed), same file as kappa",mp-924130,True,stoichiometric,TiNiSn,D1,removed,derived (WF / total-minus-kappa_e) copy of a sample whose published kappa_L curve is in the corpus,data/Target_Materials/HEUSLER_KAPPA_TRAINING_SET.csv,,38664.0,,,
TiNiSn,4.317581925041354,W/m/K,773.6013,"experimental, Wiedemann-Franz: kappa_total - L*T/rho (Kim2015 L(S=190uV/K))",0,experimental,1.0,wf_subtracted,5.865993,216.0,F-43m,half-Heusler (C1b / MgAgAs),,"[""Ti"", ""Ti"", ""Ti"", ""Ti"", ""Ni"", ""Ni"", ""Ni"", ""Ni"", ""Sn"", ""Sn"", ""Sn"", ""Sn""]","[[0.5, 0.0, 0.0], [0.5, 0.5, 0.5], [0.0, 0.0, 0.5], [0.0, 0.5, 0.0], [0.25, 0.25, 0.75], [0.25, 0.75, 0.25], [0.75, 0.25, 0.25], [0.75, 0.75, 0.75], [0.0, 0.0, 0.0], [0.0, 0.5, 0.5], [0.5, 0.0, 0.5], [0.5, 0.5, 0.0]]",A,primitive->conventional (x sqrt2),Starrydata (experimental),10.3390/ma11040536,https://doi.org/10.3390/ma11040536,Starrydata all_curves.csv (release 'latest'),PhononDB (Togo/NIMS MDR),https://mdr.nims.go.jp/datasets/02fa4c75-ed5f-4897-b727-67d05b922c4a,"LTC-calc.log unit cell (PBEsol-relaxed), same file as kappa",mp-924130,True,stoichiometric,TiNiSn,D1,removed,derived (WF / total-minus-kappa_e) copy of a sample whose published kappa_L curve is in the corpus,data/Target_Materials/HEUSLER_KAPPA_TRAINING_SET.csv,,12671.0,,,
TiNiSn,5.816526382881309,W/m/K,801.3453,"experimental, Wiedemann-Franz: kappa_total - L*T/rho (Kim2015 L(S=164uV/K))",0,experimental,1.0,wf_subtracted,5.865993,216.0,F-43m,half-Heusler (C1b / MgAgAs),,"[""Ti"", ""Ti"", ""Ti"", ""Ti"", ""Ni"", ""Ni"", ""Ni"", ""Ni"", ""Sn"", ""Sn"", ""Sn"", ""Sn""]","[[0.5, 0.0, 0.0], [0.5, 0.5, 0.5], [0.0, 0.0, 0.5], [0.0, 0.5, 0.0], [0.25, 0.25, 0.75], [0.25, 0.75, 0.25], [0.75, 0.25, 0.25], [0.75, 0.75, 0.75], [0.0, 0.0, 0.0], [0.0, 0.5, 0.5], [0.5, 0.0, 0.5], [0.5, 0.5, 0.0]]",A,primitive->conventional (x sqrt2),Starrydata (experimental),10.3390/ma11020262,https://doi.org/10.3390/ma11020262,Starrydata all_curves.csv (release 'latest'),PhononDB (Togo/NIMS MDR),https://mdr.nims.go.jp/datasets/02fa4c75-ed5f-4897-b727-67d05b922c4a,"LTC-calc.log unit cell (PBEsol-relaxed), same file as kappa",mp-924130,True,stoichiometric,TiNiSn,D1,removed,derived (WF / total-minus-kappa_e) copy of a sample whose published kappa_L curve is in the corpus,data/Target_Materials/HEUSLER_KAPPA_TRAINING_SET.csv,,12689.0,,,
TiNiSn,5.79197585905744,W/m/K,811.6482,"experimental, Wiedemann-Franz: kappa_total - L*T/rho (Kim2015 L(S=163uV/K))",0,experimental,1.0,wf_subtracted,5.865993,216.0,F-43m,half-Heusler (C1b / MgAgAs),,"[""Ti"", ""Ti"", ""Ti"", ""Ti"", ""Ni"", ""Ni"", ""Ni"", ""Ni"", ""Sn"", ""Sn"", ""Sn"", ""Sn""]","[[0.5, 0.0, 0.0], [0.5, 0.5, 0.5], [0.0, 0.0, 0.5], [0.0, 0.5, 0.0], [0.25, 0.25, 0.75], [0.25, 0.75, 0.25], [0.75, 0.25, 0.25], [0.75, 0.75, 0.75], [0.0, 0.0, 0.0], [0.0, 0.5, 0.5], [0.5, 0.0, 0.5], [0.5, 0.5, 0.0]]",A,primitive->conventional (x sqrt2),Starrydata (experimental),10.3390/ma11020262,https://doi.org/10.3390/ma11020262,Starrydata all_curves.csv (release 'latest'),PhononDB (Togo/NIMS MDR),https://mdr.nims.go.jp/datasets/02fa4c75-ed5f-4897-b727-67d05b922c4a,"LTC-calc.log unit cell (PBEsol-relaxed), same file as kappa",mp-924130,True,stoichiometric,TiNiSn,D1,removed,derived (WF / total-minus-kappa_e) copy of a sample whose published kappa_L curve is in the corpus,data/Target_Materials/HEUSLER_KAPPA_TRAINING_SET.csv,,12689.0,,,
TiNiSn,5.836869775221095,W/m/K,849.4254,"experimental, Wiedemann-Franz: kappa_total - L*T/rho (Kim2015 L(S=153uV/K))",0,experimental,1.0,wf_subtracted,5.865993,216.0,F-43m,half-Heusler (C1b / MgAgAs),,"[""Ti"", ""Ti"", ""Ti"", ""Ti"", ""Ni"", ""Ni"", ""Ni"", ""Ni"", ""Sn"", ""Sn"", ""Sn"", ""Sn""]","[[0.5, 0.0, 0.0], [0.5, 0.5, 0.5], [0.0, 0.0, 0.5], [0.0, 0.5, 0.0], [0.25, 0.25, 0.75], [0.25, 0.75, 0.25], [0.75, 0.25, 0.25], [0.75, 0.75, 0.75], [0.0, 0.0, 0.0], [0.0, 0.5, 0.5], [0.5, 0.0, 0.5], [0.5, 0.5, 0.0]]",A,primitive->conventional (x sqrt2),Starrydata (experimental),10.3390/ma11020262,https://doi.org/10.3390/ma11020262,Starrydata all_curves.csv (release 'latest'),PhononDB (Togo/NIMS MDR),https://mdr.nims.go.jp/datasets/02fa4c75-ed5f-4897-b727-67d05b922c4a,"LTC-calc.log unit cell (PBEsol-relaxed), same file as kappa",mp-924130,True,stoichiometric,TiNiSn,D1,removed,derived (WF / total-minus-kappa_e) copy of a sample whose published kappa_L curve is in the corpus,data/Target_Materials/HEUSLER_KAPPA_TRAINING_SET.csv,,12689.0,,,
TiNiSn,5.9724008692231685,W/m/K,860.5868,"experimental, Wiedemann-Franz: kappa_total - L*T/rho (Kim2015 L(S=154uV/K))",0,experimental,1.0,wf_subtracted,5.865993,216.0,F-43m,half-Heusler (C1b / MgAgAs),,"[""Ti"", ""Ti"", ""Ti"", ""Ti"", ""Ni"", ""Ni"", ""Ni"", ""Ni"", ""Sn"", ""Sn"", ""Sn"", ""Sn""]","[[0.5, 0.0, 0.0], [0.5, 0.5, 0.5], [0.0, 0.0, 0.5], [0.0, 0.5, 0.0], [0.25, 0.25, 0.75], [0.25, 0.75, 0.25], [0.75, 0.25, 0.25], [0.75, 0.75, 0.75], [0.0, 0.0, 0.0], [0.0, 0.5, 0.5], [0.5, 0.0, 0.5], [0.5, 0.5, 0.0]]",A,primitive->conventional (x sqrt2),Starrydata (experimental),10.3390/ma11020262,https://doi.org/10.3390/ma11020262,Starrydata all_curves.csv (release 'latest'),PhononDB (Togo/NIMS MDR),https://mdr.nims.go.jp/datasets/02fa4c75-ed5f-4897-b727-67d05b922c4a,"LTC-calc.log unit cell (PBEsol-relaxed), same file as kappa",mp-924130,True,stoichiometric,TiNiSn,D1,removed,derived (WF / total-minus-kappa_e) copy of a sample whose published kappa_L curve is in the corpus,data/Target_Materials/HEUSLER_KAPPA_TRAINING_SET.csv,,12689.0,,,
TiNiSn,6.078727027068245,W/m/K,897.5054,"experimental, Wiedemann-Franz: kappa_total - L*T/rho (Kim2015 L(S=141uV/K))",0,experimental,1.0,wf_subtracted,5.865993,216.0,F-43m,half-Heusler (C1b / MgAgAs),,"[""Ti"", ""Ti"", ""Ti"", ""Ti"", ""Ni"", ""Ni"", ""Ni"", ""Ni"", ""Sn"", ""Sn"", ""Sn"", ""Sn""]","[[0.5, 0.0, 0.0], [0.5, 0.5, 0.5], [0.0, 0.0, 0.5], [0.0, 0.5, 0.0], [0.25, 0.25, 0.75], [0.25, 0.75, 0.25], [0.75, 0.25, 0.25], [0.75, 0.75, 0.75], [0.0, 0.0, 0.0], [0.0, 0.5, 0.5], [0.5, 0.0, 0.5], [0.5, 0.5, 0.0]]",A,primitive->conventional (x sqrt2),Starrydata (experimental),10.3390/ma11020262,https://doi.org/10.3390/ma11020262,Starrydata all_curves.csv (release 'latest'),PhononDB (Togo/NIMS MDR),https://mdr.nims.go.jp/datasets/02fa4c75-ed5f-4897-b727-67d05b922c4a,"LTC-calc.log unit cell (PBEsol-relaxed), same file as kappa",mp-924130,True,stoichiometric,TiNiSn,D1,removed,derived (WF / total-minus-kappa_e) copy of a sample whose published kappa_L curve is in the corpus,data/Target_Materials/HEUSLER_KAPPA_TRAINING_SET.csv,,12689.0,,,
TiNiSn,5.964185997116154,W/m/K,907.8083,"experimental, Wiedemann-Franz: kappa_total - L*T/rho (Kim2015 L(S=144uV/K))",0,experimental,1.0,wf_subtracted,5.865993,216.0,F-43m,half-Heusler (C1b / MgAgAs),,"[""Ti"", ""Ti"", ""Ti"", ""Ti"", ""Ni"", ""Ni"", ""Ni"", ""Ni"", ""Sn"", ""Sn"", ""Sn"", ""Sn""]","[[0.5, 0.0, 0.0], [0.5, 0.5, 0.5], [0.0, 0.0, 0.5], [0.0, 0.5, 0.0], [0.25, 0.25, 0.75], [0.25, 0.75, 0.25], [0.75, 0.25, 0.25], [0.75, 0.75, 0.75], [0.0, 0.0, 0.0], [0.0, 0.5, 0.5], [0.5, 0.0, 0.5], [0.5, 0.5, 0.0]]",A,primitive->conventional (x sqrt2),Starrydata (experimental),10.3390/ma11020262,https://doi.org/10.3390/ma11020262,Starrydata all_curves.csv (release 'latest'),PhononDB (Togo/NIMS MDR),https://mdr.nims.go.jp/datasets/02fa4c75-ed5f-4897-b727-67d05b922c4a,"LTC-calc.log unit cell (PBEsol-relaxed), same file as kappa",mp-924130,True,stoichiometric,TiNiSn,D1,removed,derived (WF / total-minus-kappa_e) copy of a sample whose published kappa_L curve is in the corpus,data/Target_Materials/HEUSLER_KAPPA_TRAINING_SET.csv,,12689.0,,,
VCoSb,2.415612401080738,W/m/K,302.8866,"experimental, kappa_total - MEASURED kappa_e (no Lorenz assumption)",0,experimental,1.0,total_minus_measured_ke,5.69,216.0,F-43m,half Heusler (C1_b / MgAgAs),CAB,,,B,conventional,Starrydata (experimental),10.1002/andp.201900440,https://doi.org/10.1002/andp.201900440,Starrydata all_curves.csv (release 'latest'),repository mining,https://github.com/AMRL-2018/MachineLearning_Half_Heusler/blob/master/data/halfHeusler.csv,"alatt column (AFLOW T0003 half-Heusler relaxed lattice constant, same table as kappa)",AMRL-2018/MachineLearning_Half_Heusler data/halfHeusler.csv | AFLOW Co1Sb1V1.T0003.CAB,True,stoichiometric,VCoSb,D1,removed,derived (WF / total-minus-kappa_e) copy of a sample whose published kappa_L curve is in the corpus,data/Target_Materials/HEUSLER_KAPPA_TRAINING_SET.csv,,35590.0,,,
VCoSb,2.4010441919619465,W/m/K,375.0515,"experimental, kappa_total - MEASURED kappa_e (no Lorenz assumption)",0,experimental,1.0,total_minus_measured_ke,5.69,216.0,F-43m,half Heusler (C1_b / MgAgAs),CAB,,,B,conventional,Starrydata (experimental),10.1002/andp.201900440,https://doi.org/10.1002/andp.201900440,Starrydata all_curves.csv (release 'latest'),repository mining,https://github.com/AMRL-2018/MachineLearning_Half_Heusler/blob/master/data/halfHeusler.csv,"alatt column (AFLOW T0003 half-Heusler relaxed lattice constant, same table as kappa)",AMRL-2018/MachineLearning_Half_Heusler data/halfHeusler.csv | AFLOW Co1Sb1V1.T0003.CAB,True,stoichiometric,VCoSb,D1,removed,derived (WF / total-minus-kappa_e) copy of a sample whose published kappa_L curve is in the corpus,data/Target_Materials/HEUSLER_KAPPA_TRAINING_SET.csv,,35590.0,,,
VCoSb,2.2216249855217125,W/m/K,476.0825,"experimental, kappa_total - MEASURED kappa_e (no Lorenz assumption)",0,experimental,1.0,total_minus_measured_ke,5.69,216.0,F-43m,half Heusler (C1_b / MgAgAs),CAB,,,B,conventional,Starrydata (experimental),10.1002/andp.201900440,https://doi.org/10.1002/andp.201900440,Starrydata all_curves.csv (release 'latest'),repository mining,https://github.com/AMRL-2018/MachineLearning_Half_Heusler/blob/master/data/halfHeusler.csv,"alatt column (AFLOW T0003 half-Heusler relaxed lattice constant, same table as kappa)",AMRL-2018/MachineLearning_Half_Heusler data/halfHeusler.csv | AFLOW Co1Sb1V1.T0003.CAB,True,stoichiometric,VCoSb,D1,removed,derived (WF / total-minus-kappa_e) copy of a sample whose published kappa_L curve is in the corpus,data/Target_Materials/HEUSLER_KAPPA_TRAINING_SET.csv,,35590.0,,,
VCoSb,2.158205207814797,W/m/K,571.3402,"experimental, kappa_total - MEASURED kappa_e (no Lorenz assumption)",0,experimental,1.0,total_minus_measured_ke,5.69,216.0,F-43m,half Heusler (C1_b / MgAgAs),CAB,,,B,conventional,Starrydata (experimental),10.1002/andp.201900440,https://doi.org/10.1002/andp.201900440,Starrydata all_curves.csv (release 'latest'),repository mining,https://github.com/AMRL-2018/MachineLearning_Half_Heusler/blob/master/data/halfHeusler.csv,"alatt column (AFLOW T0003 half-Heusler relaxed lattice constant, same table as kappa)",AMRL-2018/MachineLearning_Half_Heusler data/halfHeusler.csv | AFLOW Co1Sb1V1.T0003.CAB,True,stoichiometric,VCoSb,D1,removed,derived (WF / total-minus-kappa_e) copy of a sample whose published kappa_L curve is in the corpus,data/Target_Materials/HEUSLER_KAPPA_TRAINING_SET.csv,,35590.0,,,
VCoSb,2.2199403890004787,W/m/K,673.8144,"experimental, kappa_total - MEASURED kappa_e (no Lorenz assumption)",0,experimental,1.0,total_minus_measured_ke,5.69,216.0,F-43m,half Heusler (C1_b / MgAgAs),CAB,,,B,conventional,Starrydata (experimental),10.1002/andp.201900440,https://doi.org/10.1002/andp.201900440,Starrydata all_curves.csv (release 'latest'),repository mining,https://github.com/AMRL-2018/MachineLearning_Half_Heusler/blob/master/data/halfHeusler.csv,"alatt column (AFLOW T0003 half-Heusler relaxed lattice constant, same table as kappa)",AMRL-2018/MachineLearning_Half_Heusler data/halfHeusler.csv | AFLOW Co1Sb1V1.T0003.CAB,True,stoichiometric,VCoSb,D1,removed,derived (WF / total-minus-kappa_e) copy of a sample whose published kappa_L curve is in the corpus,data/Target_Materials/HEUSLER_KAPPA_TRAINING_SET.csv,,35590.0,,,
VCoSb,2.1485615099022493,W/m/K,771.9588,"experimental, kappa_total - MEASURED kappa_e (no Lorenz assumption)",0,experimental,1.0,total_minus_measured_ke,5.69,216.0,F-43m,half Heusler (C1_b / MgAgAs),CAB,,,B,conventional,Starrydata (experimental),10.1002/andp.201900440,https://doi.org/10.1002/andp.201900440,Starrydata all_curves.csv (release 'latest'),repository mining,https://github.com/AMRL-2018/MachineLearning_Half_Heusler/blob/master/data/halfHeusler.csv,"alatt column (AFLOW T0003 half-Heusler relaxed lattice constant, same table as kappa)",AMRL-2018/MachineLearning_Half_Heusler data/halfHeusler.csv | AFLOW Co1Sb1V1.T0003.CAB,True,stoichiometric,VCoSb,D1,removed,derived (WF / total-minus-kappa_e) copy of a sample whose published kappa_L curve is in the corpus,data/Target_Materials/HEUSLER_KAPPA_TRAINING_SET.csv,,35590.0,,,
VCoSb,1.9222276214255625,W/m/K,872.9897,"experimental, kappa_total - MEASURED kappa_e (no Lorenz assumption)",0,experimental,1.0,total_minus_measured_ke,5.69,216.0,F-43m,half Heusler (C1_b / MgAgAs),CAB,,,B,conventional,Starrydata (experimental),10.1002/andp.201900440,https://doi.org/10.1002/andp.201900440,Starrydata all_curves.csv (release 'latest'),repository mining,https://github.com/AMRL-2018/MachineLearning_Half_Heusler/blob/master/data/halfHeusler.csv,"alatt column (AFLOW T0003 half-Heusler relaxed lattice constant, same table as kappa)",AMRL-2018/MachineLearning_Half_Heusler data/halfHeusler.csv | AFLOW Co1Sb1V1.T0003.CAB,True,stoichiometric,VCoSb,D1,removed,derived (WF / total-minus-kappa_e) copy of a sample whose published kappa_L curve is in the corpus,data/Target_Materials/HEUSLER_KAPPA_TRAINING_SET.csv,,35590.0,,,
VCoSb,2.0158428891631885,W/m/K,974.0206,"experimental, kappa_total - MEASURED kappa_e (no Lorenz assumption)",0,experimental,1.0,total_minus_measured_ke,5.69,216.0,F-43m,half Heusler (C1_b / MgAgAs),CAB,,,B,conventional,Starrydata (experimental),10.1002/andp.201900440,https://doi.org/10.1002/andp.201900440,Starrydata all_curves.csv (release 'latest'),repository mining,https://github.com/AMRL-2018/MachineLearning_Half_Heusler/blob/master/data/halfHeusler.csv,"alatt column (AFLOW T0003 half-Heusler relaxed lattice constant, same table as kappa)",AMRL-2018/MachineLearning_Half_Heusler data/halfHeusler.csv | AFLOW Co1Sb1V1.T0003.CAB,True,stoichiometric,VCoSb,D1,removed,derived (WF / total-minus-kappa_e) copy of a sample whose published kappa_L curve is in the corpus,data/Target_Materials/HEUSLER_KAPPA_TRAINING_SET.csv,,35590.0,,,
VFeSb,9.8903777,W/m/K,299.9077,"experimental, kappa_total - MEASURED kappa_e (no Lorenz assumption)",0,experimental,1.0,total_minus_measured_ke,5.716091,216.0,F-43m,half-Heusler (C1b / MgAgAs),,"[""V"", ""V"", ""V"", ""V"", ""Fe"", ""Fe"", ""Fe"", ""Fe"", ""Sb"", ""Sb"", ""Sb"", ""Sb""]","[[0.0, 0.0, 0.0], [0.0, 0.5, 0.5], [0.5, 0.0, 0.5], [0.5, 0.5, 0.0], [0.25, 0.75, 0.75], [0.25, 0.25, 0.25], [0.75, 0.75, 0.25], [0.75, 0.25, 0.75], [0.5, 0.0, 0.0], [0.5, 0.5, 0.5], [0.0, 0.0, 0.5], [0.0, 0.5, 0.0]]",A,primitive->conventional (x sqrt2),Starrydata (experimental),10.1016/j.jallcom.2019.153413,https://doi.org/10.1016/j.jallcom.2019.153413,Starrydata all_curves.csv (release 'latest'),PhononDB (Togo/NIMS MDR),https://mdr.nims.go.jp/datasets/c8aa5222-79ee-4d0d-9567-7c44d1c7814c,"LTC-calc.log unit cell (PBEsol-relaxed), same file as kappa",mp-567636,True,stoichiometric,VFeSb,D1,removed,derived (WF / total-minus-kappa_e) copy of a sample whose published kappa_L curve is in the corpus,data/Target_Materials/HEUSLER_KAPPA_TRAINING_SET.csv,,29482.0,,,
VFeSb,9.480096367204606,W/m/K,324.5498,"experimental, kappa_total - MEASURED kappa_e (no Lorenz assumption)",0,experimental,1.0,total_minus_measured_ke,5.716091,216.0,F-43m,half-Heusler (C1b / MgAgAs),,"[""V"", ""V"", ""V"", ""V"", ""Fe"", ""Fe"", ""Fe"", ""Fe"", ""Sb"", ""Sb"", ""Sb"", ""Sb""]","[[0.0, 0.0, 0.0], [0.0, 0.5, 0.5], [0.5, 0.0, 0.5], [0.5, 0.5, 0.0], [0.25, 0.75, 0.75], [0.25, 0.25, 0.25], [0.75, 0.75, 0.25], [0.75, 0.25, 0.75], [0.5, 0.0, 0.0], [0.5, 0.5, 0.5], [0.0, 0.0, 0.5], [0.0, 0.5, 0.0]]",A,primitive->conventional (x sqrt2),Starrydata (experimental),10.1016/j.jallcom.2019.153413,https://doi.org/10.1016/j.jallcom.2019.153413,Starrydata all_curves.csv (release 'latest'),PhononDB (Togo/NIMS MDR),https://mdr.nims.go.jp/datasets/c8aa5222-79ee-4d0d-9567-7c44d1c7814c,"LTC-calc.log unit cell (PBEsol-relaxed), same file as kappa",mp-567636,True,stoichiometric,VFeSb,D1,removed,derived (WF / total-minus-kappa_e) copy of a sample whose published kappa_L curve is in the corpus,data/Target_Materials/HEUSLER_KAPPA_TRAINING_SET.csv,,29482.0,,,
VFeSb,8.687212252903597,W/m/K,375.0979,"experimental, kappa_total - MEASURED kappa_e (no Lorenz assumption)",0,experimental,1.0,total_minus_measured_ke,5.716091,216.0,F-43m,half-Heusler (C1b / MgAgAs),,"[""V"", ""V"", ""V"", ""V"", ""Fe"", ""Fe"", ""Fe"", ""Fe"", ""Sb"", ""Sb"", ""Sb"", ""Sb""]","[[0.0, 0.0, 0.0], [0.0, 0.5, 0.5], [0.5, 0.0, 0.5], [0.5, 0.5, 0.0], [0.25, 0.75, 0.75], [0.25, 0.25, 0.25], [0.75, 0.75, 0.25], [0.75, 0.25, 0.75], [0.5, 0.0, 0.0], [0.5, 0.5, 0.5], [0.0, 0.0, 0.5], [0.0, 0.5, 0.0]]",A,primitive->conventional (x sqrt2),Starrydata (experimental),10.1016/j.jallcom.2019.153413,https://doi.org/10.1016/j.jallcom.2019.153413,Starrydata all_curves.csv (release 'latest'),PhononDB (Togo/NIMS MDR),https://mdr.nims.go.jp/datasets/c8aa5222-79ee-4d0d-9567-7c44d1c7814c,"LTC-calc.log unit cell (PBEsol-relaxed), same file as kappa",mp-567636,True,stoichiometric,VFeSb,D1,removed,derived (WF / total-minus-kappa_e) copy of a sample whose published kappa_L curve is in the corpus,data/Target_Materials/HEUSLER_KAPPA_TRAINING_SET.csv,,29482.0,,,
VFeSb,8.141559480075738,W/m/K,425.014,"experimental, kappa_total - MEASURED kappa_e (no Lorenz assumption)",0,experimental,1.0,total_minus_measured_ke,5.716091,216.0,F-43m,half-Heusler (C1b / MgAgAs),,"[""V"", ""V"", ""V"", ""V"", ""Fe"", ""Fe"", ""Fe"", ""Fe"", ""Sb"", ""Sb"", ""Sb"", ""Sb""]","[[0.0, 0.0, 0.0], [0.0, 0.5, 0.5], [0.5, 0.0, 0.5], [0.5, 0.5, 0.0], [0.25, 0.75, 0.75], [0.25, 0.25, 0.25], [0.75, 0.75, 0.25], [0.75, 0.25, 0.75], [0.5, 0.0, 0.0], [0.5, 0.5, 0.5], [0.0, 0.0, 0.5], [0.0, 0.5, 0.0]]",A,primitive->conventional (x sqrt2),Starrydata (experimental),10.1016/j.jallcom.2019.153413,https://doi.org/10.1016/j.jallcom.2019.153413,Starrydata all_curves.csv (release 'latest'),PhononDB (Togo/NIMS MDR),https://mdr.nims.go.jp/datasets/c8aa5222-79ee-4d0d-9567-7c44d1c7814c,"LTC-calc.log unit cell (PBEsol-relaxed), same file as kappa",mp-567636,True,stoichiometric,VFeSb,D1,removed,derived (WF / total-minus-kappa_e) copy of a sample whose published kappa_L curve is in the corpus,data/Target_Materials/HEUSLER_KAPPA_TRAINING_SET.csv,,29482.0,,,
VFeSb,7.710734788620075,W/m/K,474.9302,"experimental, kappa_total - MEASURED kappa_e (no Lorenz assumption)",0,experimental,1.0,total_minus_measured_ke,5.716091,216.0,F-43m,half-Heusler (C1b / MgAgAs),,"[""V"", ""V"", ""V"", ""V"", ""Fe"", ""Fe"", ""Fe"", ""Fe"", ""Sb"", ""Sb"", ""Sb"", ""Sb""]","[[0.0, 0.0, 0.0], [0.0, 0.5, 0.5], [0.5, 0.0, 0.5], [0.5, 0.5, 0.0], [0.25, 0.75, 0.75], [0.25, 0.25, 0.25], [0.75, 0.75, 0.25], [0.75, 0.25, 0.75], [0.5, 0.0, 0.0], [0.5, 0.5, 0.5], [0.0, 0.0, 0.5], [0.0, 0.5, 0.0]]",A,primitive->conventional (x sqrt2),Starrydata (experimental),10.1016/j.jallcom.2019.153413,https://doi.org/10.1016/j.jallcom.2019.153413,Starrydata all_curves.csv (release 'latest'),PhononDB (Togo/NIMS MDR),https://mdr.nims.go.jp/datasets/c8aa5222-79ee-4d0d-9567-7c44d1c7814c,"LTC-calc.log unit cell (PBEsol-relaxed), same file as kappa",mp-567636,True,stoichiometric,VFeSb,D1,removed,derived (WF / total-minus-kappa_e) copy of a sample whose published kappa_L curve is in the corpus,data/Target_Materials/HEUSLER_KAPPA_TRAINING_SET.csv,,29482.0,,,
VFeSb,7.376343682129987,W/m/K,525.4782,"experimental, kappa_total - MEASURED kappa_e (no Lorenz assumption)",0,experimental,1.0,total_minus_measured_ke,5.716091,216.0,F-43m,half-Heusler (C1b / MgAgAs),,"[""V"", ""V"", ""V"", ""V"", ""Fe"", ""Fe"", ""Fe"", ""Fe"", ""Sb"", ""Sb"", ""Sb"", ""Sb""]","[[0.0, 0.0, 0.0], [0.0, 0.5, 0.5], [0.5, 0.0, 0.5], [0.5, 0.5, 0.0], [0.25, 0.75, 0.75], [0.25, 0.25, 0.25], [0.75, 0.75, 0.25], [0.75, 0.25, 0.75], [0.5, 0.0, 0.0], [0.5, 0.5, 0.5], [0.0, 0.0, 0.5], [0.0, 0.5, 0.0]]",A,primitive->conventional (x sqrt2),Starrydata (experimental),10.1016/j.jallcom.2019.153413,https://doi.org/10.1016/j.jallcom.2019.153413,Starrydata all_curves.csv (release 'latest'),PhononDB (Togo/NIMS MDR),https://mdr.nims.go.jp/datasets/c8aa5222-79ee-4d0d-9567-7c44d1c7814c,"LTC-calc.log unit cell (PBEsol-relaxed), same file as kappa",mp-567636,True,stoichiometric,VFeSb,D1,removed,derived (WF / total-minus-kappa_e) copy of a sample whose published kappa_L curve is in the corpus,data/Target_Materials/HEUSLER_KAPPA_TRAINING_SET.csv,,29482.0,,,
VFeSb,7.2075064,W/m/K,574.7625,"experimental, kappa_total - MEASURED kappa_e (no Lorenz assumption)",0,experimental,1.0,total_minus_measured_ke,5.716091,216.0,F-43m,half-Heusler (C1b / MgAgAs),,"[""V"", ""V"", ""V"", ""V"", ""Fe"", ""Fe"", ""Fe"", ""Fe"", ""Sb"", ""Sb"", ""Sb"", ""Sb""]","[[0.0, 0.0, 0.0], [0.0, 0.5, 0.5], [0.5, 0.0, 0.5], [0.5, 0.5, 0.0], [0.25, 0.75, 0.75], [0.25, 0.25, 0.25], [0.75, 0.75, 0.25], [0.75, 0.25, 0.75], [0.5, 0.0, 0.0], [0.5, 0.5, 0.5], [0.0, 0.0, 0.5], [0.0, 0.5, 0.0]]",A,primitive->conventional (x sqrt2),Starrydata (experimental),10.1016/j.jallcom.2019.153413,https://doi.org/10.1016/j.jallcom.2019.153413,Starrydata all_curves.csv (release 'latest'),PhononDB (Togo/NIMS MDR),https://mdr.nims.go.jp/datasets/c8aa5222-79ee-4d0d-9567-7c44d1c7814c,"LTC-calc.log unit cell (PBEsol-relaxed), same file as kappa",mp-567636,True,stoichiometric,VFeSb,D1,removed,derived (WF / total-minus-kappa_e) copy of a sample whose published kappa_L curve is in the corpus,data/Target_Materials/HEUSLER_KAPPA_TRAINING_SET.csv,,29482.0,,,
ZrCoBi,15.274232402897551,W/m/K,303.3865,"experimental, Wiedemann-Franz: kappa_total - L*T/rho (Kim2015 L(S=47uV/K))",0,experimental,1.0,wf_subtracted,6.138706,216.0,F-43m,half-Heusler (C1b / MgAgAs),,"[""Co"", ""Co"", ""Co"", ""Co"", ""Zr"", ""Zr"", ""Zr"", ""Zr"", ""Bi"", ""Bi"", ""Bi"", ""Bi""]","[[0.25, 0.75, 0.75], [0.25, 0.25, 0.25], [0.75, 0.75, 0.25], [0.75, 0.25, 0.75], [0.0, 0.0, 0.0], [0.0, 0.5, 0.5], [0.5, 0.0, 0.5], [0.5, 0.5, 0.0], [0.5, 0.0, 0.0], [0.5, 0.5, 0.5], [0.0, 0.0, 0.5], [0.0, 0.5, 0.0]]",A,primitive->conventional (x sqrt2),Starrydata (experimental),10.3390/ma11050728,https://doi.org/10.3390/ma11050728,Starrydata all_curves.csv (release 'latest'),PhononDB (Togo/NIMS MDR),https://mdr.nims.go.jp/datasets/2d8de8a1-ca42-4e70-b0dd-7223034e028b,"LTC-calc.log unit cell (PBEsol-relaxed), same file as kappa",mp-31451,True,stoichiometric,ZrCoBi,D1,removed,derived (WF / total-minus-kappa_e) copy of a sample whose published kappa_L curve is in the corpus,data/Target_Materials/HEUSLER_KAPPA_TRAINING_SET.csv,,12664.0,,,
ZrCoBi,14.623660340011504,W/m/K,318.9641,"experimental, Wiedemann-Franz: kappa_total - L*T/rho (Kim2015 L(S=46uV/K))",0,experimental,1.0,wf_subtracted,6.138706,216.0,F-43m,half-Heusler (C1b / MgAgAs),,"[""Co"", ""Co"", ""Co"", ""Co"", ""Zr"", ""Zr"", ""Zr"", ""Zr"", ""Bi"", ""Bi"", ""Bi"", ""Bi""]","[[0.25, 0.75, 0.75], [0.25, 0.25, 0.25], [0.75, 0.75, 0.25], [0.75, 0.25, 0.75], [0.0, 0.0, 0.0], [0.0, 0.5, 0.5], [0.5, 0.0, 0.5], [0.5, 0.5, 0.0], [0.5, 0.0, 0.0], [0.5, 0.5, 0.5], [0.0, 0.0, 0.5], [0.0, 0.5, 0.0]]",A,primitive->conventional (x sqrt2),Starrydata (experimental),10.3390/ma11050728,https://doi.org/10.3390/ma11050728,Starrydata all_curves.csv (release 'latest'),PhononDB (Togo/NIMS MDR),https://mdr.nims.go.jp/datasets/2d8de8a1-ca42-4e70-b0dd-7223034e028b,"LTC-calc.log unit cell (PBEsol-relaxed), same file as kappa",mp-31451,True,stoichiometric,ZrCoBi,D1,removed,derived (WF / total-minus-kappa_e) copy of a sample whose published kappa_L curve is in the corpus,data/Target_Materials/HEUSLER_KAPPA_TRAINING_SET.csv,,12664.0,,,
ZrCoBi,14.009673689643272,W/m/K,334.5417,"experimental, Wiedemann-Franz: kappa_total - L*T/rho (Kim2015 L(S=44uV/K))",0,experimental,1.0,wf_subtracted,6.138706,216.0,F-43m,half-Heusler (C1b / MgAgAs),,"[""Co"", ""Co"", ""Co"", ""Co"", ""Zr"", ""Zr"", ""Zr"", ""Zr"", ""Bi"", ""Bi"", ""Bi"", ""Bi""]","[[0.25, 0.75, 0.75], [0.25, 0.25, 0.25], [0.75, 0.75, 0.25], [0.75, 0.25, 0.75], [0.0, 0.0, 0.0], [0.0, 0.5, 0.5], [0.5, 0.0, 0.5], [0.5, 0.5, 0.0], [0.5, 0.0, 0.0], [0.5, 0.5, 0.5], [0.0, 0.0, 0.5], [0.0, 0.5, 0.0]]",A,primitive->conventional (x sqrt2),Starrydata (experimental),10.3390/ma11050728,https://doi.org/10.3390/ma11050728,Starrydata all_curves.csv (release 'latest'),PhononDB (Togo/NIMS MDR),https://mdr.nims.go.jp/datasets/2d8de8a1-ca42-4e70-b0dd-7223034e028b,"LTC-calc.log unit cell (PBEsol-relaxed), same file as kappa",mp-31451,True,stoichiometric,ZrCoBi,D1,removed,derived (WF / total-minus-kappa_e) copy of a sample whose published kappa_L curve is in the corpus,data/Target_Materials/HEUSLER_KAPPA_TRAINING_SET.csv,,12664.0,,,
ZrCoBi,13.385990880801923,W/m/K,350.1193,"experimental, Wiedemann-Franz: kappa_total - L*T/rho (Kim2015 L(S=43uV/K))",0,experimental,1.0,wf_subtracted,6.138706,216.0,F-43m,half-Heusler (C1b / MgAgAs),,"[""Co"", ""Co"", ""Co"", ""Co"", ""Zr"", ""Zr"", ""Zr"", ""Zr"", ""Bi"", ""Bi"", ""Bi"", ""Bi""]","[[0.25, 0.75, 0.75], [0.25, 0.25, 0.25], [0.75, 0.75, 0.25], [0.75, 0.25, 0.75], [0.0, 0.0, 0.0], [0.0, 0.5, 0.5], [0.5, 0.0, 0.5], [0.5, 0.5, 0.0], [0.5, 0.0, 0.0], [0.5, 0.5, 0.5], [0.0, 0.0, 0.5], [0.0, 0.5, 0.0]]",A,primitive->conventional (x sqrt2),Starrydata (experimental),10.3390/ma11050728,https://doi.org/10.3390/ma11050728,Starrydata all_curves.csv (release 'latest'),PhononDB (Togo/NIMS MDR),https://mdr.nims.go.jp/datasets/2d8de8a1-ca42-4e70-b0dd-7223034e028b,"LTC-calc.log unit cell (PBEsol-relaxed), same file as kappa",mp-31451,True,stoichiometric,ZrCoBi,D1,removed,derived (WF / total-minus-kappa_e) copy of a sample whose published kappa_L curve is in the corpus,data/Target_Materials/HEUSLER_KAPPA_TRAINING_SET.csv,,12664.0,,,
ZrCoBi,12.869022275220718,W/m/K,365.6969,"experimental, Wiedemann-Franz: kappa_total - L*T/rho (Kim2015 L(S=42uV/K))",0,experimental,1.0,wf_subtracted,6.138706,216.0,F-43m,half-Heusler (C1b / MgAgAs),,"[""Co"", ""Co"", ""Co"", ""Co"", ""Zr"", ""Zr"", ""Zr"", ""Zr"", ""Bi"", ""Bi"", ""Bi"", ""Bi""]","[[0.25, 0.75, 0.75], [0.25, 0.25, 0.25], [0.75, 0.75, 0.25], [0.75, 0.25, 0.75], [0.0, 0.0, 0.0], [0.0, 0.5, 0.5], [0.5, 0.0, 0.5], [0.5, 0.5, 0.0], [0.5, 0.0, 0.0], [0.5, 0.5, 0.5], [0.0, 0.0, 0.5], [0.0, 0.5, 0.0]]",A,primitive->conventional (x sqrt2),Starrydata (experimental),10.3390/ma11050728,https://doi.org/10.3390/ma11050728,Starrydata all_curves.csv (release 'latest'),PhononDB (Togo/NIMS MDR),https://mdr.nims.go.jp/datasets/2d8de8a1-ca42-4e70-b0dd-7223034e028b,"LTC-calc.log unit cell (PBEsol-relaxed), same file as kappa",mp-31451,True,stoichiometric,ZrCoBi,D1,removed,derived (WF / total-minus-kappa_e) copy of a sample whose published kappa_L curve is in the corpus,data/Target_Materials/HEUSLER_KAPPA_TRAINING_SET.csv,,12664.0,,,
ZrCoBi,12.371439315263352,W/m/K,381.2745,"experimental, Wiedemann-Franz: kappa_total - L*T/rho (Kim2015 L(S=40uV/K))",0,experimental,1.0,wf_subtracted,6.138706,216.0,F-43m,half-Heusler (C1b / MgAgAs),,"[""Co"", ""Co"", ""Co"", ""Co"", ""Zr"", ""Zr"", ""Zr"", ""Zr"", ""Bi"", ""Bi"", ""Bi"", ""Bi""]","[[0.25, 0.75, 0.75], [0.25, 0.25, 0.25], [0.75, 0.75, 0.25], [0.75, 0.25, 0.75], [0.0, 0.0, 0.0], [0.0, 0.5, 0.5], [0.5, 0.0, 0.5], [0.5, 0.5, 0.0], [0.5, 0.0, 0.0], [0.5, 0.5, 0.5], [0.0, 0.0, 0.5], [0.0, 0.5, 0.0]]",A,primitive->conventional (x sqrt2),Starrydata (experimental),10.3390/ma11050728,https://doi.org/10.3390/ma11050728,Starrydata all_curves.csv (release 'latest'),PhononDB (Togo/NIMS MDR),https://mdr.nims.go.jp/datasets/2d8de8a1-ca42-4e70-b0dd-7223034e028b,"LTC-calc.log unit cell (PBEsol-relaxed), same file as kappa",mp-31451,True,stoichiometric,ZrCoBi,D1,removed,derived (WF / total-minus-kappa_e) copy of a sample whose published kappa_L curve is in the corpus,data/Target_Materials/HEUSLER_KAPPA_TRAINING_SET.csv,,12664.0,,,
ZrCoBi,11.850538380398168,W/m/K,396.8521,"experimental, Wiedemann-Franz: kappa_total - L*T/rho (Kim2015 L(S=39uV/K))",0,experimental,1.0,wf_subtracted,6.138706,216.0,F-43m,half-Heusler (C1b / MgAgAs),,"[""Co"", ""Co"", ""Co"", ""Co"", ""Zr"", ""Zr"", ""Zr"", ""Zr"", ""Bi"", ""Bi"", ""Bi"", ""Bi""]","[[0.25, 0.75, 0.75], [0.25, 0.25, 0.25], [0.75, 0.75, 0.25], [0.75, 0.25, 0.75], [0.0, 0.0, 0.0], [0.0, 0.5, 0.5], [0.5, 0.0, 0.5], [0.5, 0.5, 0.0], [0.5, 0.0, 0.0], [0.5, 0.5, 0.5], [0.0, 0.0, 0.5], [0.0, 0.5, 0.0]]",A,primitive->conventional (x sqrt2),Starrydata (experimental),10.3390/ma11050728,https://doi.org/10.3390/ma11050728,Starrydata all_curves.csv (release 'latest'),PhononDB (Togo/NIMS MDR),https://mdr.nims.go.jp/datasets/2d8de8a1-ca42-4e70-b0dd-7223034e028b,"LTC-calc.log unit cell (PBEsol-relaxed), same file as kappa",mp-31451,True,stoichiometric,ZrCoBi,D1,removed,derived (WF / total-minus-kappa_e) copy of a sample whose published kappa_L curve is in the corpus,data/Target_Materials/HEUSLER_KAPPA_TRAINING_SET.csv,,12664.0,,,
ZrCoBi,11.481047241073927,W/m/K,412.4298,"experimental, Wiedemann-Franz: kappa_total - L*T/rho (Kim2015 L(S=38uV/K))",0,experimental,1.0,wf_subtracted,6.138706,216.0,F-43m,half-Heusler (C1b / MgAgAs),,"[""Co"", ""Co"", ""Co"", ""Co"", ""Zr"", ""Zr"", ""Zr"", ""Zr"", ""Bi"", ""Bi"", ""Bi"", ""Bi""]","[[0.25, 0.75, 0.75], [0.25, 0.25, 0.25], [0.75, 0.75, 0.25], [0.75, 0.25, 0.75], [0.0, 0.0, 0.0], [0.0, 0.5, 0.5], [0.5, 0.0, 0.5], [0.5, 0.5, 0.0], [0.5, 0.0, 0.0], [0.5, 0.5, 0.5], [0.0, 0.0, 0.5], [0.0, 0.5, 0.0]]",A,primitive->conventional (x sqrt2),Starrydata (experimental),10.3390/ma11050728,https://doi.org/10.3390/ma11050728,Starrydata all_curves.csv (release 'latest'),PhononDB (Togo/NIMS MDR),https://mdr.nims.go.jp/datasets/2d8de8a1-ca42-4e70-b0dd-7223034e028b,"LTC-calc.log unit cell (PBEsol-relaxed), same file as kappa",mp-31451,True,stoichiometric,ZrCoBi,D1,removed,derived (WF / total-minus-kappa_e) copy of a sample whose published kappa_L curve is in the corpus,data/Target_Materials/HEUSLER_KAPPA_TRAINING_SET.csv,,12664.0,,,
ZrCoBi,11.0736808673059,W/m/K,428.0074,"experimental, Wiedemann-Franz: kappa_total - L*T/rho (Kim2015 L(S=37uV/K))",0,experimental,1.0,wf_subtracted,6.138706,216.0,F-43m,half-Heusler (C1b / MgAgAs),,"[""Co"", ""Co"", ""Co"", ""Co"", ""Zr"", ""Zr"", ""Zr"", ""Zr"", ""Bi"", ""Bi"", ""Bi"", ""Bi""]","[[0.25, 0.75, 0.75], [0.25, 0.25, 0.25], [0.75, 0.75, 0.25], [0.75, 0.25, 0.75], [0.0, 0.0, 0.0], [0.0, 0.5, 0.5], [0.5, 0.0, 0.5], [0.5, 0.5, 0.0], [0.5, 0.0, 0.0], [0.5, 0.5, 0.5], [0.0, 0.0, 0.5], [0.0, 0.5, 0.0]]",A,primitive->conventional (x sqrt2),Starrydata (experimental),10.3390/ma11050728,https://doi.org/10.3390/ma11050728,Starrydata all_curves.csv (release 'latest'),PhononDB (Togo/NIMS MDR),https://mdr.nims.go.jp/datasets/2d8de8a1-ca42-4e70-b0dd-7223034e028b,"LTC-calc.log unit cell (PBEsol-relaxed), same file as kappa",mp-31451,True,stoichiometric,ZrCoBi,D1,removed,derived (WF / total-minus-kappa_e) copy of a sample whose published kappa_L curve is in the corpus,data/Target_Materials/HEUSLER_KAPPA_TRAINING_SET.csv,,12664.0,,,
ZrCoBi,10.679551446741264,W/m/K,443.585,"experimental, Wiedemann-Franz: kappa_total - L*T/rho (Kim2015 L(S=36uV/K))",0,experimental,1.0,wf_subtracted,6.138706,216.0,F-43m,half-Heusler (C1b / MgAgAs),,"[""Co"", ""Co"", ""Co"", ""Co"", ""Zr"", ""Zr"", ""Zr"", ""Zr"", ""Bi"", ""Bi"", ""Bi"", ""Bi""]","[[0.25, 0.75, 0.75], [0.25, 0.25, 0.25], [0.75, 0.75, 0.25], [0.75, 0.25, 0.75], [0.0, 0.0, 0.0], [0.0, 0.5, 0.5], [0.5, 0.0, 0.5], [0.5, 0.5, 0.0], [0.5, 0.0, 0.0], [0.5, 0.5, 0.5], [0.0, 0.0, 0.5], [0.0, 0.5, 0.0]]",A,primitive->conventional (x sqrt2),Starrydata (experimental),10.3390/ma11050728,https://doi.org/10.3390/ma11050728,Starrydata all_curves.csv (release 'latest'),PhononDB (Togo/NIMS MDR),https://mdr.nims.go.jp/datasets/2d8de8a1-ca42-4e70-b0dd-7223034e028b,"LTC-calc.log unit cell (PBEsol-relaxed), same file as kappa",mp-31451,True,stoichiometric,ZrCoBi,D1,removed,derived (WF / total-minus-kappa_e) copy of a sample whose published kappa_L curve is in the corpus,data/Target_Materials/HEUSLER_KAPPA_TRAINING_SET.csv,,12664.0,,,
ZrCoBi,10.4452083193016,W/m/K,459.1626,"experimental, Wiedemann-Franz: kappa_total - L*T/rho (Kim2015 L(S=36uV/K))",0,experimental,1.0,wf_subtracted,6.138706,216.0,F-43m,half-Heusler (C1b / MgAgAs),,"[""Co"", ""Co"", ""Co"", ""Co"", ""Zr"", ""Zr"", ""Zr"", ""Zr"", ""Bi"", ""Bi"", ""Bi"", ""Bi""]","[[0.25, 0.75, 0.75], [0.25, 0.25, 0.25], [0.75, 0.75, 0.25], [0.75, 0.25, 0.75], [0.0, 0.0, 0.0], [0.0, 0.5, 0.5], [0.5, 0.0, 0.5], [0.5, 0.5, 0.0], [0.5, 0.0, 0.0], [0.5, 0.5, 0.5], [0.0, 0.0, 0.5], [0.0, 0.5, 0.0]]",A,primitive->conventional (x sqrt2),Starrydata (experimental),10.3390/ma11050728,https://doi.org/10.3390/ma11050728,Starrydata all_curves.csv (release 'latest'),PhononDB (Togo/NIMS MDR),https://mdr.nims.go.jp/datasets/2d8de8a1-ca42-4e70-b0dd-7223034e028b,"LTC-calc.log unit cell (PBEsol-relaxed), same file as kappa",mp-31451,True,stoichiometric,ZrCoBi,D1,removed,derived (WF / total-minus-kappa_e) copy of a sample whose published kappa_L curve is in the corpus,data/Target_Materials/HEUSLER_KAPPA_TRAINING_SET.csv,,12664.0,,,
ZrCoBi,6.212469969252767,W/m/K,471.0407,"experimental, Wiedemann-Franz: kappa_total - L*T/rho (degenerate 2.44e-8)",0,experimental,1.0,wf_subtracted,6.138706,216.0,F-43m,half-Heusler (C1b / MgAgAs),,"[""Co"", ""Co"", ""Co"", ""Co"", ""Zr"", ""Zr"", ""Zr"", ""Zr"", ""Bi"", ""Bi"", ""Bi"", ""Bi""]","[[0.25, 0.75, 0.75], [0.25, 0.25, 0.25], [0.75, 0.75, 0.25], [0.75, 0.25, 0.75], [0.0, 0.0, 0.0], [0.0, 0.5, 0.5], [0.5, 0.0, 0.5], [0.5, 0.5, 0.0], [0.5, 0.0, 0.0], [0.5, 0.5, 0.5], [0.0, 0.0, 0.5], [0.0, 0.5, 0.0]]",A,primitive->conventional (x sqrt2),Starrydata (experimental),10.1038/s41467-018-04958-3,https://doi.org/10.1038/s41467-018-04958-3,Starrydata all_curves.csv (release 'latest'),PhononDB (Togo/NIMS MDR),https://mdr.nims.go.jp/datasets/2d8de8a1-ca42-4e70-b0dd-7223034e028b,"LTC-calc.log unit cell (PBEsol-relaxed), same file as kappa",mp-31451,True,stoichiometric,ZrCoBi,D1,removed,derived (WF / total-minus-kappa_e) copy of a sample whose published kappa_L curve is in the corpus,data/Target_Materials/HEUSLER_KAPPA_TRAINING_SET.csv,,22953.0,,,
ZrCoBi,10.139420146140772,W/m/K,471.3414,"experimental, Wiedemann-Franz: kappa_total - L*T/rho (Kim2015 L(S=35uV/K))",0,experimental,1.0,wf_subtracted,6.138706,216.0,F-43m,half-Heusler (C1b / MgAgAs),,"[""Co"", ""Co"", ""Co"", ""Co"", ""Zr"", ""Zr"", ""Zr"", ""Zr"", ""Bi"", ""Bi"", ""Bi"", ""Bi""]","[[0.25, 0.75, 0.75], [0.25, 0.25, 0.25], [0.75, 0.75, 0.25], [0.75, 0.25, 0.75], [0.0, 0.0, 0.0], [0.0, 0.5, 0.5], [0.5, 0.0, 0.5], [0.5, 0.5, 0.0], [0.5, 0.0, 0.0], [0.5, 0.5, 0.5], [0.0, 0.0, 0.5], [0.0, 0.5, 0.0]]",A,primitive->conventional (x sqrt2),Starrydata (experimental),10.3390/ma11050728,https://doi.org/10.3390/ma11050728,Starrydata all_curves.csv (release 'latest'),PhononDB (Togo/NIMS MDR),https://mdr.nims.go.jp/datasets/2d8de8a1-ca42-4e70-b0dd-7223034e028b,"LTC-calc.log unit cell (PBEsol-relaxed), same file as kappa",mp-31451,True,stoichiometric,ZrCoBi,D1,removed,derived (WF / total-minus-kappa_e) copy of a sample whose published kappa_L curve is in the corpus,data/Target_Materials/HEUSLER_KAPPA_TRAINING_SET.csv,,12664.0,,,
ZrCoBi,10.05733060551109,W/m/K,486.0694,"experimental, Wiedemann-Franz: kappa_total - L*T/rho (Kim2015 L(S=35uV/K))",0,experimental,1.0,wf_subtracted,6.138706,216.0,F-43m,half-Heusler (C1b / MgAgAs),,"[""Co"", ""Co"", ""Co"", ""Co"", ""Zr"", ""Zr"", ""Zr"", ""Zr"", ""Bi"", ""Bi"", ""Bi"", ""Bi""]","[[0.25, 0.75, 0.75], [0.25, 0.25, 0.25], [0.75, 0.75, 0.25], [0.75, 0.25, 0.75], [0.0, 0.0, 0.0], [0.0, 0.5, 0.5], [0.5, 0.0, 0.5], [0.5, 0.5, 0.0], [0.5, 0.0, 0.0], [0.5, 0.5, 0.5], [0.0, 0.0, 0.5], [0.0, 0.5, 0.0]]",A,primitive->conventional (x sqrt2),Starrydata (experimental),10.3390/ma11050728,https://doi.org/10.3390/ma11050728,Starrydata all_curves.csv (release 'latest'),PhononDB (Togo/NIMS MDR),https://mdr.nims.go.jp/datasets/2d8de8a1-ca42-4e70-b0dd-7223034e028b,"LTC-calc.log unit cell (PBEsol-relaxed), same file as kappa",mp-31451,True,stoichiometric,ZrCoBi,D1,removed,derived (WF / total-minus-kappa_e) copy of a sample whose published kappa_L curve is in the corpus,data/Target_Materials/HEUSLER_KAPPA_TRAINING_SET.csv,,12664.0,,,
ZrCoBi,9.882480034020071,W/m/K,501.647,"experimental, Wiedemann-Franz: kappa_total - L*T/rho (Kim2015 L(S=34uV/K))",0,experimental,1.0,wf_subtracted,6.138706,216.0,F-43m,half-Heusler (C1b / MgAgAs),,"[""Co"", ""Co"", ""Co"", ""Co"", ""Zr"", ""Zr"", ""Zr"", ""Zr"", ""Bi"", ""Bi"", ""Bi"", ""Bi""]","[[0.25, 0.75, 0.75], [0.25, 0.25, 0.25], [0.75, 0.75, 0.25], [0.75, 0.25, 0.75], [0.0, 0.0, 0.0], [0.0, 0.5, 0.5], [0.5, 0.0, 0.5], [0.5, 0.5, 0.0], [0.5, 0.0, 0.0], [0.5, 0.5, 0.5], [0.0, 0.0, 0.5], [0.0, 0.5, 0.0]]",A,primitive->conventional (x sqrt2),Starrydata (experimental),10.3390/ma11050728,https://doi.org/10.3390/ma11050728,Starrydata all_curves.csv (release 'latest'),PhononDB (Togo/NIMS MDR),https://mdr.nims.go.jp/datasets/2d8de8a1-ca42-4e70-b0dd-7223034e028b,"LTC-calc.log unit cell (PBEsol-relaxed), same file as kappa",mp-31451,True,stoichiometric,ZrCoBi,D1,removed,derived (WF / total-minus-kappa_e) copy of a sample whose published kappa_L curve is in the corpus,data/Target_Materials/HEUSLER_KAPPA_TRAINING_SET.csv,,12664.0,,,
ZrCoBi,9.62109458031625,W/m/K,525.7215,"experimental, Wiedemann-Franz: kappa_total - L*T/rho (Kim2015 L(S=34uV/K))",0,experimental,1.0,wf_subtracted,6.138706,216.0,F-43m,half-Heusler (C1b / MgAgAs),,"[""Co"", ""Co"", ""Co"", ""Co"", ""Zr"", ""Zr"", ""Zr"", ""Zr"", ""Bi"", ""Bi"", ""Bi"", ""Bi""]","[[0.25, 0.75, 0.75], [0.25, 0.25, 0.25], [0.75, 0.75, 0.25], [0.75, 0.25, 0.75], [0.0, 0.0, 0.0], [0.0, 0.5, 0.5], [0.5, 0.0, 0.5], [0.5, 0.5, 0.0], [0.5, 0.0, 0.0], [0.5, 0.5, 0.5], [0.0, 0.0, 0.5], [0.0, 0.5, 0.0]]",A,primitive->conventional (x sqrt2),Starrydata (experimental),10.3390/ma11050728,https://doi.org/10.3390/ma11050728,Starrydata all_curves.csv (release 'latest'),PhononDB (Togo/NIMS MDR),https://mdr.nims.go.jp/datasets/2d8de8a1-ca42-4e70-b0dd-7223034e028b,"LTC-calc.log unit cell (PBEsol-relaxed), same file as kappa",mp-31451,True,stoichiometric,ZrCoBi,D1,removed,derived (WF / total-minus-kappa_e) copy of a sample whose published kappa_L curve is in the corpus,data/Target_Materials/HEUSLER_KAPPA_TRAINING_SET.csv,,12664.0,,,
ZrCoBi,9.472845722936986,W/m/K,541.2991,"experimental, Wiedemann-Franz: kappa_total - L*T/rho (Kim2015 L(S=33uV/K))",0,experimental,1.0,wf_subtracted,6.138706,216.0,F-43m,half-Heusler (C1b / MgAgAs),,"[""Co"", ""Co"", ""Co"", ""Co"", ""Zr"", ""Zr"", ""Zr"", ""Zr"", ""Bi"", ""Bi"", ""Bi"", ""Bi""]","[[0.25, 0.75, 0.75], [0.25, 0.25, 0.25], [0.75, 0.75, 0.25], [0.75, 0.25, 0.75], [0.0, 0.0, 0.0], [0.0, 0.5, 0.5], [0.5, 0.0, 0.5], [0.5, 0.5, 0.0], [0.5, 0.0, 0.0], [0.5, 0.5, 0.5], [0.0, 0.0, 0.5], [0.0, 0.5, 0.0]]",A,primitive->conventional (x sqrt2),Starrydata (experimental),10.3390/ma11050728,https://doi.org/10.3390/ma11050728,Starrydata all_curves.csv (release 'latest'),PhononDB (Togo/NIMS MDR),https://mdr.nims.go.jp/datasets/2d8de8a1-ca42-4e70-b0dd-7223034e028b,"LTC-calc.log unit cell (PBEsol-relaxed), same file as kappa",mp-31451,True,stoichiometric,ZrCoBi,D1,removed,derived (WF / total-minus-kappa_e) copy of a sample whose published kappa_L curve is in the corpus,data/Target_Materials/HEUSLER_KAPPA_TRAINING_SET.csv,,12664.0,,,
ZrCoBi,9.412077123250448,W/m/K,551.5254,"experimental, Wiedemann-Franz: kappa_total - L*T/rho (Kim2015 L(S=33uV/K))",0,experimental,1.0,wf_subtracted,6.138706,216.0,F-43m,half-Heusler (C1b / MgAgAs),,"[""Co"", ""Co"", ""Co"", ""Co"", ""Zr"", ""Zr"", ""Zr"", ""Zr"", ""Bi"", ""Bi"", ""Bi"", ""Bi""]","[[0.25, 0.75, 0.75], [0.25, 0.25, 0.25], [0.75, 0.75, 0.25], [0.75, 0.25, 0.75], [0.0, 0.0, 0.0], [0.0, 0.5, 0.5], [0.5, 0.0, 0.5], [0.5, 0.5, 0.0], [0.5, 0.0, 0.0], [0.5, 0.5, 0.5], [0.0, 0.0, 0.5], [0.0, 0.5, 0.0]]",A,primitive->conventional (x sqrt2),Starrydata (experimental),10.3390/ma11050728,https://doi.org/10.3390/ma11050728,Starrydata all_curves.csv (release 'latest'),PhononDB (Togo/NIMS MDR),https://mdr.nims.go.jp/datasets/2d8de8a1-ca42-4e70-b0dd-7223034e028b,"LTC-calc.log unit cell (PBEsol-relaxed), same file as kappa",mp-31451,True,stoichiometric,ZrCoBi,D1,removed,derived (WF / total-minus-kappa_e) copy of a sample whose published kappa_L curve is in the corpus,data/Target_Materials/HEUSLER_KAPPA_TRAINING_SET.csv,,12664.0,,,
ZrCoBi,9.313955268615777,W/m/K,559.709,"experimental, Wiedemann-Franz: kappa_total - L*T/rho (Kim2015 L(S=33uV/K))",0,experimental,1.0,wf_subtracted,6.138706,216.0,F-43m,half-Heusler (C1b / MgAgAs),,"[""Co"", ""Co"", ""Co"", ""Co"", ""Zr"", ""Zr"", ""Zr"", ""Zr"", ""Bi"", ""Bi"", ""Bi"", ""Bi""]","[[0.25, 0.75, 0.75], [0.25, 0.25, 0.25], [0.75, 0.75, 0.25], [0.75, 0.25, 0.75], [0.0, 0.0, 0.0], [0.0, 0.5, 0.5], [0.5, 0.0, 0.5], [0.5, 0.5, 0.0], [0.5, 0.0, 0.0], [0.5, 0.5, 0.5], [0.0, 0.0, 0.5], [0.0, 0.5, 0.0]]",A,primitive->conventional (x sqrt2),Starrydata (experimental),10.3390/ma11050728,https://doi.org/10.3390/ma11050728,Starrydata all_curves.csv (release 'latest'),PhononDB (Togo/NIMS MDR),https://mdr.nims.go.jp/datasets/2d8de8a1-ca42-4e70-b0dd-7223034e028b,"LTC-calc.log unit cell (PBEsol-relaxed), same file as kappa",mp-31451,True,stoichiometric,ZrCoBi,D1,removed,derived (WF / total-minus-kappa_e) copy of a sample whose published kappa_L curve is in the corpus,data/Target_Materials/HEUSLER_KAPPA_TRAINING_SET.csv,,12664.0,,,
ZrCoBi,5.477558946504527,W/m/K,573.9819,"experimental, Wiedemann-Franz: kappa_total - L*T/rho (degenerate 2.44e-8)",0,experimental,1.0,wf_subtracted,6.138706,216.0,F-43m,half-Heusler (C1b / MgAgAs),,"[""Co"", ""Co"", ""Co"", ""Co"", ""Zr"", ""Zr"", ""Zr"", ""Zr"", ""Bi"", ""Bi"", ""Bi"", ""Bi""]","[[0.25, 0.75, 0.75], [0.25, 0.25, 0.25], [0.75, 0.75, 0.25], [0.75, 0.25, 0.75], [0.0, 0.0, 0.0], [0.0, 0.5, 0.5], [0.5, 0.0, 0.5], [0.5, 0.5, 0.0], [0.5, 0.0, 0.0], [0.5, 0.5, 0.5], [0.0, 0.0, 0.5], [0.0, 0.5, 0.0]]",A,primitive->conventional (x sqrt2),Starrydata (experimental),10.1038/s41467-018-04958-3,https://doi.org/10.1038/s41467-018-04958-3,Starrydata all_curves.csv (release 'latest'),PhononDB (Togo/NIMS MDR),https://mdr.nims.go.jp/datasets/2d8de8a1-ca42-4e70-b0dd-7223034e028b,"LTC-calc.log unit cell (PBEsol-relaxed), same file as kappa",mp-31451,True,stoichiometric,ZrCoBi,D1,removed,derived (WF / total-minus-kappa_e) copy of a sample whose published kappa_L curve is in the corpus,data/Target_Materials/HEUSLER_KAPPA_TRAINING_SET.csv,,22953.0,,,
ZrCoBi,9.145389969059114,W/m/K,575.2866,"experimental, Wiedemann-Franz: kappa_total - L*T/rho (Kim2015 L(S=34uV/K))",0,experimental,1.0,wf_subtracted,6.138706,216.0,F-43m,half-Heusler (C1b / MgAgAs),,"[""Co"", ""Co"", ""Co"", ""Co"", ""Zr"", ""Zr"", ""Zr"", ""Zr"", ""Bi"", ""Bi"", ""Bi"", ""Bi""]","[[0.25, 0.75, 0.75], [0.25, 0.25, 0.25], [0.75, 0.75, 0.25], [0.75, 0.25, 0.75], [0.0, 0.0, 0.0], [0.0, 0.5, 0.5], [0.5, 0.0, 0.5], [0.5, 0.5, 0.0], [0.5, 0.0, 0.0], [0.5, 0.5, 0.5], [0.0, 0.0, 0.5], [0.0, 0.5, 0.0]]",A,primitive->conventional (x sqrt2),Starrydata (experimental),10.3390/ma11050728,https://doi.org/10.3390/ma11050728,Starrydata all_curves.csv (release 'latest'),PhononDB (Togo/NIMS MDR),https://mdr.nims.go.jp/datasets/2d8de8a1-ca42-4e70-b0dd-7223034e028b,"LTC-calc.log unit cell (PBEsol-relaxed), same file as kappa",mp-31451,True,stoichiometric,ZrCoBi,D1,removed,derived (WF / total-minus-kappa_e) copy of a sample whose published kappa_L curve is in the corpus,data/Target_Materials/HEUSLER_KAPPA_TRAINING_SET.csv,,12664.0,,,
ZrCoBi,8.994207951337627,W/m/K,590.8642,"experimental, Wiedemann-Franz: kappa_total - L*T/rho (Kim2015 L(S=33uV/K))",0,experimental,1.0,wf_subtracted,6.138706,216.0,F-43m,half-Heusler (C1b / MgAgAs),,"[""Co"", ""Co"", ""Co"", ""Co"", ""Zr"", ""Zr"", ""Zr"", ""Zr"", ""Bi"", ""Bi"", ""Bi"", ""Bi""]","[[0.25, 0.75, 0.75], [0.25, 0.25, 0.25], [0.75, 0.75, 0.25], [0.75, 0.25, 0.75], [0.0, 0.0, 0.0], [0.0, 0.5, 0.5], [0.5, 0.0, 0.5], [0.5, 0.5, 0.0], [0.5, 0.0, 0.0], [0.5, 0.5, 0.5], [0.0, 0.0, 0.5], [0.0, 0.5, 0.0]]",A,primitive->conventional (x sqrt2),Starrydata (experimental),10.3390/ma11050728,https://doi.org/10.3390/ma11050728,Starrydata all_curves.csv (release 'latest'),PhononDB (Togo/NIMS MDR),https://mdr.nims.go.jp/datasets/2d8de8a1-ca42-4e70-b0dd-7223034e028b,"LTC-calc.log unit cell (PBEsol-relaxed), same file as kappa",mp-31451,True,stoichiometric,ZrCoBi,D1,removed,derived (WF / total-minus-kappa_e) copy of a sample whose published kappa_L curve is in the corpus,data/Target_Materials/HEUSLER_KAPPA_TRAINING_SET.csv,,12664.0,,,
ZrCoBi,8.880919143084514,W/m/K,606.4418,"experimental, Wiedemann-Franz: kappa_total - L*T/rho (Kim2015 L(S=33uV/K))",0,experimental,1.0,wf_subtracted,6.138706,216.0,F-43m,half-Heusler (C1b / MgAgAs),,"[""Co"", ""Co"", ""Co"", ""Co"", ""Zr"", ""Zr"", ""Zr"", ""Zr"", ""Bi"", ""Bi"", ""Bi"", ""Bi""]","[[0.25, 0.75, 0.75], [0.25, 0.25, 0.25], [0.75, 0.75, 0.25], [0.75, 0.25, 0.75], [0.0, 0.0, 0.0], [0.0, 0.5, 0.5], [0.5, 0.0, 0.5], [0.5, 0.5, 0.0], [0.5, 0.0, 0.0], [0.5, 0.5, 0.5], [0.0, 0.0, 0.5], [0.0, 0.5, 0.0]]",A,primitive->conventional (x sqrt2),Starrydata (experimental),10.3390/ma11050728,https://doi.org/10.3390/ma11050728,Starrydata all_curves.csv (release 'latest'),PhononDB (Togo/NIMS MDR),https://mdr.nims.go.jp/datasets/2d8de8a1-ca42-4e70-b0dd-7223034e028b,"LTC-calc.log unit cell (PBEsol-relaxed), same file as kappa",mp-31451,True,stoichiometric,ZrCoBi,D1,removed,derived (WF / total-minus-kappa_e) copy of a sample whose published kappa_L curve is in the corpus,data/Target_Materials/HEUSLER_KAPPA_TRAINING_SET.csv,,12664.0,,,
ZrCoBi,8.767700011738203,W/m/K,622.0194,"experimental, Wiedemann-Franz: kappa_total - L*T/rho (Kim2015 L(S=34uV/K))",0,experimental,1.0,wf_subtracted,6.138706,216.0,F-43m,half-Heusler (C1b / MgAgAs),,"[""Co"", ""Co"", ""Co"", ""Co"", ""Zr"", ""Zr"", ""Zr"", ""Zr"", ""Bi"", ""Bi"", ""Bi"", ""Bi""]","[[0.25, 0.75, 0.75], [0.25, 0.25, 0.25], [0.75, 0.75, 0.25], [0.75, 0.25, 0.75], [0.0, 0.0, 0.0], [0.0, 0.5, 0.5], [0.5, 0.0, 0.5], [0.5, 0.5, 0.0], [0.5, 0.0, 0.0], [0.5, 0.5, 0.5], [0.0, 0.0, 0.5], [0.0, 0.5, 0.0]]",A,primitive->conventional (x sqrt2),Starrydata (experimental),10.3390/ma11050728,https://doi.org/10.3390/ma11050728,Starrydata all_curves.csv (release 'latest'),PhononDB (Togo/NIMS MDR),https://mdr.nims.go.jp/datasets/2d8de8a1-ca42-4e70-b0dd-7223034e028b,"LTC-calc.log unit cell (PBEsol-relaxed), same file as kappa",mp-31451,True,stoichiometric,ZrCoBi,D1,removed,derived (WF / total-minus-kappa_e) copy of a sample whose published kappa_L curve is in the corpus,data/Target_Materials/HEUSLER_KAPPA_TRAINING_SET.csv,,12664.0,,,
ZrCoBi,8.622443447875272,W/m/K,637.597,"experimental, Wiedemann-Franz: kappa_total - L*T/rho (Kim2015 L(S=34uV/K))",0,experimental,1.0,wf_subtracted,6.138706,216.0,F-43m,half-Heusler (C1b / MgAgAs),,"[""Co"", ""Co"", ""Co"", ""Co"", ""Zr"", ""Zr"", ""Zr"", ""Zr"", ""Bi"", ""Bi"", ""Bi"", ""Bi""]","[[0.25, 0.75, 0.75], [0.25, 0.25, 0.25], [0.75, 0.75, 0.25], [0.75, 0.25, 0.75], [0.0, 0.0, 0.0], [0.0, 0.5, 0.5], [0.5, 0.0, 0.5], [0.5, 0.5, 0.0], [0.5, 0.0, 0.0], [0.5, 0.5, 0.5], [0.0, 0.0, 0.5], [0.0, 0.5, 0.0]]",A,primitive->conventional (x sqrt2),Starrydata (experimental),10.3390/ma11050728,https://doi.org/10.3390/ma11050728,Starrydata all_curves.csv (release 'latest'),PhononDB (Togo/NIMS MDR),https://mdr.nims.go.jp/datasets/2d8de8a1-ca42-4e70-b0dd-7223034e028b,"LTC-calc.log unit cell (PBEsol-relaxed), same file as kappa",mp-31451,True,stoichiometric,ZrCoBi,D1,removed,derived (WF / total-minus-kappa_e) copy of a sample whose published kappa_L curve is in the corpus,data/Target_Materials/HEUSLER_KAPPA_TRAINING_SET.csv,,12664.0,,,
ZrCoBi,8.558728639495062,W/m/K,653.1746,"experimental, Wiedemann-Franz: kappa_total - L*T/rho (Kim2015 L(S=34uV/K))",0,experimental,1.0,wf_subtracted,6.138706,216.0,F-43m,half-Heusler (C1b / MgAgAs),,"[""Co"", ""Co"", ""Co"", ""Co"", ""Zr"", ""Zr"", ""Zr"", ""Zr"", ""Bi"", ""Bi"", ""Bi"", ""Bi""]","[[0.25, 0.75, 0.75], [0.25, 0.25, 0.25], [0.75, 0.75, 0.25], [0.75, 0.25, 0.75], [0.0, 0.0, 0.0], [0.0, 0.5, 0.5], [0.5, 0.0, 0.5], [0.5, 0.5, 0.0], [0.5, 0.0, 0.0], [0.5, 0.5, 0.5], [0.0, 0.0, 0.5], [0.0, 0.5, 0.0]]",A,primitive->conventional (x sqrt2),Starrydata (experimental),10.3390/ma11050728,https://doi.org/10.3390/ma11050728,Starrydata all_curves.csv (release 'latest'),PhononDB (Togo/NIMS MDR),https://mdr.nims.go.jp/datasets/2d8de8a1-ca42-4e70-b0dd-7223034e028b,"LTC-calc.log unit cell (PBEsol-relaxed), same file as kappa",mp-31451,True,stoichiometric,ZrCoBi,D1,removed,derived (WF / total-minus-kappa_e) copy of a sample whose published kappa_L curve is in the corpus,data/Target_Materials/HEUSLER_KAPPA_TRAINING_SET.csv,,12664.0,,,
ZrCoBi,8.390369405384243,W/m/K,670.1684,"experimental, Wiedemann-Franz: kappa_total - L*T/rho (Kim2015 L(S=35uV/K))",0,experimental,1.0,wf_subtracted,6.138706,216.0,F-43m,half-Heusler (C1b / MgAgAs),,"[""Co"", ""Co"", ""Co"", ""Co"", ""Zr"", ""Zr"", ""Zr"", ""Zr"", ""Bi"", ""Bi"", ""Bi"", ""Bi""]","[[0.25, 0.75, 0.75], [0.25, 0.25, 0.25], [0.75, 0.75, 0.25], [0.75, 0.25, 0.75], [0.0, 0.0, 0.0], [0.0, 0.5, 0.5], [0.5, 0.0, 0.5], [0.5, 0.5, 0.0], [0.5, 0.0, 0.0], [0.5, 0.5, 0.5], [0.0, 0.0, 0.5], [0.0, 0.5, 0.0]]",A,primitive->conventional (x sqrt2),Starrydata (experimental),10.3390/ma11050728,https://doi.org/10.3390/ma11050728,Starrydata all_curves.csv (release 'latest'),PhononDB (Togo/NIMS MDR),https://mdr.nims.go.jp/datasets/2d8de8a1-ca42-4e70-b0dd-7223034e028b,"LTC-calc.log unit cell (PBEsol-relaxed), same file as kappa",mp-31451,True,stoichiometric,ZrCoBi,D1,removed,derived (WF / total-minus-kappa_e) copy of a sample whose published kappa_L curve is in the corpus,data/Target_Materials/HEUSLER_KAPPA_TRAINING_SET.csv,,12664.0,,,
ZrCoBi,4.782110718611411,W/m/K,672.1719,"experimental, Wiedemann-Franz: kappa_total - L*T/rho (degenerate 2.44e-8)",0,experimental,1.0,wf_subtracted,6.138706,216.0,F-43m,half-Heusler (C1b / MgAgAs),,"[""Co"", ""Co"", ""Co"", ""Co"", ""Zr"", ""Zr"", ""Zr"", ""Zr"", ""Bi"", ""Bi"", ""Bi"", ""Bi""]","[[0.25, 0.75, 0.75], [0.25, 0.25, 0.25], [0.75, 0.75, 0.25], [0.75, 0.25, 0.75], [0.0, 0.0, 0.0], [0.0, 0.5, 0.5], [0.5, 0.0, 0.5], [0.5, 0.5, 0.0], [0.5, 0.0, 0.0], [0.5, 0.5, 0.5], [0.0, 0.0, 0.5], [0.0, 0.5, 0.0]]",A,primitive->conventional (x sqrt2),Starrydata (experimental),10.1038/s41467-018-04958-3,https://doi.org/10.1038/s41467-018-04958-3,Starrydata all_curves.csv (release 'latest'),PhononDB (Togo/NIMS MDR),https://mdr.nims.go.jp/datasets/2d8de8a1-ca42-4e70-b0dd-7223034e028b,"LTC-calc.log unit cell (PBEsol-relaxed), same file as kappa",mp-31451,True,stoichiometric,ZrCoBi,D1,removed,derived (WF / total-minus-kappa_e) copy of a sample whose published kappa_L curve is in the corpus,data/Target_Materials/HEUSLER_KAPPA_TRAINING_SET.csv,,22953.0,,,
ZrCoBi,8.259761773309453,W/m/K,685.746,"experimental, Wiedemann-Franz: kappa_total - L*T/rho (Kim2015 L(S=36uV/K))",0,experimental,1.0,wf_subtracted,6.138706,216.0,F-43m,half-Heusler (C1b / MgAgAs),,"[""Co"", ""Co"", ""Co"", ""Co"", ""Zr"", ""Zr"", ""Zr"", ""Zr"", ""Bi"", ""Bi"", ""Bi"", ""Bi""]","[[0.25, 0.75, 0.75], [0.25, 0.25, 0.25], [0.75, 0.75, 0.25], [0.75, 0.25, 0.75], [0.0, 0.0, 0.0], [0.0, 0.5, 0.5], [0.5, 0.0, 0.5], [0.5, 0.5, 0.0], [0.5, 0.0, 0.0], [0.5, 0.5, 0.5], [0.0, 0.0, 0.5], [0.0, 0.5, 0.0]]",A,primitive->conventional (x sqrt2),Starrydata (experimental),10.3390/ma11050728,https://doi.org/10.3390/ma11050728,Starrydata all_curves.csv (release 'latest'),PhononDB (Togo/NIMS MDR),https://mdr.nims.go.jp/datasets/2d8de8a1-ca42-4e70-b0dd-7223034e028b,"LTC-calc.log unit cell (PBEsol-relaxed), same file as kappa",mp-31451,True,stoichiometric,ZrCoBi,D1,removed,derived (WF / total-minus-kappa_e) copy of a sample whose published kappa_L curve is in the corpus,data/Target_Materials/HEUSLER_KAPPA_TRAINING_SET.csv,,12664.0,,,
ZrCoBi,8.102474719096616,W/m/K,700.8515,"experimental, Wiedemann-Franz: kappa_total - L*T/rho (Kim2015 L(S=36uV/K))",0,experimental,1.0,wf_subtracted,6.138706,216.0,F-43m,half-Heusler (C1b / MgAgAs),,"[""Co"", ""Co"", ""Co"", ""Co"", ""Zr"", ""Zr"", ""Zr"", ""Zr"", ""Bi"", ""Bi"", ""Bi"", ""Bi""]","[[0.25, 0.75, 0.75], [0.25, 0.25, 0.25], [0.75, 0.75, 0.25], [0.75, 0.25, 0.75], [0.0, 0.0, 0.0], [0.0, 0.5, 0.5], [0.5, 0.0, 0.5], [0.5, 0.5, 0.0], [0.5, 0.0, 0.0], [0.5, 0.5, 0.5], [0.0, 0.0, 0.5], [0.0, 0.5, 0.0]]",A,primitive->conventional (x sqrt2),Starrydata (experimental),10.3390/ma11050728,https://doi.org/10.3390/ma11050728,Starrydata all_curves.csv (release 'latest'),PhononDB (Togo/NIMS MDR),https://mdr.nims.go.jp/datasets/2d8de8a1-ca42-4e70-b0dd-7223034e028b,"LTC-calc.log unit cell (PBEsol-relaxed), same file as kappa",mp-31451,True,stoichiometric,ZrCoBi,D1,removed,derived (WF / total-minus-kappa_e) copy of a sample whose published kappa_L curve is in the corpus,data/Target_Materials/HEUSLER_KAPPA_TRAINING_SET.csv,,12664.0,,,
ZrCoBi,8.024066304816404,W/m/K,717.4677,"experimental, Wiedemann-Franz: kappa_total - L*T/rho (Kim2015 L(S=37uV/K))",0,experimental,1.0,wf_subtracted,6.138706,216.0,F-43m,half-Heusler (C1b / MgAgAs),,"[""Co"", ""Co"", ""Co"", ""Co"", ""Zr"", ""Zr"", ""Zr"", ""Zr"", ""Bi"", ""Bi"", ""Bi"", ""Bi""]","[[0.25, 0.75, 0.75], [0.25, 0.25, 0.25], [0.75, 0.75, 0.25], [0.75, 0.25, 0.75], [0.0, 0.0, 0.0], [0.0, 0.5, 0.5], [0.5, 0.0, 0.5], [0.5, 0.5, 0.0], [0.5, 0.0, 0.0], [0.5, 0.5, 0.5], [0.0, 0.0, 0.5], [0.0, 0.5, 0.0]]",A,primitive->conventional (x sqrt2),Starrydata (experimental),10.3390/ma11050728,https://doi.org/10.3390/ma11050728,Starrydata all_curves.csv (release 'latest'),PhononDB (Togo/NIMS MDR),https://mdr.nims.go.jp/datasets/2d8de8a1-ca42-4e70-b0dd-7223034e028b,"LTC-calc.log unit cell (PBEsol-relaxed), same file as kappa",mp-31451,True,stoichiometric,ZrCoBi,D1,removed,derived (WF / total-minus-kappa_e) copy of a sample whose published kappa_L curve is in the corpus,data/Target_Materials/HEUSLER_KAPPA_TRAINING_SET.csv,,12664.0,,,
ZrCoBi,7.872144127129137,W/m/K,732.4788,"experimental, Wiedemann-Franz: kappa_total - L*T/rho (Kim2015 L(S=38uV/K))",0,experimental,1.0,wf_subtracted,6.138706,216.0,F-43m,half-Heusler (C1b / MgAgAs),,"[""Co"", ""Co"", ""Co"", ""Co"", ""Zr"", ""Zr"", ""Zr"", ""Zr"", ""Bi"", ""Bi"", ""Bi"", ""Bi""]","[[0.25, 0.75, 0.75], [0.25, 0.25, 0.25], [0.75, 0.75, 0.25], [0.75, 0.25, 0.75], [0.0, 0.0, 0.0], [0.0, 0.5, 0.5], [0.5, 0.0, 0.5], [0.5, 0.5, 0.0], [0.5, 0.0, 0.0], [0.5, 0.5, 0.5], [0.0, 0.0, 0.5], [0.0, 0.5, 0.0]]",A,primitive->conventional (x sqrt2),Starrydata (experimental),10.3390/ma11050728,https://doi.org/10.3390/ma11050728,Starrydata all_curves.csv (release 'latest'),PhononDB (Togo/NIMS MDR),https://mdr.nims.go.jp/datasets/2d8de8a1-ca42-4e70-b0dd-7223034e028b,"LTC-calc.log unit cell (PBEsol-relaxed), same file as kappa",mp-31451,True,stoichiometric,ZrCoBi,D1,removed,derived (WF / total-minus-kappa_e) copy of a sample whose published kappa_L curve is in the corpus,data/Target_Materials/HEUSLER_KAPPA_TRAINING_SET.csv,,12664.0,,,
ZrCoBi,7.862940218194688,W/m/K,748.0564,"experimental, Wiedemann-Franz: kappa_total - L*T/rho (Kim2015 L(S=39uV/K))",0,experimental,1.0,wf_subtracted,6.138706,216.0,F-43m,half-Heusler (C1b / MgAgAs),,"[""Co"", ""Co"", ""Co"", ""Co"", ""Zr"", ""Zr"", ""Zr"", ""Zr"", ""Bi"", ""Bi"", ""Bi"", ""Bi""]","[[0.25, 0.75, 0.75], [0.25, 0.25, 0.25], [0.75, 0.75, 0.25], [0.75, 0.25, 0.75], [0.0, 0.0, 0.0], [0.0, 0.5, 0.5], [0.5, 0.0, 0.5], [0.5, 0.5, 0.0], [0.5, 0.0, 0.0], [0.5, 0.5, 0.5], [0.0, 0.0, 0.5], [0.0, 0.5, 0.0]]",A,primitive->conventional (x sqrt2),Starrydata (experimental),10.3390/ma11050728,https://doi.org/10.3390/ma11050728,Starrydata all_curves.csv (release 'latest'),PhononDB (Togo/NIMS MDR),https://mdr.nims.go.jp/datasets/2d8de8a1-ca42-4e70-b0dd-7223034e028b,"LTC-calc.log unit cell (PBEsol-relaxed), same file as kappa",mp-31451,True,stoichiometric,ZrCoBi,D1,removed,derived (WF / total-minus-kappa_e) copy of a sample whose published kappa_L curve is in the corpus,data/Target_Materials/HEUSLER_KAPPA_TRAINING_SET.csv,,12664.0,,,
ZrCoBi,7.784915531771966,W/m/K,763.634,"experimental, Wiedemann-Franz: kappa_total - L*T/rho (Kim2015 L(S=40uV/K))",0,experimental,1.0,wf_subtracted,6.138706,216.0,F-43m,half-Heusler (C1b / MgAgAs),,"[""Co"", ""Co"", ""Co"", ""Co"", ""Zr"", ""Zr"", ""Zr"", ""Zr"", ""Bi"", ""Bi"", ""Bi"", ""Bi""]","[[0.25, 0.75, 0.75], [0.25, 0.25, 0.25], [0.75, 0.75, 0.25], [0.75, 0.25, 0.75], [0.0, 0.0, 0.0], [0.0, 0.5, 0.5], [0.5, 0.0, 0.5], [0.5, 0.5, 0.0], [0.5, 0.0, 0.0], [0.5, 0.5, 0.5], [0.0, 0.0, 0.5], [0.0, 0.5, 0.0]]",A,primitive->conventional (x sqrt2),Starrydata (experimental),10.3390/ma11050728,https://doi.org/10.3390/ma11050728,Starrydata all_curves.csv (release 'latest'),PhononDB (Togo/NIMS MDR),https://mdr.nims.go.jp/datasets/2d8de8a1-ca42-4e70-b0dd-7223034e028b,"LTC-calc.log unit cell (PBEsol-relaxed), same file as kappa",mp-31451,True,stoichiometric,ZrCoBi,D1,removed,derived (WF / total-minus-kappa_e) copy of a sample whose published kappa_L curve is in the corpus,data/Target_Materials/HEUSLER_KAPPA_TRAINING_SET.csv,,12664.0,,,
ZrCoBi,4.330110290777822,W/m/K,773.5294,"experimental, Wiedemann-Franz: kappa_total - L*T/rho (degenerate 2.44e-8)",0,experimental,1.0,wf_subtracted,6.138706,216.0,F-43m,half-Heusler (C1b / MgAgAs),,"[""Co"", ""Co"", ""Co"", ""Co"", ""Zr"", ""Zr"", ""Zr"", ""Zr"", ""Bi"", ""Bi"", ""Bi"", ""Bi""]","[[0.25, 0.75, 0.75], [0.25, 0.25, 0.25], [0.75, 0.75, 0.25], [0.75, 0.25, 0.75], [0.0, 0.0, 0.0], [0.0, 0.5, 0.5], [0.5, 0.0, 0.5], [0.5, 0.5, 0.0], [0.5, 0.0, 0.0], [0.5, 0.5, 0.5], [0.0, 0.0, 0.5], [0.0, 0.5, 0.0]]",A,primitive->conventional (x sqrt2),Starrydata (experimental),10.1038/s41467-018-04958-3,https://doi.org/10.1038/s41467-018-04958-3,Starrydata all_curves.csv (release 'latest'),PhononDB (Togo/NIMS MDR),https://mdr.nims.go.jp/datasets/2d8de8a1-ca42-4e70-b0dd-7223034e028b,"LTC-calc.log unit cell (PBEsol-relaxed), same file as kappa",mp-31451,True,stoichiometric,ZrCoBi,D1,removed,derived (WF / total-minus-kappa_e) copy of a sample whose published kappa_L curve is in the corpus,data/Target_Materials/HEUSLER_KAPPA_TRAINING_SET.csv,,22953.0,,,
ZrCoBi,7.658914481638622,W/m/K,779.2116,"experimental, Wiedemann-Franz: kappa_total - L*T/rho (Kim2015 L(S=42uV/K))",0,experimental,1.0,wf_subtracted,6.138706,216.0,F-43m,half-Heusler (C1b / MgAgAs),,"[""Co"", ""Co"", ""Co"", ""Co"", ""Zr"", ""Zr"", ""Zr"", ""Zr"", ""Bi"", ""Bi"", ""Bi"", ""Bi""]","[[0.25, 0.75, 0.75], [0.25, 0.25, 0.25], [0.75, 0.75, 0.25], [0.75, 0.25, 0.75], [0.0, 0.0, 0.0], [0.0, 0.5, 0.5], [0.5, 0.0, 0.5], [0.5, 0.5, 0.0], [0.5, 0.0, 0.0], [0.5, 0.5, 0.5], [0.0, 0.0, 0.5], [0.0, 0.5, 0.0]]",A,primitive->conventional (x sqrt2),Starrydata (experimental),10.3390/ma11050728,https://doi.org/10.3390/ma11050728,Starrydata all_curves.csv (release 'latest'),PhononDB (Togo/NIMS MDR),https://mdr.nims.go.jp/datasets/2d8de8a1-ca42-4e70-b0dd-7223034e028b,"LTC-calc.log unit cell (PBEsol-relaxed), same file as kappa",mp-31451,True,stoichiometric,ZrCoBi,D1,removed,derived (WF / total-minus-kappa_e) copy of a sample whose published kappa_L curve is in the corpus,data/Target_Materials/HEUSLER_KAPPA_TRAINING_SET.csv,,12664.0,,,
ZrCoBi,7.658050464011086,W/m/K,794.7893,"experimental, Wiedemann-Franz: kappa_total - L*T/rho (Kim2015 L(S=43uV/K))",0,experimental,1.0,wf_subtracted,6.138706,216.0,F-43m,half-Heusler (C1b / MgAgAs),,"[""Co"", ""Co"", ""Co"", ""Co"", ""Zr"", ""Zr"", ""Zr"", ""Zr"", ""Bi"", ""Bi"", ""Bi"", ""Bi""]","[[0.25, 0.75, 0.75], [0.25, 0.25, 0.25], [0.75, 0.75, 0.25], [0.75, 0.25, 0.75], [0.0, 0.0, 0.0], [0.0, 0.5, 0.5], [0.5, 0.0, 0.5], [0.5, 0.5, 0.0], [0.5, 0.0, 0.0], [0.5, 0.5, 0.5], [0.0, 0.0, 0.5], [0.0, 0.5, 0.0]]",A,primitive->conventional (x sqrt2),Starrydata (experimental),10.3390/ma11050728,https://doi.org/10.3390/ma11050728,Starrydata all_curves.csv (release 'latest'),PhononDB (Togo/NIMS MDR),https://mdr.nims.go.jp/datasets/2d8de8a1-ca42-4e70-b0dd-7223034e028b,"LTC-calc.log unit cell (PBEsol-relaxed), same file as kappa",mp-31451,True,stoichiometric,ZrCoBi,D1,removed,derived (WF / total-minus-kappa_e) copy of a sample whose published kappa_L curve is in the corpus,data/Target_Materials/HEUSLER_KAPPA_TRAINING_SET.csv,,12664.0,,,
ZrCoBi,7.652505727863554,W/m/K,803.2861,"experimental, Wiedemann-Franz: kappa_total - L*T/rho (Kim2015 L(S=43uV/K))",0,experimental,1.0,wf_subtracted,6.138706,216.0,F-43m,half-Heusler (C1b / MgAgAs),,"[""Co"", ""Co"", ""Co"", ""Co"", ""Zr"", ""Zr"", ""Zr"", ""Zr"", ""Bi"", ""Bi"", ""Bi"", ""Bi""]","[[0.25, 0.75, 0.75], [0.25, 0.25, 0.25], [0.75, 0.75, 0.25], [0.75, 0.25, 0.75], [0.0, 0.0, 0.0], [0.0, 0.5, 0.5], [0.5, 0.0, 0.5], [0.5, 0.5, 0.0], [0.5, 0.0, 0.0], [0.5, 0.5, 0.5], [0.0, 0.0, 0.5], [0.0, 0.5, 0.0]]",A,primitive->conventional (x sqrt2),Starrydata (experimental),10.3390/ma11050728,https://doi.org/10.3390/ma11050728,Starrydata all_curves.csv (release 'latest'),PhononDB (Togo/NIMS MDR),https://mdr.nims.go.jp/datasets/2d8de8a1-ca42-4e70-b0dd-7223034e028b,"LTC-calc.log unit cell (PBEsol-relaxed), same file as kappa",mp-31451,True,stoichiometric,ZrCoBi,D1,removed,derived (WF / total-minus-kappa_e) copy of a sample whose published kappa_L curve is in the corpus,data/Target_Materials/HEUSLER_KAPPA_TRAINING_SET.csv,,12664.0,,,
ZrCoBi,3.867567599443972,W/m/K,874.8869,"experimental, Wiedemann-Franz: kappa_total - L*T/rho (degenerate 2.44e-8)",0,experimental,1.0,wf_subtracted,6.138706,216.0,F-43m,half-Heusler (C1b / MgAgAs),,"[""Co"", ""Co"", ""Co"", ""Co"", ""Zr"", ""Zr"", ""Zr"", ""Zr"", ""Bi"", ""Bi"", ""Bi"", ""Bi""]","[[0.25, 0.75, 0.75], [0.25, 0.25, 0.25], [0.75, 0.75, 0.25], [0.75, 0.25, 0.75], [0.0, 0.0, 0.0], [0.0, 0.5, 0.5], [0.5, 0.0, 0.5], [0.5, 0.5, 0.0], [0.5, 0.0, 0.0], [0.5, 0.5, 0.5], [0.0, 0.0, 0.5], [0.0, 0.5, 0.0]]",A,primitive->conventional (x sqrt2),Starrydata (experimental),10.1038/s41467-018-04958-3,https://doi.org/10.1038/s41467-018-04958-3,Starrydata all_curves.csv (release 'latest'),PhononDB (Togo/NIMS MDR),https://mdr.nims.go.jp/datasets/2d8de8a1-ca42-4e70-b0dd-7223034e028b,"LTC-calc.log unit cell (PBEsol-relaxed), same file as kappa",mp-31451,True,stoichiometric,ZrCoBi,D1,removed,derived (WF / total-minus-kappa_e) copy of a sample whose published kappa_L curve is in the corpus,data/Target_Materials/HEUSLER_KAPPA_TRAINING_SET.csv,,22953.0,,,
ZrCoBi,3.271922134368672,W/m/K,976.2443,"experimental, Wiedemann-Franz: kappa_total - L*T/rho (degenerate 2.44e-8)",0,experimental,1.0,wf_subtracted,6.138706,216.0,F-43m,half-Heusler (C1b / MgAgAs),,"[""Co"", ""Co"", ""Co"", ""Co"", ""Zr"", ""Zr"", ""Zr"", ""Zr"", ""Bi"", ""Bi"", ""Bi"", ""Bi""]","[[0.25, 0.75, 0.75], [0.25, 0.25, 0.25], [0.75, 0.75, 0.25], [0.75, 0.25, 0.75], [0.0, 0.0, 0.0], [0.0, 0.5, 0.5], [0.5, 0.0, 0.5], [0.5, 0.5, 0.0], [0.5, 0.0, 0.0], [0.5, 0.5, 0.5], [0.0, 0.0, 0.5], [0.0, 0.5, 0.0]]",A,primitive->conventional (x sqrt2),Starrydata (experimental),10.1038/s41467-018-04958-3,https://doi.org/10.1038/s41467-018-04958-3,Starrydata all_curves.csv (release 'latest'),PhononDB (Togo/NIMS MDR),https://mdr.nims.go.jp/datasets/2d8de8a1-ca42-4e70-b0dd-7223034e028b,"LTC-calc.log unit cell (PBEsol-relaxed), same file as kappa",mp-31451,True,stoichiometric,ZrCoBi,D1,removed,derived (WF / total-minus-kappa_e) copy of a sample whose published kappa_L curve is in the corpus,data/Target_Materials/HEUSLER_KAPPA_TRAINING_SET.csv,,22953.0,,,
ZrNiSn,4.8507268217158295,W/m/K,294.8109,"experimental, Wiedemann-Franz: kappa_total - L*T/rho (Kim2015 L(S=146uV/K))",0,experimental,1.0,wf_subtracted,6.066303,216.0,F-43m,half-Heusler (C1b / MgAgAs),,"[""Zr"", ""Zr"", ""Zr"", ""Zr"", ""Ni"", ""Ni"", ""Ni"", ""Ni"", ""Sn"", ""Sn"", ""Sn"", ""Sn""]","[[0.0, 0.0, 0.0], [0.0, 0.5, 0.5], [0.5, 0.0, 0.5], [0.5, 0.5, 0.0], [0.25, 0.75, 0.75], [0.25, 0.25, 0.25], [0.75, 0.75, 0.25], [0.75, 0.25, 0.75], [0.5, 0.0, 0.0], [0.5, 0.5, 0.5], [0.0, 0.0, 0.5], [0.0, 0.5, 0.0]]",A,primitive->conventional (x sqrt2),Starrydata (experimental),10.1007/s11664-009-1032-8,https://doi.org/10.1007/s11664-009-1032-8,Starrydata all_curves.csv (release 'latest'),PhononDB (Togo/NIMS MDR),https://mdr.nims.go.jp/datasets/a0b4db6a-be3a-480a-8ec3-fa64481cc7df,"LTC-calc.log unit cell (PBEsol-relaxed), same file as kappa",mp-924129,True,stoichiometric,ZrNiSn,D1,removed,derived (WF / total-minus-kappa_e) copy of a sample whose published kappa_L curve is in the corpus,data/Target_Materials/HEUSLER_KAPPA_TRAINING_SET.csv,,1283.0,,,
ZrNiSn,5.753405664100421,W/m/K,303.0779,"experimental, Wiedemann-Franz: kappa_total - L*T/rho (Kim2015 L(S=256uV/K))",0,experimental,1.0,wf_subtracted,6.066303,216.0,F-43m,half-Heusler (C1b / MgAgAs),,"[""Zr"", ""Zr"", ""Zr"", ""Zr"", ""Ni"", ""Ni"", ""Ni"", ""Ni"", ""Sn"", ""Sn"", ""Sn"", ""Sn""]","[[0.0, 0.0, 0.0], [0.0, 0.5, 0.5], [0.5, 0.0, 0.5], [0.5, 0.5, 0.0], [0.25, 0.75, 0.75], [0.25, 0.25, 0.25], [0.75, 0.75, 0.25], [0.75, 0.25, 0.75], [0.5, 0.0, 0.0], [0.5, 0.5, 0.5], [0.0, 0.0, 0.5], [0.0, 0.5, 0.0]]",A,primitive->conventional (x sqrt2),Starrydata (experimental),10.1007/s11664-009-1032-8,https://doi.org/10.1007/s11664-009-1032-8,Starrydata all_curves.csv (release 'latest'),PhononDB (Togo/NIMS MDR),https://mdr.nims.go.jp/datasets/a0b4db6a-be3a-480a-8ec3-fa64481cc7df,"LTC-calc.log unit cell (PBEsol-relaxed), same file as kappa",mp-924129,True,stoichiometric,ZrNiSn,D1,removed,derived (WF / total-minus-kappa_e) copy of a sample whose published kappa_L curve is in the corpus,data/Target_Materials/HEUSLER_KAPPA_TRAINING_SET.csv,,1279.0,,,
ZrNiSn,6.133424915032206,W/m/K,312.012,"experimental, kappa_total - MEASURED kappa_e (no Lorenz assumption)",0,experimental,1.0,total_minus_measured_ke,6.066303,216.0,F-43m,half-Heusler (C1b / MgAgAs),,"[""Zr"", ""Zr"", ""Zr"", ""Zr"", ""Ni"", ""Ni"", ""Ni"", ""Ni"", ""Sn"", ""Sn"", ""Sn"", ""Sn""]","[[0.0, 0.0, 0.0], [0.0, 0.5, 0.5], [0.5, 0.0, 0.5], [0.5, 0.5, 0.0], [0.25, 0.75, 0.75], [0.25, 0.25, 0.25], [0.75, 0.75, 0.25], [0.75, 0.25, 0.75], [0.5, 0.0, 0.0], [0.5, 0.5, 0.5], [0.0, 0.0, 0.5], [0.0, 0.5, 0.0]]",A,primitive->conventional (x sqrt2),Starrydata (experimental),10.1021/acsaem.9b01740,https://doi.org/10.1021/acsaem.9b01740,Starrydata all_curves.csv (release 'latest'),PhononDB (Togo/NIMS MDR),https://mdr.nims.go.jp/datasets/a0b4db6a-be3a-480a-8ec3-fa64481cc7df,"LTC-calc.log unit cell (PBEsol-relaxed), same file as kappa",mp-924129,True,stoichiometric,ZrNiSn,D1,removed,derived (WF / total-minus-kappa_e) copy of a sample whose published kappa_L curve is in the corpus,data/Target_Materials/HEUSLER_KAPPA_TRAINING_SET.csv,,34936.0,,,
ZrNiSn,5.905151112623374,W/m/K,322.7488,"experimental, Wiedemann-Franz: kappa_total - L*T/rho (Kim2015 L(S=218uV/K))",0,experimental,1.0,wf_subtracted,6.066303,216.0,F-43m,half-Heusler (C1b / MgAgAs),,"[""Zr"", ""Zr"", ""Zr"", ""Zr"", ""Ni"", ""Ni"", ""Ni"", ""Ni"", ""Sn"", ""Sn"", ""Sn"", ""Sn""]","[[0.0, 0.0, 0.0], [0.0, 0.5, 0.5], [0.5, 0.0, 0.5], [0.5, 0.5, 0.0], [0.25, 0.75, 0.75], [0.25, 0.25, 0.25], [0.75, 0.75, 0.25], [0.75, 0.25, 0.75], [0.5, 0.0, 0.0], [0.5, 0.5, 0.5], [0.0, 0.0, 0.5], [0.0, 0.5, 0.0]]",A,primitive->conventional (x sqrt2),Starrydata (experimental),10.1016/j.nanoen.2020.105372,https://doi.org/10.1016/j.nanoen.2020.105372,Starrydata all_curves.csv (release 'latest'),PhononDB (Togo/NIMS MDR),https://mdr.nims.go.jp/datasets/a0b4db6a-be3a-480a-8ec3-fa64481cc7df,"LTC-calc.log unit cell (PBEsol-relaxed), same file as kappa",mp-924129,True,stoichiometric,ZrNiSn,D1,removed,derived (WF / total-minus-kappa_e) copy of a sample whose published kappa_L curve is in the corpus,data/Target_Materials/HEUSLER_KAPPA_TRAINING_SET.csv,,36363.0,,,
ZrNiSn,6.104064561658294,W/m/K,322.7488,"experimental, Wiedemann-Franz: kappa_total - L*T/rho (Kim2015 L(S=209uV/K))",0,experimental,1.0,wf_subtracted,6.066303,216.0,F-43m,half-Heusler (C1b / MgAgAs),,"[""Zr"", ""Zr"", ""Zr"", ""Zr"", ""Ni"", ""Ni"", ""Ni"", ""Ni"", ""Sn"", ""Sn"", ""Sn"", ""Sn""]","[[0.0, 0.0, 0.0], [0.0, 0.5, 0.5], [0.5, 0.0, 0.5], [0.5, 0.5, 0.0], [0.25, 0.75, 0.75], [0.25, 0.25, 0.25], [0.75, 0.75, 0.25], [0.75, 0.25, 0.75], [0.5, 0.0, 0.0], [0.5, 0.5, 0.5], [0.0, 0.0, 0.5], [0.0, 0.5, 0.0]]",A,primitive->conventional (x sqrt2),Starrydata (experimental),10.1016/j.nanoen.2020.105372,https://doi.org/10.1016/j.nanoen.2020.105372,Starrydata all_curves.csv (release 'latest'),PhononDB (Togo/NIMS MDR),https://mdr.nims.go.jp/datasets/a0b4db6a-be3a-480a-8ec3-fa64481cc7df,"LTC-calc.log unit cell (PBEsol-relaxed), same file as kappa",mp-924129,True,stoichiometric,ZrNiSn,D1,removed,derived (WF / total-minus-kappa_e) copy of a sample whose published kappa_L curve is in the corpus,data/Target_Materials/HEUSLER_KAPPA_TRAINING_SET.csv,,36364.0,,,
ZrNiSn,6.119451844095323,W/m/K,322.7488,"experimental, Wiedemann-Franz: kappa_total - L*T/rho (Kim2015 L(S=202uV/K))",0,experimental,1.0,wf_subtracted,6.066303,216.0,F-43m,half-Heusler (C1b / MgAgAs),,"[""Zr"", ""Zr"", ""Zr"", ""Zr"", ""Ni"", ""Ni"", ""Ni"", ""Ni"", ""Sn"", ""Sn"", ""Sn"", ""Sn""]","[[0.0, 0.0, 0.0], [0.0, 0.5, 0.5], [0.5, 0.0, 0.5], [0.5, 0.5, 0.0], [0.25, 0.75, 0.75], [0.25, 0.25, 0.25], [0.75, 0.75, 0.25], [0.75, 0.25, 0.75], [0.5, 0.0, 0.0], [0.5, 0.5, 0.5], [0.0, 0.0, 0.5], [0.0, 0.5, 0.0]]",A,primitive->conventional (x sqrt2),Starrydata (experimental),10.1016/j.nanoen.2020.105372,https://doi.org/10.1016/j.nanoen.2020.105372,Starrydata all_curves.csv (release 'latest'),PhononDB (Togo/NIMS MDR),https://mdr.nims.go.jp/datasets/a0b4db6a-be3a-480a-8ec3-fa64481cc7df,"LTC-calc.log unit cell (PBEsol-relaxed), same file as kappa",mp-924129,True,stoichiometric,ZrNiSn,D1,removed,derived (WF / total-minus-kappa_e) copy of a sample whose published kappa_L curve is in the corpus,data/Target_Materials/HEUSLER_KAPPA_TRAINING_SET.csv,,36365.0,,,
ZrNiSn,6.03399435428808,W/m/K,324.4514,"experimental, Wiedemann-Franz: kappa_total - L*T/rho (Kim2015 L(S=123uV/K))",0,experimental,1.0,wf_subtracted,6.066303,216.0,F-43m,half-Heusler (C1b / MgAgAs),,"[""Zr"", ""Zr"", ""Zr"", ""Zr"", ""Ni"", ""Ni"", ""Ni"", ""Ni"", ""Sn"", ""Sn"", ""Sn"", ""Sn""]","[[0.0, 0.0, 0.0], [0.0, 0.5, 0.5], [0.5, 0.0, 0.5], [0.5, 0.5, 0.0], [0.25, 0.75, 0.75], [0.25, 0.25, 0.25], [0.75, 0.75, 0.25], [0.75, 0.25, 0.75], [0.5, 0.0, 0.0], [0.5, 0.5, 0.5], [0.0, 0.0, 0.5], [0.0, 0.5, 0.0]]",A,primitive->conventional (x sqrt2),Starrydata (experimental),10.1007/s40195-025-01853-x,https://doi.org/10.1007/s40195-025-01853-x,Starrydata all_curves.csv (release 'latest'),PhononDB (Togo/NIMS MDR),https://mdr.nims.go.jp/datasets/a0b4db6a-be3a-480a-8ec3-fa64481cc7df,"LTC-calc.log unit cell (PBEsol-relaxed), same file as kappa",mp-924129,True,stoichiometric,ZrNiSn,D1,removed,derived (WF / total-minus-kappa_e) copy of a sample whose published kappa_L curve is in the corpus,data/Target_Materials/HEUSLER_KAPPA_TRAINING_SET.csv,,93235.0,,,
ZrNiSn,5.878847259308637,W/m/K,338.4384,"experimental, kappa_total - MEASURED kappa_e (no Lorenz assumption)",0,experimental,1.0,total_minus_measured_ke,6.066303,216.0,F-43m,half-Heusler (C1b / MgAgAs),,"[""Zr"", ""Zr"", ""Zr"", ""Zr"", ""Ni"", ""Ni"", ""Ni"", ""Ni"", ""Sn"", ""Sn"", ""Sn"", ""Sn""]","[[0.0, 0.0, 0.0], [0.0, 0.5, 0.5], [0.5, 0.0, 0.5], [0.5, 0.5, 0.0], [0.25, 0.75, 0.75], [0.25, 0.25, 0.25], [0.75, 0.75, 0.25], [0.75, 0.25, 0.75], [0.5, 0.0, 0.0], [0.5, 0.5, 0.5], [0.0, 0.0, 0.5], [0.0, 0.5, 0.0]]",A,primitive->conventional (x sqrt2),Starrydata (experimental),10.1021/acsaem.9b01740,https://doi.org/10.1021/acsaem.9b01740,Starrydata all_curves.csv (release 'latest'),PhononDB (Togo/NIMS MDR),https://mdr.nims.go.jp/datasets/a0b4db6a-be3a-480a-8ec3-fa64481cc7df,"LTC-calc.log unit cell (PBEsol-relaxed), same file as kappa",mp-924129,True,stoichiometric,ZrNiSn,D1,removed,derived (WF / total-minus-kappa_e) copy of a sample whose published kappa_L curve is in the corpus,data/Target_Materials/HEUSLER_KAPPA_TRAINING_SET.csv,,34936.0,,,
ZrNiSn,5.386941515671122,W/m/K,372.5259,"experimental, Wiedemann-Franz: kappa_total - L*T/rho (Kim2015 L(S=228uV/K))",0,experimental,1.0,wf_subtracted,6.066303,216.0,F-43m,half-Heusler (C1b / MgAgAs),,"[""Zr"", ""Zr"", ""Zr"", ""Zr"", ""Ni"", ""Ni"", ""Ni"", ""Ni"", ""Sn"", ""Sn"", ""Sn"", ""Sn""]","[[0.0, 0.0, 0.0], [0.0, 0.5, 0.5], [0.5, 0.0, 0.5], [0.5, 0.5, 0.0], [0.25, 0.75, 0.75], [0.25, 0.25, 0.25], [0.75, 0.75, 0.25], [0.75, 0.25, 0.75], [0.5, 0.0, 0.0], [0.5, 0.5, 0.5], [0.0, 0.0, 0.5], [0.0, 0.5, 0.0]]",A,primitive->conventional (x sqrt2),Starrydata (experimental),10.1016/j.nanoen.2020.105372,https://doi.org/10.1016/j.nanoen.2020.105372,Starrydata all_curves.csv (release 'latest'),PhononDB (Togo/NIMS MDR),https://mdr.nims.go.jp/datasets/a0b4db6a-be3a-480a-8ec3-fa64481cc7df,"LTC-calc.log unit cell (PBEsol-relaxed), same file as kappa",mp-924129,True,stoichiometric,ZrNiSn,D1,removed,derived (WF / total-minus-kappa_e) copy of a sample whose published kappa_L curve is in the corpus,data/Target_Materials/HEUSLER_KAPPA_TRAINING_SET.csv,,36363.0,,,
ZrNiSn,5.679003903959724,W/m/K,372.5259,"experimental, Wiedemann-Franz: kappa_total - L*T/rho (Kim2015 L(S=219uV/K))",0,experimental,1.0,wf_subtracted,6.066303,216.0,F-43m,half-Heusler (C1b / MgAgAs),,"[""Zr"", ""Zr"", ""Zr"", ""Zr"", ""Ni"", ""Ni"", ""Ni"", ""Ni"", ""Sn"", ""Sn"", ""Sn"", ""Sn""]","[[0.0, 0.0, 0.0], [0.0, 0.5, 0.5], [0.5, 0.0, 0.5], [0.5, 0.5, 0.0], [0.25, 0.75, 0.75], [0.25, 0.25, 0.25], [0.75, 0.75, 0.25], [0.75, 0.25, 0.75], [0.5, 0.0, 0.0], [0.5, 0.5, 0.5], [0.0, 0.0, 0.5], [0.0, 0.5, 0.0]]",A,primitive->conventional (x sqrt2),Starrydata (experimental),10.1016/j.nanoen.2020.105372,https://doi.org/10.1016/j.nanoen.2020.105372,Starrydata all_curves.csv (release 'latest'),PhononDB (Togo/NIMS MDR),https://mdr.nims.go.jp/datasets/a0b4db6a-be3a-480a-8ec3-fa64481cc7df,"LTC-calc.log unit cell (PBEsol-relaxed), same file as kappa",mp-924129,True,stoichiometric,ZrNiSn,D1,removed,derived (WF / total-minus-kappa_e) copy of a sample whose published kappa_L curve is in the corpus,data/Target_Materials/HEUSLER_KAPPA_TRAINING_SET.csv,,36364.0,,,
ZrNiSn,5.670018298141233,W/m/K,372.5259,"experimental, Wiedemann-Franz: kappa_total - L*T/rho (Kim2015 L(S=216uV/K))",0,experimental,1.0,wf_subtracted,6.066303,216.0,F-43m,half-Heusler (C1b / MgAgAs),,"[""Zr"", ""Zr"", ""Zr"", ""Zr"", ""Ni"", ""Ni"", ""Ni"", ""Ni"", ""Sn"", ""Sn"", ""Sn"", ""Sn""]","[[0.0, 0.0, 0.0], [0.0, 0.5, 0.5], [0.5, 0.0, 0.5], [0.5, 0.5, 0.0], [0.25, 0.75, 0.75], [0.25, 0.25, 0.25], [0.75, 0.75, 0.25], [0.75, 0.25, 0.75], [0.5, 0.0, 0.0], [0.5, 0.5, 0.5], [0.0, 0.0, 0.5], [0.0, 0.5, 0.0]]",A,primitive->conventional (x sqrt2),Starrydata (experimental),10.1016/j.nanoen.2020.105372,https://doi.org/10.1016/j.nanoen.2020.105372,Starrydata all_curves.csv (release 'latest'),PhononDB (Togo/NIMS MDR),https://mdr.nims.go.jp/datasets/a0b4db6a-be3a-480a-8ec3-fa64481cc7df,"LTC-calc.log unit cell (PBEsol-relaxed), same file as kappa",mp-924129,True,stoichiometric,ZrNiSn,D1,removed,derived (WF / total-minus-kappa_e) copy of a sample whose published kappa_L curve is in the corpus,data/Target_Materials/HEUSLER_KAPPA_TRAINING_SET.csv,,36365.0,,,
ZrNiSn,5.722526673889808,W/m/K,373.2078,"experimental, Wiedemann-Franz: kappa_total - L*T/rho (Kim2015 L(S=134uV/K))",0,experimental,1.0,wf_subtracted,6.066303,216.0,F-43m,half-Heusler (C1b / MgAgAs),,"[""Zr"", ""Zr"", ""Zr"", ""Zr"", ""Ni"", ""Ni"", ""Ni"", ""Ni"", ""Sn"", ""Sn"", ""Sn"", ""Sn""]","[[0.0, 0.0, 0.0], [0.0, 0.5, 0.5], [0.5, 0.0, 0.5], [0.5, 0.5, 0.0], [0.25, 0.75, 0.75], [0.25, 0.25, 0.25], [0.75, 0.75, 0.25], [0.75, 0.25, 0.75], [0.5, 0.0, 0.0], [0.5, 0.5, 0.5], [0.0, 0.0, 0.5], [0.0, 0.5, 0.0]]",A,primitive->conventional (x sqrt2),Starrydata (experimental),10.1007/s40195-025-01853-x,https://doi.org/10.1007/s40195-025-01853-x,Starrydata all_curves.csv (release 'latest'),PhononDB (Togo/NIMS MDR),https://mdr.nims.go.jp/datasets/a0b4db6a-be3a-480a-8ec3-fa64481cc7df,"LTC-calc.log unit cell (PBEsol-relaxed), same file as kappa",mp-924129,True,stoichiometric,ZrNiSn,D1,removed,derived (WF / total-minus-kappa_e) copy of a sample whose published kappa_L curve is in the corpus,data/Target_Materials/HEUSLER_KAPPA_TRAINING_SET.csv,,93235.0,,,
ZrNiSn,4.508573079073338,W/m/K,375.6496,"experimental, Wiedemann-Franz: kappa_total - L*T/rho (Kim2015 L(S=165uV/K))",0,experimental,1.0,wf_subtracted,6.066303,216.0,F-43m,half-Heusler (C1b / MgAgAs),,"[""Zr"", ""Zr"", ""Zr"", ""Zr"", ""Ni"", ""Ni"", ""Ni"", ""Ni"", ""Sn"", ""Sn"", ""Sn"", ""Sn""]","[[0.0, 0.0, 0.0], [0.0, 0.5, 0.5], [0.5, 0.0, 0.5], [0.5, 0.5, 0.0], [0.25, 0.75, 0.75], [0.25, 0.25, 0.25], [0.75, 0.75, 0.25], [0.75, 0.25, 0.75], [0.5, 0.0, 0.0], [0.5, 0.5, 0.5], [0.0, 0.0, 0.5], [0.0, 0.5, 0.0]]",A,primitive->conventional (x sqrt2),Starrydata (experimental),10.1007/s11664-009-1032-8,https://doi.org/10.1007/s11664-009-1032-8,Starrydata all_curves.csv (release 'latest'),PhononDB (Togo/NIMS MDR),https://mdr.nims.go.jp/datasets/a0b4db6a-be3a-480a-8ec3-fa64481cc7df,"LTC-calc.log unit cell (PBEsol-relaxed), same file as kappa",mp-924129,True,stoichiometric,ZrNiSn,D1,removed,derived (WF / total-minus-kappa_e) copy of a sample whose published kappa_L curve is in the corpus,data/Target_Materials/HEUSLER_KAPPA_TRAINING_SET.csv,,1283.0,,,
ZrNiSn,5.178876813564087,W/m/K,376.3872,"experimental, Wiedemann-Franz: kappa_total - L*T/rho (Kim2015 L(S=256uV/K))",0,experimental,1.0,wf_subtracted,6.066303,216.0,F-43m,half-Heusler (C1b / MgAgAs),,"[""Zr"", ""Zr"", ""Zr"", ""Zr"", ""Ni"", ""Ni"", ""Ni"", ""Ni"", ""Sn"", ""Sn"", ""Sn"", ""Sn""]","[[0.0, 0.0, 0.0], [0.0, 0.5, 0.5], [0.5, 0.0, 0.5], [0.5, 0.5, 0.0], [0.25, 0.75, 0.75], [0.25, 0.25, 0.25], [0.75, 0.75, 0.25], [0.75, 0.25, 0.75], [0.5, 0.0, 0.0], [0.5, 0.5, 0.5], [0.0, 0.0, 0.5], [0.0, 0.5, 0.0]]",A,primitive->conventional (x sqrt2),Starrydata (experimental),10.1007/s11664-009-1032-8,https://doi.org/10.1007/s11664-009-1032-8,Starrydata all_curves.csv (release 'latest'),PhononDB (Togo/NIMS MDR),https://mdr.nims.go.jp/datasets/a0b4db6a-be3a-480a-8ec3-fa64481cc7df,"LTC-calc.log unit cell (PBEsol-relaxed), same file as kappa",mp-924129,True,stoichiometric,ZrNiSn,D1,removed,derived (WF / total-minus-kappa_e) copy of a sample whose published kappa_L curve is in the corpus,data/Target_Materials/HEUSLER_KAPPA_TRAINING_SET.csv,,1279.0,,,
ZrNiSn,5.8356933473552495,W/m/K,386.4865,"experimental, kappa_total - MEASURED kappa_e (no Lorenz assumption)",0,experimental,1.0,total_minus_measured_ke,6.066303,216.0,F-43m,half-Heusler (C1b / MgAgAs),,"[""Zr"", ""Zr"", ""Zr"", ""Zr"", ""Ni"", ""Ni"", ""Ni"", ""Ni"", ""Sn"", ""Sn"", ""Sn"", ""Sn""]","[[0.0, 0.0, 0.0], [0.0, 0.5, 0.5], [0.5, 0.0, 0.5], [0.5, 0.5, 0.0], [0.25, 0.75, 0.75], [0.25, 0.25, 0.25], [0.75, 0.75, 0.25], [0.75, 0.25, 0.75], [0.5, 0.0, 0.0], [0.5, 0.5, 0.5], [0.0, 0.0, 0.5], [0.0, 0.5, 0.0]]",A,primitive->conventional (x sqrt2),Starrydata (experimental),10.1021/acsaem.9b01740,https://doi.org/10.1021/acsaem.9b01740,Starrydata all_curves.csv (release 'latest'),PhononDB (Togo/NIMS MDR),https://mdr.nims.go.jp/datasets/a0b4db6a-be3a-480a-8ec3-fa64481cc7df,"LTC-calc.log unit cell (PBEsol-relaxed), same file as kappa",mp-924129,True,stoichiometric,ZrNiSn,D1,removed,derived (WF / total-minus-kappa_e) copy of a sample whose published kappa_L curve is in the corpus,data/Target_Materials/HEUSLER_KAPPA_TRAINING_SET.csv,,34936.0,,,
ZrNiSn,5.265615610655795,W/m/K,421.9944,"experimental, Wiedemann-Franz: kappa_total - L*T/rho (Kim2015 L(S=228uV/K))",0,experimental,1.0,wf_subtracted,6.066303,216.0,F-43m,half-Heusler (C1b / MgAgAs),,"[""Zr"", ""Zr"", ""Zr"", ""Zr"", ""Ni"", ""Ni"", ""Ni"", ""Ni"", ""Sn"", ""Sn"", ""Sn"", ""Sn""]","[[0.0, 0.0, 0.0], [0.0, 0.5, 0.5], [0.5, 0.0, 0.5], [0.5, 0.5, 0.0], [0.25, 0.75, 0.75], [0.25, 0.25, 0.25], [0.75, 0.75, 0.25], [0.75, 0.25, 0.75], [0.5, 0.0, 0.0], [0.5, 0.5, 0.5], [0.0, 0.0, 0.5], [0.0, 0.5, 0.0]]",A,primitive->conventional (x sqrt2),Starrydata (experimental),10.1016/j.nanoen.2020.105372,https://doi.org/10.1016/j.nanoen.2020.105372,Starrydata all_curves.csv (release 'latest'),PhononDB (Togo/NIMS MDR),https://mdr.nims.go.jp/datasets/a0b4db6a-be3a-480a-8ec3-fa64481cc7df,"LTC-calc.log unit cell (PBEsol-relaxed), same file as kappa",mp-924129,True,stoichiometric,ZrNiSn,D1,removed,derived (WF / total-minus-kappa_e) copy of a sample whose published kappa_L curve is in the corpus,data/Target_Materials/HEUSLER_KAPPA_TRAINING_SET.csv,,36364.0,,,
ZrNiSn,5.106297359927573,W/m/K,422.8956,"experimental, Wiedemann-Franz: kappa_total - L*T/rho (Kim2015 L(S=235uV/K))",0,experimental,1.0,wf_subtracted,6.066303,216.0,F-43m,half-Heusler (C1b / MgAgAs),,"[""Zr"", ""Zr"", ""Zr"", ""Zr"", ""Ni"", ""Ni"", ""Ni"", ""Ni"", ""Sn"", ""Sn"", ""Sn"", ""Sn""]","[[0.0, 0.0, 0.0], [0.0, 0.5, 0.5], [0.5, 0.0, 0.5], [0.5, 0.5, 0.0], [0.25, 0.75, 0.75], [0.25, 0.25, 0.25], [0.75, 0.75, 0.25], [0.75, 0.25, 0.75], [0.5, 0.0, 0.0], [0.5, 0.5, 0.5], [0.0, 0.0, 0.5], [0.0, 0.5, 0.0]]",A,primitive->conventional (x sqrt2),Starrydata (experimental),10.1016/j.nanoen.2020.105372,https://doi.org/10.1016/j.nanoen.2020.105372,Starrydata all_curves.csv (release 'latest'),PhononDB (Togo/NIMS MDR),https://mdr.nims.go.jp/datasets/a0b4db6a-be3a-480a-8ec3-fa64481cc7df,"LTC-calc.log unit cell (PBEsol-relaxed), same file as kappa",mp-924129,True,stoichiometric,ZrNiSn,D1,removed,derived (WF / total-minus-kappa_e) copy of a sample whose published kappa_L curve is in the corpus,data/Target_Materials/HEUSLER_KAPPA_TRAINING_SET.csv,,36363.0,,,
ZrNiSn,5.315832313361027,W/m/K,422.8956,"experimental, Wiedemann-Franz: kappa_total - L*T/rho (Kim2015 L(S=226uV/K))",0,experimental,1.0,wf_subtracted,6.066303,216.0,F-43m,half-Heusler (C1b / MgAgAs),,"[""Zr"", ""Zr"", ""Zr"", ""Zr"", ""Ni"", ""Ni"", ""Ni"", ""Ni"", ""Sn"", ""Sn"", ""Sn"", ""Sn""]","[[0.0, 0.0, 0.0], [0.0, 0.5, 0.5], [0.5, 0.0, 0.5], [0.5, 0.5, 0.0], [0.25, 0.75, 0.75], [0.25, 0.25, 0.25], [0.75, 0.75, 0.25], [0.75, 0.25, 0.75], [0.5, 0.0, 0.0], [0.5, 0.5, 0.5], [0.0, 0.0, 0.5], [0.0, 0.5, 0.0]]",A,primitive->conventional (x sqrt2),Starrydata (experimental),10.1016/j.nanoen.2020.105372,https://doi.org/10.1016/j.nanoen.2020.105372,Starrydata all_curves.csv (release 'latest'),PhononDB (Togo/NIMS MDR),https://mdr.nims.go.jp/datasets/a0b4db6a-be3a-480a-8ec3-fa64481cc7df,"LTC-calc.log unit cell (PBEsol-relaxed), same file as kappa",mp-924129,True,stoichiometric,ZrNiSn,D1,removed,derived (WF / total-minus-kappa_e) copy of a sample whose published kappa_L curve is in the corpus,data/Target_Materials/HEUSLER_KAPPA_TRAINING_SET.csv,,36365.0,,,
ZrNiSn,5.4053818018507656,W/m/K,423.5181,"experimental, Wiedemann-Franz: kappa_total - L*T/rho (Kim2015 L(S=147uV/K))",0,experimental,1.0,wf_subtracted,6.066303,216.0,F-43m,half-Heusler (C1b / MgAgAs),,"[""Zr"", ""Zr"", ""Zr"", ""Zr"", ""Ni"", ""Ni"", ""Ni"", ""Ni"", ""Sn"", ""Sn"", ""Sn"", ""Sn""]","[[0.0, 0.0, 0.0], [0.0, 0.5, 0.5], [0.5, 0.0, 0.5], [0.5, 0.5, 0.0], [0.25, 0.75, 0.75], [0.25, 0.25, 0.25], [0.75, 0.75, 0.25], [0.75, 0.25, 0.75], [0.5, 0.0, 0.0], [0.5, 0.5, 0.5], [0.0, 0.0, 0.5], [0.0, 0.5, 0.0]]",A,primitive->conventional (x sqrt2),Starrydata (experimental),10.1007/s40195-025-01853-x,https://doi.org/10.1007/s40195-025-01853-x,Starrydata all_curves.csv (release 'latest'),PhononDB (Togo/NIMS MDR),https://mdr.nims.go.jp/datasets/a0b4db6a-be3a-480a-8ec3-fa64481cc7df,"LTC-calc.log unit cell (PBEsol-relaxed), same file as kappa",mp-924129,True,stoichiometric,ZrNiSn,D1,removed,derived (WF / total-minus-kappa_e) copy of a sample whose published kappa_L curve is in the corpus,data/Target_Materials/HEUSLER_KAPPA_TRAINING_SET.csv,,93235.0,,,
ZrNiSn,5.660942872510246,W/m/K,439.3393,"experimental, kappa_total - MEASURED kappa_e (no Lorenz assumption)",0,experimental,1.0,total_minus_measured_ke,6.066303,216.0,F-43m,half-Heusler (C1b / MgAgAs),,"[""Zr"", ""Zr"", ""Zr"", ""Zr"", ""Ni"", ""Ni"", ""Ni"", ""Ni"", ""Sn"", ""Sn"", ""Sn"", ""Sn""]","[[0.0, 0.0, 0.0], [0.0, 0.5, 0.5], [0.5, 0.0, 0.5], [0.5, 0.5, 0.0], [0.25, 0.75, 0.75], [0.25, 0.25, 0.25], [0.75, 0.75, 0.25], [0.75, 0.25, 0.75], [0.5, 0.0, 0.0], [0.5, 0.5, 0.5], [0.0, 0.0, 0.5], [0.0, 0.5, 0.0]]",A,primitive->conventional (x sqrt2),Starrydata (experimental),10.1021/acsaem.9b01740,https://doi.org/10.1021/acsaem.9b01740,Starrydata all_curves.csv (release 'latest'),PhononDB (Togo/NIMS MDR),https://mdr.nims.go.jp/datasets/a0b4db6a-be3a-480a-8ec3-fa64481cc7df,"LTC-calc.log unit cell (PBEsol-relaxed), same file as kappa",mp-924129,True,stoichiometric,ZrNiSn,D1,removed,derived (WF / total-minus-kappa_e) copy of a sample whose published kappa_L curve is in the corpus,data/Target_Materials/HEUSLER_KAPPA_TRAINING_SET.csv,,34936.0,,,
ZrNiSn,5.047099873923242,W/m/K,472.0801,"experimental, Wiedemann-Franz: kappa_total - L*T/rho (Kim2015 L(S=233uV/K))",0,experimental,1.0,wf_subtracted,6.066303,216.0,F-43m,half-Heusler (C1b / MgAgAs),,"[""Zr"", ""Zr"", ""Zr"", ""Zr"", ""Ni"", ""Ni"", ""Ni"", ""Ni"", ""Sn"", ""Sn"", ""Sn"", ""Sn""]","[[0.0, 0.0, 0.0], [0.0, 0.5, 0.5], [0.5, 0.0, 0.5], [0.5, 0.5, 0.0], [0.25, 0.75, 0.75], [0.25, 0.25, 0.25], [0.75, 0.75, 0.25], [0.75, 0.25, 0.75], [0.5, 0.0, 0.0], [0.5, 0.5, 0.5], [0.0, 0.0, 0.5], [0.0, 0.5, 0.0]]",A,primitive->conventional (x sqrt2),Starrydata (experimental),10.1016/j.nanoen.2020.105372,https://doi.org/10.1016/j.nanoen.2020.105372,Starrydata all_curves.csv (release 'latest'),PhononDB (Togo/NIMS MDR),https://mdr.nims.go.jp/datasets/a0b4db6a-be3a-480a-8ec3-fa64481cc7df,"LTC-calc.log unit cell (PBEsol-relaxed), same file as kappa",mp-924129,True,stoichiometric,ZrNiSn,D1,removed,derived (WF / total-minus-kappa_e) copy of a sample whose published kappa_L curve is in the corpus,data/Target_Materials/HEUSLER_KAPPA_TRAINING_SET.csv,,36364.0,,,
ZrNiSn,5.151870996435568,W/m/K,472.3323,"experimental, Wiedemann-Franz: kappa_total - L*T/rho (Kim2015 L(S=154uV/K))",0,experimental,1.0,wf_subtracted,6.066303,216.0,F-43m,half-Heusler (C1b / MgAgAs),,"[""Zr"", ""Zr"", ""Zr"", ""Zr"", ""Ni"", ""Ni"", ""Ni"", ""Ni"", ""Sn"", ""Sn"", ""Sn"", ""Sn""]","[[0.0, 0.0, 0.0], [0.0, 0.5, 0.5], [0.5, 0.0, 0.5], [0.5, 0.5, 0.0], [0.25, 0.75, 0.75], [0.25, 0.25, 0.25], [0.75, 0.75, 0.25], [0.75, 0.25, 0.75], [0.5, 0.0, 0.0], [0.5, 0.5, 0.5], [0.0, 0.0, 0.5], [0.0, 0.5, 0.0]]",A,primitive->conventional (x sqrt2),Starrydata (experimental),10.1007/s40195-025-01853-x,https://doi.org/10.1007/s40195-025-01853-x,Starrydata all_curves.csv (release 'latest'),PhononDB (Togo/NIMS MDR),https://mdr.nims.go.jp/datasets/a0b4db6a-be3a-480a-8ec3-fa64481cc7df,"LTC-calc.log unit cell (PBEsol-relaxed), same file as kappa",mp-924129,True,stoichiometric,ZrNiSn,D1,removed,derived (WF / total-minus-kappa_e) copy of a sample whose published kappa_L curve is in the corpus,data/Target_Materials/HEUSLER_KAPPA_TRAINING_SET.csv,,93235.0,,,
ZrNiSn,4.817498934352786,W/m/K,473.2652,"experimental, Wiedemann-Franz: kappa_total - L*T/rho (Kim2015 L(S=238uV/K))",0,experimental,1.0,wf_subtracted,6.066303,216.0,F-43m,half-Heusler (C1b / MgAgAs),,"[""Zr"", ""Zr"", ""Zr"", ""Zr"", ""Ni"", ""Ni"", ""Ni"", ""Ni"", ""Sn"", ""Sn"", ""Sn"", ""Sn""]","[[0.0, 0.0, 0.0], [0.0, 0.5, 0.5], [0.5, 0.0, 0.5], [0.5, 0.5, 0.0], [0.25, 0.75, 0.75], [0.25, 0.25, 0.25], [0.75, 0.75, 0.25], [0.75, 0.25, 0.75], [0.5, 0.0, 0.0], [0.5, 0.5, 0.5], [0.0, 0.0, 0.5], [0.0, 0.5, 0.0]]",A,primitive->conventional (x sqrt2),Starrydata (experimental),10.1016/j.nanoen.2020.105372,https://doi.org/10.1016/j.nanoen.2020.105372,Starrydata all_curves.csv (release 'latest'),PhononDB (Togo/NIMS MDR),https://mdr.nims.go.jp/datasets/a0b4db6a-be3a-480a-8ec3-fa64481cc7df,"LTC-calc.log unit cell (PBEsol-relaxed), same file as kappa",mp-924129,True,stoichiometric,ZrNiSn,D1,removed,derived (WF / total-minus-kappa_e) copy of a sample whose published kappa_L curve is in the corpus,data/Target_Materials/HEUSLER_KAPPA_TRAINING_SET.csv,,36363.0,,,
ZrNiSn,5.070248202760646,W/m/K,473.2652,"experimental, Wiedemann-Franz: kappa_total - L*T/rho (Kim2015 L(S=232uV/K))",0,experimental,1.0,wf_subtracted,6.066303,216.0,F-43m,half-Heusler (C1b / MgAgAs),,"[""Zr"", ""Zr"", ""Zr"", ""Zr"", ""Ni"", ""Ni"", ""Ni"", ""Ni"", ""Sn"", ""Sn"", ""Sn"", ""Sn""]","[[0.0, 0.0, 0.0], [0.0, 0.5, 0.5], [0.5, 0.0, 0.5], [0.5, 0.5, 0.0], [0.25, 0.75, 0.75], [0.25, 0.25, 0.25], [0.75, 0.75, 0.25], [0.75, 0.25, 0.75], [0.5, 0.0, 0.0], [0.5, 0.5, 0.5], [0.0, 0.0, 0.5], [0.0, 0.5, 0.0]]",A,primitive->conventional (x sqrt2),Starrydata (experimental),10.1016/j.nanoen.2020.105372,https://doi.org/10.1016/j.nanoen.2020.105372,Starrydata all_curves.csv (release 'latest'),PhononDB (Togo/NIMS MDR),https://mdr.nims.go.jp/datasets/a0b4db6a-be3a-480a-8ec3-fa64481cc7df,"LTC-calc.log unit cell (PBEsol-relaxed), same file as kappa",mp-924129,True,stoichiometric,ZrNiSn,D1,removed,derived (WF / total-minus-kappa_e) copy of a sample whose published kappa_L curve is in the corpus,data/Target_Materials/HEUSLER_KAPPA_TRAINING_SET.csv,,36365.0,,,
ZrNiSn,4.106165548064715,W/m/K,474.0906,"experimental, Wiedemann-Franz: kappa_total - L*T/rho (Kim2015 L(S=183uV/K))",0,experimental,1.0,wf_subtracted,6.066303,216.0,F-43m,half-Heusler (C1b / MgAgAs),,"[""Zr"", ""Zr"", ""Zr"", ""Zr"", ""Ni"", ""Ni"", ""Ni"", ""Ni"", ""Sn"", ""Sn"", ""Sn"", ""Sn""]","[[0.0, 0.0, 0.0], [0.0, 0.5, 0.5], [0.5, 0.0, 0.5], [0.5, 0.5, 0.0], [0.25, 0.75, 0.75], [0.25, 0.25, 0.25], [0.75, 0.75, 0.25], [0.75, 0.25, 0.75], [0.5, 0.0, 0.0], [0.5, 0.5, 0.5], [0.0, 0.0, 0.5], [0.0, 0.5, 0.0]]",A,primitive->conventional (x sqrt2),Starrydata (experimental),10.1007/s11664-009-1032-8,https://doi.org/10.1007/s11664-009-1032-8,Starrydata all_curves.csv (release 'latest'),PhononDB (Togo/NIMS MDR),https://mdr.nims.go.jp/datasets/a0b4db6a-be3a-480a-8ec3-fa64481cc7df,"LTC-calc.log unit cell (PBEsol-relaxed), same file as kappa",mp-924129,True,stoichiometric,ZrNiSn,D1,removed,derived (WF / total-minus-kappa_e) copy of a sample whose published kappa_L curve is in the corpus,data/Target_Materials/HEUSLER_KAPPA_TRAINING_SET.csv,,1283.0,,,
ZrNiSn,4.615069517920266,W/m/K,478.1097,"experimental, Wiedemann-Franz: kappa_total - L*T/rho (Kim2015 L(S=252uV/K))",0,experimental,1.0,wf_subtracted,6.066303,216.0,F-43m,half-Heusler (C1b / MgAgAs),,"[""Zr"", ""Zr"", ""Zr"", ""Zr"", ""Ni"", ""Ni"", ""Ni"", ""Ni"", ""Sn"", ""Sn"", ""Sn"", ""Sn""]","[[0.0, 0.0, 0.0], [0.0, 0.5, 0.5], [0.5, 0.0, 0.5], [0.5, 0.5, 0.0], [0.25, 0.75, 0.75], [0.25, 0.25, 0.25], [0.75, 0.75, 0.25], [0.75, 0.25, 0.75], [0.5, 0.0, 0.0], [0.5, 0.5, 0.5], [0.0, 0.0, 0.5], [0.0, 0.5, 0.0]]",A,primitive->conventional (x sqrt2),Starrydata (experimental),10.1007/s11664-009-1032-8,https://doi.org/10.1007/s11664-009-1032-8,Starrydata all_curves.csv (release 'latest'),PhononDB (Togo/NIMS MDR),https://mdr.nims.go.jp/datasets/a0b4db6a-be3a-480a-8ec3-fa64481cc7df,"LTC-calc.log unit cell (PBEsol-relaxed), same file as kappa",mp-924129,True,stoichiometric,ZrNiSn,D1,removed,derived (WF / total-minus-kappa_e) copy of a sample whose published kappa_L curve is in the corpus,data/Target_Materials/HEUSLER_KAPPA_TRAINING_SET.csv,,1279.0,,,
ZrNiSn,5.349374710693789,W/m/K,493.3934,"experimental, kappa_total - MEASURED kappa_e (no Lorenz assumption)",0,experimental,1.0,total_minus_measured_ke,6.066303,216.0,F-43m,half-Heusler (C1b / MgAgAs),,"[""Zr"", ""Zr"", ""Zr"", ""Zr"", ""Ni"", ""Ni"", ""Ni"", ""Ni"", ""Sn"", ""Sn"", ""Sn"", ""Sn""]","[[0.0, 0.0, 0.0], [0.0, 0.5, 0.5], [0.5, 0.0, 0.5], [0.5, 0.5, 0.0], [0.25, 0.75, 0.75], [0.25, 0.25, 0.25], [0.75, 0.75, 0.25], [0.75, 0.25, 0.75], [0.5, 0.0, 0.0], [0.5, 0.5, 0.5], [0.0, 0.0, 0.5], [0.0, 0.5, 0.0]]",A,primitive->conventional (x sqrt2),Starrydata (experimental),10.1021/acsaem.9b01740,https://doi.org/10.1021/acsaem.9b01740,Starrydata all_curves.csv (release 'latest'),PhononDB (Togo/NIMS MDR),https://mdr.nims.go.jp/datasets/a0b4db6a-be3a-480a-8ec3-fa64481cc7df,"LTC-calc.log unit cell (PBEsol-relaxed), same file as kappa",mp-924129,True,stoichiometric,ZrNiSn,D1,removed,derived (WF / total-minus-kappa_e) copy of a sample whose published kappa_L curve is in the corpus,data/Target_Materials/HEUSLER_KAPPA_TRAINING_SET.csv,,34936.0,,,
ZrNiSn,4.556465987580937,W/m/K,523.0423,"experimental, Wiedemann-Franz: kappa_total - L*T/rho (Kim2015 L(S=240uV/K))",0,experimental,1.0,wf_subtracted,6.066303,216.0,F-43m,half-Heusler (C1b / MgAgAs),,"[""Zr"", ""Zr"", ""Zr"", ""Zr"", ""Ni"", ""Ni"", ""Ni"", ""Ni"", ""Sn"", ""Sn"", ""Sn"", ""Sn""]","[[0.0, 0.0, 0.0], [0.0, 0.5, 0.5], [0.5, 0.0, 0.5], [0.5, 0.5, 0.0], [0.25, 0.75, 0.75], [0.25, 0.25, 0.25], [0.75, 0.75, 0.25], [0.75, 0.25, 0.75], [0.5, 0.0, 0.0], [0.5, 0.5, 0.5], [0.0, 0.0, 0.5], [0.0, 0.5, 0.0]]",A,primitive->conventional (x sqrt2),Starrydata (experimental),10.1016/j.nanoen.2020.105372,https://doi.org/10.1016/j.nanoen.2020.105372,Starrydata all_curves.csv (release 'latest'),PhononDB (Togo/NIMS MDR),https://mdr.nims.go.jp/datasets/a0b4db6a-be3a-480a-8ec3-fa64481cc7df,"LTC-calc.log unit cell (PBEsol-relaxed), same file as kappa",mp-924129,True,stoichiometric,ZrNiSn,D1,removed,derived (WF / total-minus-kappa_e) copy of a sample whose published kappa_L curve is in the corpus,data/Target_Materials/HEUSLER_KAPPA_TRAINING_SET.csv,,36363.0,,,
ZrNiSn,4.84650592568894,W/m/K,523.0423,"experimental, Wiedemann-Franz: kappa_total - L*T/rho (Kim2015 L(S=238uV/K))",0,experimental,1.0,wf_subtracted,6.066303,216.0,F-43m,half-Heusler (C1b / MgAgAs),,"[""Zr"", ""Zr"", ""Zr"", ""Zr"", ""Ni"", ""Ni"", ""Ni"", ""Ni"", ""Sn"", ""Sn"", ""Sn"", ""Sn""]","[[0.0, 0.0, 0.0], [0.0, 0.5, 0.5], [0.5, 0.0, 0.5], [0.5, 0.5, 0.0], [0.25, 0.75, 0.75], [0.25, 0.25, 0.25], [0.75, 0.75, 0.25], [0.75, 0.25, 0.75], [0.5, 0.0, 0.0], [0.5, 0.5, 0.5], [0.0, 0.0, 0.5], [0.0, 0.5, 0.0]]",A,primitive->conventional (x sqrt2),Starrydata (experimental),10.1016/j.nanoen.2020.105372,https://doi.org/10.1016/j.nanoen.2020.105372,Starrydata all_curves.csv (release 'latest'),PhononDB (Togo/NIMS MDR),https://mdr.nims.go.jp/datasets/a0b4db6a-be3a-480a-8ec3-fa64481cc7df,"LTC-calc.log unit cell (PBEsol-relaxed), same file as kappa",mp-924129,True,stoichiometric,ZrNiSn,D1,removed,derived (WF / total-minus-kappa_e) copy of a sample whose published kappa_L curve is in the corpus,data/Target_Materials/HEUSLER_KAPPA_TRAINING_SET.csv,,36364.0,,,
ZrNiSn,4.873882213041842,W/m/K,523.0423,"experimental, Wiedemann-Franz: kappa_total - L*T/rho (Kim2015 L(S=234uV/K))",0,experimental,1.0,wf_subtracted,6.066303,216.0,F-43m,half-Heusler (C1b / MgAgAs),,"[""Zr"", ""Zr"", ""Zr"", ""Zr"", ""Ni"", ""Ni"", ""Ni"", ""Ni"", ""Sn"", ""Sn"", ""Sn"", ""Sn""]","[[0.0, 0.0, 0.0], [0.0, 0.5, 0.5], [0.5, 0.0, 0.5], [0.5, 0.5, 0.0], [0.25, 0.75, 0.75], [0.25, 0.25, 0.25], [0.75, 0.75, 0.25], [0.75, 0.25, 0.75], [0.5, 0.0, 0.0], [0.5, 0.5, 0.5], [0.0, 0.0, 0.5], [0.0, 0.5, 0.0]]",A,primitive->conventional (x sqrt2),Starrydata (experimental),10.1016/j.nanoen.2020.105372,https://doi.org/10.1016/j.nanoen.2020.105372,Starrydata all_curves.csv (release 'latest'),PhononDB (Togo/NIMS MDR),https://mdr.nims.go.jp/datasets/a0b4db6a-be3a-480a-8ec3-fa64481cc7df,"LTC-calc.log unit cell (PBEsol-relaxed), same file as kappa",mp-924129,True,stoichiometric,ZrNiSn,D1,removed,derived (WF / total-minus-kappa_e) copy of a sample whose published kappa_L curve is in the corpus,data/Target_Materials/HEUSLER_KAPPA_TRAINING_SET.csv,,36365.0,,,
ZrNiSn,4.907404902561243,W/m/K,525.0529,"experimental, Wiedemann-Franz: kappa_total - L*T/rho (Kim2015 L(S=161uV/K))",0,experimental,1.0,wf_subtracted,6.066303,216.0,F-43m,half-Heusler (C1b / MgAgAs),,"[""Zr"", ""Zr"", ""Zr"", ""Zr"", ""Ni"", ""Ni"", ""Ni"", ""Ni"", ""Sn"", ""Sn"", ""Sn"", ""Sn""]","[[0.0, 0.0, 0.0], [0.0, 0.5, 0.5], [0.5, 0.0, 0.5], [0.5, 0.5, 0.0], [0.25, 0.75, 0.75], [0.25, 0.25, 0.25], [0.75, 0.75, 0.25], [0.75, 0.25, 0.75], [0.5, 0.0, 0.0], [0.5, 0.5, 0.5], [0.0, 0.0, 0.5], [0.0, 0.5, 0.0]]",A,primitive->conventional (x sqrt2),Starrydata (experimental),10.1007/s40195-025-01853-x,https://doi.org/10.1007/s40195-025-01853-x,Starrydata all_curves.csv (release 'latest'),PhononDB (Togo/NIMS MDR),https://mdr.nims.go.jp/datasets/a0b4db6a-be3a-480a-8ec3-fa64481cc7df,"LTC-calc.log unit cell (PBEsol-relaxed), same file as kappa",mp-924129,True,stoichiometric,ZrNiSn,D1,removed,derived (WF / total-minus-kappa_e) copy of a sample whose published kappa_L curve is in the corpus,data/Target_Materials/HEUSLER_KAPPA_TRAINING_SET.csv,,93235.0,,,
ZrNiSn,4.823320147940543,W/m/K,542.6426,"experimental, kappa_total - MEASURED kappa_e (no Lorenz assumption)",0,experimental,1.0,total_minus_measured_ke,6.066303,216.0,F-43m,half-Heusler (C1b / MgAgAs),,"[""Zr"", ""Zr"", ""Zr"", ""Zr"", ""Ni"", ""Ni"", ""Ni"", ""Ni"", ""Sn"", ""Sn"", ""Sn"", ""Sn""]","[[0.0, 0.0, 0.0], [0.0, 0.5, 0.5], [0.5, 0.0, 0.5], [0.5, 0.5, 0.0], [0.25, 0.75, 0.75], [0.25, 0.25, 0.25], [0.75, 0.75, 0.25], [0.75, 0.25, 0.75], [0.5, 0.0, 0.0], [0.5, 0.5, 0.5], [0.0, 0.0, 0.5], [0.0, 0.5, 0.0]]",A,primitive->conventional (x sqrt2),Starrydata (experimental),10.1021/acsaem.9b01740,https://doi.org/10.1021/acsaem.9b01740,Starrydata all_curves.csv (release 'latest'),PhononDB (Togo/NIMS MDR),https://mdr.nims.go.jp/datasets/a0b4db6a-be3a-480a-8ec3-fa64481cc7df,"LTC-calc.log unit cell (PBEsol-relaxed), same file as kappa",mp-924129,True,stoichiometric,ZrNiSn,D1,removed,derived (WF / total-minus-kappa_e) copy of a sample whose published kappa_L curve is in the corpus,data/Target_Materials/HEUSLER_KAPPA_TRAINING_SET.csv,,34936.0,,,
ZrNiSn,4.370172351773499,W/m/K,572.8194,"experimental, Wiedemann-Franz: kappa_total - L*T/rho (Kim2015 L(S=241uV/K))",0,experimental,1.0,wf_subtracted,6.066303,216.0,F-43m,half-Heusler (C1b / MgAgAs),,"[""Zr"", ""Zr"", ""Zr"", ""Zr"", ""Ni"", ""Ni"", ""Ni"", ""Ni"", ""Sn"", ""Sn"", ""Sn"", ""Sn""]","[[0.0, 0.0, 0.0], [0.0, 0.5, 0.5], [0.5, 0.0, 0.5], [0.5, 0.5, 0.0], [0.25, 0.75, 0.75], [0.25, 0.25, 0.25], [0.75, 0.75, 0.25], [0.75, 0.25, 0.75], [0.5, 0.0, 0.0], [0.5, 0.5, 0.5], [0.0, 0.0, 0.5], [0.0, 0.5, 0.0]]",A,primitive->conventional (x sqrt2),Starrydata (experimental),10.1016/j.nanoen.2020.105372,https://doi.org/10.1016/j.nanoen.2020.105372,Starrydata all_curves.csv (release 'latest'),PhononDB (Togo/NIMS MDR),https://mdr.nims.go.jp/datasets/a0b4db6a-be3a-480a-8ec3-fa64481cc7df,"LTC-calc.log unit cell (PBEsol-relaxed), same file as kappa",mp-924129,True,stoichiometric,ZrNiSn,D1,removed,derived (WF / total-minus-kappa_e) copy of a sample whose published kappa_L curve is in the corpus,data/Target_Materials/HEUSLER_KAPPA_TRAINING_SET.csv,,36363.0,,,
ZrNiSn,4.610478190158791,W/m/K,572.8194,"experimental, Wiedemann-Franz: kappa_total - L*T/rho (Kim2015 L(S=239uV/K))",0,experimental,1.0,wf_subtracted,6.066303,216.0,F-43m,half-Heusler (C1b / MgAgAs),,"[""Zr"", ""Zr"", ""Zr"", ""Zr"", ""Ni"", ""Ni"", ""Ni"", ""Ni"", ""Sn"", ""Sn"", ""Sn"", ""Sn""]","[[0.0, 0.0, 0.0], [0.0, 0.5, 0.5], [0.5, 0.0, 0.5], [0.5, 0.5, 0.0], [0.25, 0.75, 0.75], [0.25, 0.25, 0.25], [0.75, 0.75, 0.25], [0.75, 0.25, 0.75], [0.5, 0.0, 0.0], [0.5, 0.5, 0.5], [0.0, 0.0, 0.5], [0.0, 0.5, 0.0]]",A,primitive->conventional (x sqrt2),Starrydata (experimental),10.1016/j.nanoen.2020.105372,https://doi.org/10.1016/j.nanoen.2020.105372,Starrydata all_curves.csv (release 'latest'),PhononDB (Togo/NIMS MDR),https://mdr.nims.go.jp/datasets/a0b4db6a-be3a-480a-8ec3-fa64481cc7df,"LTC-calc.log unit cell (PBEsol-relaxed), same file as kappa",mp-924129,True,stoichiometric,ZrNiSn,D1,removed,derived (WF / total-minus-kappa_e) copy of a sample whose published kappa_L curve is in the corpus,data/Target_Materials/HEUSLER_KAPPA_TRAINING_SET.csv,,36364.0,,,
ZrNiSn,4.679759606127564,W/m/K,572.8194,"experimental, Wiedemann-Franz: kappa_total - L*T/rho (Kim2015 L(S=235uV/K))",0,experimental,1.0,wf_subtracted,6.066303,216.0,F-43m,half-Heusler (C1b / MgAgAs),,"[""Zr"", ""Zr"", ""Zr"", ""Zr"", ""Ni"", ""Ni"", ""Ni"", ""Ni"", ""Sn"", ""Sn"", ""Sn"", ""Sn""]","[[0.0, 0.0, 0.0], [0.0, 0.5, 0.5], [0.5, 0.0, 0.5], [0.5, 0.5, 0.0], [0.25, 0.75, 0.75], [0.25, 0.25, 0.25], [0.75, 0.75, 0.25], [0.75, 0.25, 0.75], [0.5, 0.0, 0.0], [0.5, 0.5, 0.5], [0.0, 0.0, 0.5], [0.0, 0.5, 0.0]]",A,primitive->conventional (x sqrt2),Starrydata (experimental),10.1016/j.nanoen.2020.105372,https://doi.org/10.1016/j.nanoen.2020.105372,Starrydata all_curves.csv (release 'latest'),PhononDB (Togo/NIMS MDR),https://mdr.nims.go.jp/datasets/a0b4db6a-be3a-480a-8ec3-fa64481cc7df,"LTC-calc.log unit cell (PBEsol-relaxed), same file as kappa",mp-924129,True,stoichiometric,ZrNiSn,D1,removed,derived (WF / total-minus-kappa_e) copy of a sample whose published kappa_L curve is in the corpus,data/Target_Materials/HEUSLER_KAPPA_TRAINING_SET.csv,,36365.0,,,
ZrNiSn,4.73323820906386,W/m/K,574.7156,"experimental, Wiedemann-Franz: kappa_total - L*T/rho (Kim2015 L(S=168uV/K))",0,experimental,1.0,wf_subtracted,6.066303,216.0,F-43m,half-Heusler (C1b / MgAgAs),,"[""Zr"", ""Zr"", ""Zr"", ""Zr"", ""Ni"", ""Ni"", ""Ni"", ""Ni"", ""Sn"", ""Sn"", ""Sn"", ""Sn""]","[[0.0, 0.0, 0.0], [0.0, 0.5, 0.5], [0.5, 0.0, 0.5], [0.5, 0.5, 0.0], [0.25, 0.75, 0.75], [0.25, 0.25, 0.25], [0.75, 0.75, 0.25], [0.75, 0.25, 0.75], [0.5, 0.0, 0.0], [0.5, 0.5, 0.5], [0.0, 0.0, 0.5], [0.0, 0.5, 0.0]]",A,primitive->conventional (x sqrt2),Starrydata (experimental),10.1007/s40195-025-01853-x,https://doi.org/10.1007/s40195-025-01853-x,Starrydata all_curves.csv (release 'latest'),PhononDB (Togo/NIMS MDR),https://mdr.nims.go.jp/datasets/a0b4db6a-be3a-480a-8ec3-fa64481cc7df,"LTC-calc.log unit cell (PBEsol-relaxed), same file as kappa",mp-924129,True,stoichiometric,ZrNiSn,D1,removed,derived (WF / total-minus-kappa_e) copy of a sample whose published kappa_L curve is in the corpus,data/Target_Materials/HEUSLER_KAPPA_TRAINING_SET.csv,,93235.0,,,
ZrNiSn,4.241480576006487,W/m/K,576.6779,"experimental, Wiedemann-Franz: kappa_total - L*T/rho (Kim2015 L(S=244uV/K))",0,experimental,1.0,wf_subtracted,6.066303,216.0,F-43m,half-Heusler (C1b / MgAgAs),,"[""Zr"", ""Zr"", ""Zr"", ""Zr"", ""Ni"", ""Ni"", ""Ni"", ""Ni"", ""Sn"", ""Sn"", ""Sn"", ""Sn""]","[[0.0, 0.0, 0.0], [0.0, 0.5, 0.5], [0.5, 0.0, 0.5], [0.5, 0.5, 0.0], [0.25, 0.75, 0.75], [0.25, 0.25, 0.25], [0.75, 0.75, 0.25], [0.75, 0.25, 0.75], [0.5, 0.0, 0.0], [0.5, 0.5, 0.5], [0.0, 0.0, 0.5], [0.0, 0.5, 0.0]]",A,primitive->conventional (x sqrt2),Starrydata (experimental),10.1007/s11664-009-1032-8,https://doi.org/10.1007/s11664-009-1032-8,Starrydata all_curves.csv (release 'latest'),PhononDB (Togo/NIMS MDR),https://mdr.nims.go.jp/datasets/a0b4db6a-be3a-480a-8ec3-fa64481cc7df,"LTC-calc.log unit cell (PBEsol-relaxed), same file as kappa",mp-924129,True,stoichiometric,ZrNiSn,D1,removed,derived (WF / total-minus-kappa_e) copy of a sample whose published kappa_L curve is in the corpus,data/Target_Materials/HEUSLER_KAPPA_TRAINING_SET.csv,,1279.0,,,
ZrNiSn,3.661395526405551,W/m/K,586.7001,"experimental, Wiedemann-Franz: kappa_total - L*T/rho (Kim2015 L(S=197uV/K))",0,experimental,1.0,wf_subtracted,6.066303,216.0,F-43m,half-Heusler (C1b / MgAgAs),,"[""Zr"", ""Zr"", ""Zr"", ""Zr"", ""Ni"", ""Ni"", ""Ni"", ""Ni"", ""Sn"", ""Sn"", ""Sn"", ""Sn""]","[[0.0, 0.0, 0.0], [0.0, 0.5, 0.5], [0.5, 0.0, 0.5], [0.5, 0.5, 0.0], [0.25, 0.75, 0.75], [0.25, 0.25, 0.25], [0.75, 0.75, 0.25], [0.75, 0.25, 0.75], [0.5, 0.0, 0.0], [0.5, 0.5, 0.5], [0.0, 0.0, 0.5], [0.0, 0.5, 0.0]]",A,primitive->conventional (x sqrt2),Starrydata (experimental),10.1007/s11664-009-1032-8,https://doi.org/10.1007/s11664-009-1032-8,Starrydata all_curves.csv (release 'latest'),PhononDB (Togo/NIMS MDR),https://mdr.nims.go.jp/datasets/a0b4db6a-be3a-480a-8ec3-fa64481cc7df,"LTC-calc.log unit cell (PBEsol-relaxed), same file as kappa",mp-924129,True,stoichiometric,ZrNiSn,D1,removed,derived (WF / total-minus-kappa_e) copy of a sample whose published kappa_L curve is in the corpus,data/Target_Materials/HEUSLER_KAPPA_TRAINING_SET.csv,,1283.0,,,
ZrNiSn,4.551171484746291,W/m/K,594.2943,"experimental, kappa_total - MEASURED kappa_e (no Lorenz assumption)",0,experimental,1.0,total_minus_measured_ke,6.066303,216.0,F-43m,half-Heusler (C1b / MgAgAs),,"[""Zr"", ""Zr"", ""Zr"", ""Zr"", ""Ni"", ""Ni"", ""Ni"", ""Ni"", ""Sn"", ""Sn"", ""Sn"", ""Sn""]","[[0.0, 0.0, 0.0], [0.0, 0.5, 0.5], [0.5, 0.0, 0.5], [0.5, 0.5, 0.0], [0.25, 0.75, 0.75], [0.25, 0.25, 0.25], [0.75, 0.75, 0.25], [0.75, 0.25, 0.75], [0.5, 0.0, 0.0], [0.5, 0.5, 0.5], [0.0, 0.0, 0.5], [0.0, 0.5, 0.0]]",A,primitive->conventional (x sqrt2),Starrydata (experimental),10.1021/acsaem.9b01740,https://doi.org/10.1021/acsaem.9b01740,Starrydata all_curves.csv (release 'latest'),PhononDB (Togo/NIMS MDR),https://mdr.nims.go.jp/datasets/a0b4db6a-be3a-480a-8ec3-fa64481cc7df,"LTC-calc.log unit cell (PBEsol-relaxed), same file as kappa",mp-924129,True,stoichiometric,ZrNiSn,D1,removed,derived (WF / total-minus-kappa_e) copy of a sample whose published kappa_L curve is in the corpus,data/Target_Materials/HEUSLER_KAPPA_TRAINING_SET.csv,,34936.0,,,
ZrNiSn,4.560438122233935,W/m/K,621.2707,"experimental, Wiedemann-Franz: kappa_total - L*T/rho (Kim2015 L(S=172uV/K))",0,experimental,1.0,wf_subtracted,6.066303,216.0,F-43m,half-Heusler (C1b / MgAgAs),,"[""Zr"", ""Zr"", ""Zr"", ""Zr"", ""Ni"", ""Ni"", ""Ni"", ""Ni"", ""Sn"", ""Sn"", ""Sn"", ""Sn""]","[[0.0, 0.0, 0.0], [0.0, 0.5, 0.5], [0.5, 0.0, 0.5], [0.5, 0.5, 0.0], [0.25, 0.75, 0.75], [0.25, 0.25, 0.25], [0.75, 0.75, 0.25], [0.75, 0.25, 0.75], [0.5, 0.0, 0.0], [0.5, 0.5, 0.5], [0.0, 0.0, 0.5], [0.0, 0.5, 0.0]]",A,primitive->conventional (x sqrt2),Starrydata (experimental),10.1007/s40195-025-01853-x,https://doi.org/10.1007/s40195-025-01853-x,Starrydata all_curves.csv (release 'latest'),PhononDB (Togo/NIMS MDR),https://mdr.nims.go.jp/datasets/a0b4db6a-be3a-480a-8ec3-fa64481cc7df,"LTC-calc.log unit cell (PBEsol-relaxed), same file as kappa",mp-924129,True,stoichiometric,ZrNiSn,D1,removed,derived (WF / total-minus-kappa_e) copy of a sample whose published kappa_L curve is in the corpus,data/Target_Materials/HEUSLER_KAPPA_TRAINING_SET.csv,,93235.0,,,
ZrNiSn,4.1909185232543065,W/m/K,622.5964,"experimental, Wiedemann-Franz: kappa_total - L*T/rho (Kim2015 L(S=241uV/K))",0,experimental,1.0,wf_subtracted,6.066303,216.0,F-43m,half-Heusler (C1b / MgAgAs),,"[""Zr"", ""Zr"", ""Zr"", ""Zr"", ""Ni"", ""Ni"", ""Ni"", ""Ni"", ""Sn"", ""Sn"", ""Sn"", ""Sn""]","[[0.0, 0.0, 0.0], [0.0, 0.5, 0.5], [0.5, 0.0, 0.5], [0.5, 0.5, 0.0], [0.25, 0.75, 0.75], [0.25, 0.25, 0.25], [0.75, 0.75, 0.25], [0.75, 0.25, 0.75], [0.5, 0.0, 0.0], [0.5, 0.5, 0.5], [0.0, 0.0, 0.5], [0.0, 0.5, 0.0]]",A,primitive->conventional (x sqrt2),Starrydata (experimental),10.1016/j.nanoen.2020.105372,https://doi.org/10.1016/j.nanoen.2020.105372,Starrydata all_curves.csv (release 'latest'),PhononDB (Togo/NIMS MDR),https://mdr.nims.go.jp/datasets/a0b4db6a-be3a-480a-8ec3-fa64481cc7df,"LTC-calc.log unit cell (PBEsol-relaxed), same file as kappa",mp-924129,True,stoichiometric,ZrNiSn,D1,removed,derived (WF / total-minus-kappa_e) copy of a sample whose published kappa_L curve is in the corpus,data/Target_Materials/HEUSLER_KAPPA_TRAINING_SET.csv,,36363.0,,,
ZrNiSn,4.563748852216405,W/m/K,622.5964,"experimental, Wiedemann-Franz: kappa_total - L*T/rho (Kim2015 L(S=236uV/K))",0,experimental,1.0,wf_subtracted,6.066303,216.0,F-43m,half-Heusler (C1b / MgAgAs),,"[""Zr"", ""Zr"", ""Zr"", ""Zr"", ""Ni"", ""Ni"", ""Ni"", ""Ni"", ""Sn"", ""Sn"", ""Sn"", ""Sn""]","[[0.0, 0.0, 0.0], [0.0, 0.5, 0.5], [0.5, 0.0, 0.5], [0.5, 0.5, 0.0], [0.25, 0.75, 0.75], [0.25, 0.25, 0.25], [0.75, 0.75, 0.25], [0.75, 0.25, 0.75], [0.5, 0.0, 0.0], [0.5, 0.5, 0.5], [0.0, 0.0, 0.5], [0.0, 0.5, 0.0]]",A,primitive->conventional (x sqrt2),Starrydata (experimental),10.1016/j.nanoen.2020.105372,https://doi.org/10.1016/j.nanoen.2020.105372,Starrydata all_curves.csv (release 'latest'),PhononDB (Togo/NIMS MDR),https://mdr.nims.go.jp/datasets/a0b4db6a-be3a-480a-8ec3-fa64481cc7df,"LTC-calc.log unit cell (PBEsol-relaxed), same file as kappa",mp-924129,True,stoichiometric,ZrNiSn,D1,removed,derived (WF / total-minus-kappa_e) copy of a sample whose published kappa_L curve is in the corpus,data/Target_Materials/HEUSLER_KAPPA_TRAINING_SET.csv,,36365.0,,,
ZrNiSn,4.484521520322584,W/m/K,622.9264,"experimental, Wiedemann-Franz: kappa_total - L*T/rho (Kim2015 L(S=239uV/K))",0,experimental,1.0,wf_subtracted,6.066303,216.0,F-43m,half-Heusler (C1b / MgAgAs),,"[""Zr"", ""Zr"", ""Zr"", ""Zr"", ""Ni"", ""Ni"", ""Ni"", ""Ni"", ""Sn"", ""Sn"", ""Sn"", ""Sn""]","[[0.0, 0.0, 0.0], [0.0, 0.5, 0.5], [0.5, 0.0, 0.5], [0.5, 0.5, 0.0], [0.25, 0.75, 0.75], [0.25, 0.25, 0.25], [0.75, 0.75, 0.25], [0.75, 0.25, 0.75], [0.5, 0.0, 0.0], [0.5, 0.5, 0.5], [0.0, 0.0, 0.5], [0.0, 0.5, 0.0]]",A,primitive->conventional (x sqrt2),Starrydata (experimental),10.1016/j.nanoen.2020.105372,https://doi.org/10.1016/j.nanoen.2020.105372,Starrydata all_curves.csv (release 'latest'),PhononDB (Togo/NIMS MDR),https://mdr.nims.go.jp/datasets/a0b4db6a-be3a-480a-8ec3-fa64481cc7df,"LTC-calc.log unit cell (PBEsol-relaxed), same file as kappa",mp-924129,True,stoichiometric,ZrNiSn,D1,removed,derived (WF / total-minus-kappa_e) copy of a sample whose published kappa_L curve is in the corpus,data/Target_Materials/HEUSLER_KAPPA_TRAINING_SET.csv,,36364.0,,,
ZrNiSn,4.472783438296547,W/m/K,641.1411,"experimental, kappa_total - MEASURED kappa_e (no Lorenz assumption)",0,experimental,1.0,total_minus_measured_ke,6.066303,216.0,F-43m,half-Heusler (C1b / MgAgAs),,"[""Zr"", ""Zr"", ""Zr"", ""Zr"", ""Ni"", ""Ni"", ""Ni"", ""Ni"", ""Sn"", ""Sn"", ""Sn"", ""Sn""]","[[0.0, 0.0, 0.0], [0.0, 0.5, 0.5], [0.5, 0.0, 0.5], [0.5, 0.5, 0.0], [0.25, 0.75, 0.75], [0.25, 0.25, 0.25], [0.75, 0.75, 0.25], [0.75, 0.25, 0.75], [0.5, 0.0, 0.0], [0.5, 0.5, 0.5], [0.0, 0.0, 0.5], [0.0, 0.5, 0.0]]",A,primitive->conventional (x sqrt2),Starrydata (experimental),10.1021/acsaem.9b01740,https://doi.org/10.1021/acsaem.9b01740,Starrydata all_curves.csv (release 'latest'),PhononDB (Togo/NIMS MDR),https://mdr.nims.go.jp/datasets/a0b4db6a-be3a-480a-8ec3-fa64481cc7df,"LTC-calc.log unit cell (PBEsol-relaxed), same file as kappa",mp-924129,True,stoichiometric,ZrNiSn,D1,removed,derived (WF / total-minus-kappa_e) copy of a sample whose published kappa_L curve is in the corpus,data/Target_Materials/HEUSLER_KAPPA_TRAINING_SET.csv,,34936.0,,,
ZrNiSn,3.497693195845901,W/m/K,671.4815,"experimental, Wiedemann-Franz: kappa_total - L*T/rho (Kim2015 L(S=203uV/K))",0,experimental,1.0,wf_subtracted,6.066303,216.0,F-43m,half-Heusler (C1b / MgAgAs),,"[""Zr"", ""Zr"", ""Zr"", ""Zr"", ""Ni"", ""Ni"", ""Ni"", ""Ni"", ""Sn"", ""Sn"", ""Sn"", ""Sn""]","[[0.0, 0.0, 0.0], [0.0, 0.5, 0.5], [0.5, 0.0, 0.5], [0.5, 0.5, 0.0], [0.25, 0.75, 0.75], [0.25, 0.25, 0.25], [0.75, 0.75, 0.25], [0.75, 0.25, 0.75], [0.5, 0.0, 0.0], [0.5, 0.5, 0.5], [0.0, 0.0, 0.5], [0.0, 0.5, 0.0]]",A,primitive->conventional (x sqrt2),Starrydata (experimental),10.1007/s11664-009-1032-8,https://doi.org/10.1007/s11664-009-1032-8,Starrydata all_curves.csv (release 'latest'),PhononDB (Togo/NIMS MDR),https://mdr.nims.go.jp/datasets/a0b4db6a-be3a-480a-8ec3-fa64481cc7df,"LTC-calc.log unit cell (PBEsol-relaxed), same file as kappa",mp-924129,True,stoichiometric,ZrNiSn,D1,removed,derived (WF / total-minus-kappa_e) copy of a sample whose published kappa_L curve is in the corpus,data/Target_Materials/HEUSLER_KAPPA_TRAINING_SET.csv,,1283.0,,,
ZrNiSn,3.985143891950637,W/m/K,671.9903,"experimental, Wiedemann-Franz: kappa_total - L*T/rho (Kim2015 L(S=231uV/K))",0,experimental,1.0,wf_subtracted,6.066303,216.0,F-43m,half-Heusler (C1b / MgAgAs),,"[""Zr"", ""Zr"", ""Zr"", ""Zr"", ""Ni"", ""Ni"", ""Ni"", ""Ni"", ""Sn"", ""Sn"", ""Sn"", ""Sn""]","[[0.0, 0.0, 0.0], [0.0, 0.5, 0.5], [0.5, 0.0, 0.5], [0.5, 0.5, 0.0], [0.25, 0.75, 0.75], [0.25, 0.25, 0.25], [0.75, 0.75, 0.25], [0.75, 0.25, 0.75], [0.5, 0.0, 0.0], [0.5, 0.5, 0.5], [0.0, 0.0, 0.5], [0.0, 0.5, 0.0]]",A,primitive->conventional (x sqrt2),Starrydata (experimental),10.1007/s11664-009-1032-8,https://doi.org/10.1007/s11664-009-1032-8,Starrydata all_curves.csv (release 'latest'),PhononDB (Togo/NIMS MDR),https://mdr.nims.go.jp/datasets/a0b4db6a-be3a-480a-8ec3-fa64481cc7df,"LTC-calc.log unit cell (PBEsol-relaxed), same file as kappa",mp-924129,True,stoichiometric,ZrNiSn,D1,removed,derived (WF / total-minus-kappa_e) copy of a sample whose published kappa_L curve is in the corpus,data/Target_Materials/HEUSLER_KAPPA_TRAINING_SET.csv,,1279.0,,,
ZrNiSn,4.032585414094594,W/m/K,672.3735,"experimental, Wiedemann-Franz: kappa_total - L*T/rho (Kim2015 L(S=240uV/K))",0,experimental,1.0,wf_subtracted,6.066303,216.0,F-43m,half-Heusler (C1b / MgAgAs),,"[""Zr"", ""Zr"", ""Zr"", ""Zr"", ""Ni"", ""Ni"", ""Ni"", ""Ni"", ""Sn"", ""Sn"", ""Sn"", ""Sn""]","[[0.0, 0.0, 0.0], [0.0, 0.5, 0.5], [0.5, 0.0, 0.5], [0.5, 0.5, 0.0], [0.25, 0.75, 0.75], [0.25, 0.25, 0.25], [0.75, 0.75, 0.25], [0.75, 0.25, 0.75], [0.5, 0.0, 0.0], [0.5, 0.5, 0.5], [0.0, 0.0, 0.5], [0.0, 0.5, 0.0]]",A,primitive->conventional (x sqrt2),Starrydata (experimental),10.1016/j.nanoen.2020.105372,https://doi.org/10.1016/j.nanoen.2020.105372,Starrydata all_curves.csv (release 'latest'),PhononDB (Togo/NIMS MDR),https://mdr.nims.go.jp/datasets/a0b4db6a-be3a-480a-8ec3-fa64481cc7df,"LTC-calc.log unit cell (PBEsol-relaxed), same file as kappa",mp-924129,True,stoichiometric,ZrNiSn,D1,removed,derived (WF / total-minus-kappa_e) copy of a sample whose published kappa_L curve is in the corpus,data/Target_Materials/HEUSLER_KAPPA_TRAINING_SET.csv,,36363.0,,,
ZrNiSn,4.48080201488422,W/m/K,672.3735,"experimental, Wiedemann-Franz: kappa_total - L*T/rho (Kim2015 L(S=235uV/K))",0,experimental,1.0,wf_subtracted,6.066303,216.0,F-43m,half-Heusler (C1b / MgAgAs),,"[""Zr"", ""Zr"", ""Zr"", ""Zr"", ""Ni"", ""Ni"", ""Ni"", ""Ni"", ""Sn"", ""Sn"", ""Sn"", ""Sn""]","[[0.0, 0.0, 0.0], [0.0, 0.5, 0.5], [0.5, 0.0, 0.5], [0.5, 0.5, 0.0], [0.25, 0.75, 0.75], [0.25, 0.25, 0.25], [0.75, 0.75, 0.25], [0.75, 0.25, 0.75], [0.5, 0.0, 0.0], [0.5, 0.5, 0.5], [0.0, 0.0, 0.5], [0.0, 0.5, 0.0]]",A,primitive->conventional (x sqrt2),Starrydata (experimental),10.1016/j.nanoen.2020.105372,https://doi.org/10.1016/j.nanoen.2020.105372,Starrydata all_curves.csv (release 'latest'),PhononDB (Togo/NIMS MDR),https://mdr.nims.go.jp/datasets/a0b4db6a-be3a-480a-8ec3-fa64481cc7df,"LTC-calc.log unit cell (PBEsol-relaxed), same file as kappa",mp-924129,True,stoichiometric,ZrNiSn,D1,removed,derived (WF / total-minus-kappa_e) copy of a sample whose published kappa_L curve is in the corpus,data/Target_Materials/HEUSLER_KAPPA_TRAINING_SET.csv,,36365.0,,,
ZrNiSn,4.350228079971132,W/m/K,672.4713,"experimental, Wiedemann-Franz: kappa_total - L*T/rho (Kim2015 L(S=176uV/K))",0,experimental,1.0,wf_subtracted,6.066303,216.0,F-43m,half-Heusler (C1b / MgAgAs),,"[""Zr"", ""Zr"", ""Zr"", ""Zr"", ""Ni"", ""Ni"", ""Ni"", ""Ni"", ""Sn"", ""Sn"", ""Sn"", ""Sn""]","[[0.0, 0.0, 0.0], [0.0, 0.5, 0.5], [0.5, 0.0, 0.5], [0.5, 0.5, 0.0], [0.25, 0.75, 0.75], [0.25, 0.25, 0.25], [0.75, 0.75, 0.25], [0.75, 0.25, 0.75], [0.5, 0.0, 0.0], [0.5, 0.5, 0.5], [0.0, 0.0, 0.5], [0.0, 0.5, 0.0]]",A,primitive->conventional (x sqrt2),Starrydata (experimental),10.1007/s40195-025-01853-x,https://doi.org/10.1007/s40195-025-01853-x,Starrydata all_curves.csv (release 'latest'),PhononDB (Togo/NIMS MDR),https://mdr.nims.go.jp/datasets/a0b4db6a-be3a-480a-8ec3-fa64481cc7df,"LTC-calc.log unit cell (PBEsol-relaxed), same file as kappa",mp-924129,True,stoichiometric,ZrNiSn,D1,removed,derived (WF / total-minus-kappa_e) copy of a sample whose published kappa_L curve is in the corpus,data/Target_Materials/HEUSLER_KAPPA_TRAINING_SET.csv,,93235.0,,,
ZrNiSn,4.366104415604664,W/m/K,673.1594,"experimental, Wiedemann-Franz: kappa_total - L*T/rho (Kim2015 L(S=238uV/K))",0,experimental,1.0,wf_subtracted,6.066303,216.0,F-43m,half-Heusler (C1b / MgAgAs),,"[""Zr"", ""Zr"", ""Zr"", ""Zr"", ""Ni"", ""Ni"", ""Ni"", ""Ni"", ""Sn"", ""Sn"", ""Sn"", ""Sn""]","[[0.0, 0.0, 0.0], [0.0, 0.5, 0.5], [0.5, 0.0, 0.5], [0.5, 0.5, 0.0], [0.25, 0.75, 0.75], [0.25, 0.25, 0.25], [0.75, 0.75, 0.25], [0.75, 0.25, 0.75], [0.5, 0.0, 0.0], [0.5, 0.5, 0.5], [0.0, 0.0, 0.5], [0.0, 0.5, 0.0]]",A,primitive->conventional (x sqrt2),Starrydata (experimental),10.1016/j.nanoen.2020.105372,https://doi.org/10.1016/j.nanoen.2020.105372,Starrydata all_curves.csv (release 'latest'),PhononDB (Togo/NIMS MDR),https://mdr.nims.go.jp/datasets/a0b4db6a-be3a-480a-8ec3-fa64481cc7df,"LTC-calc.log unit cell (PBEsol-relaxed), same file as kappa",mp-924129,True,stoichiometric,ZrNiSn,D1,removed,derived (WF / total-minus-kappa_e) copy of a sample whose published kappa_L curve is in the corpus,data/Target_Materials/HEUSLER_KAPPA_TRAINING_SET.csv,,36364.0,,,
ZrNiSn,4.277027031222273,W/m/K,693.994,"experimental, kappa_total - MEASURED kappa_e (no Lorenz assumption)",0,experimental,1.0,total_minus_measured_ke,6.066303,216.0,F-43m,half-Heusler (C1b / MgAgAs),,"[""Zr"", ""Zr"", ""Zr"", ""Zr"", ""Ni"", ""Ni"", ""Ni"", ""Ni"", ""Sn"", ""Sn"", ""Sn"", ""Sn""]","[[0.0, 0.0, 0.0], [0.0, 0.5, 0.5], [0.5, 0.0, 0.5], [0.5, 0.5, 0.0], [0.25, 0.75, 0.75], [0.25, 0.25, 0.25], [0.75, 0.75, 0.25], [0.75, 0.25, 0.75], [0.5, 0.0, 0.0], [0.5, 0.5, 0.5], [0.0, 0.0, 0.5], [0.0, 0.5, 0.0]]",A,primitive->conventional (x sqrt2),Starrydata (experimental),10.1021/acsaem.9b01740,https://doi.org/10.1021/acsaem.9b01740,Starrydata all_curves.csv (release 'latest'),PhononDB (Togo/NIMS MDR),https://mdr.nims.go.jp/datasets/a0b4db6a-be3a-480a-8ec3-fa64481cc7df,"LTC-calc.log unit cell (PBEsol-relaxed), same file as kappa",mp-924129,True,stoichiometric,ZrNiSn,D1,removed,derived (WF / total-minus-kappa_e) copy of a sample whose published kappa_L curve is in the corpus,data/Target_Materials/HEUSLER_KAPPA_TRAINING_SET.csv,,34936.0,,,
ZrNiSn,4.195208945920203,W/m/K,722.1678,"experimental, Wiedemann-Franz: kappa_total - L*T/rho (Kim2015 L(S=179uV/K))",0,experimental,1.0,wf_subtracted,6.066303,216.0,F-43m,half-Heusler (C1b / MgAgAs),,"[""Zr"", ""Zr"", ""Zr"", ""Zr"", ""Ni"", ""Ni"", ""Ni"", ""Ni"", ""Sn"", ""Sn"", ""Sn"", ""Sn""]","[[0.0, 0.0, 0.0], [0.0, 0.5, 0.5], [0.5, 0.0, 0.5], [0.5, 0.5, 0.0], [0.25, 0.75, 0.75], [0.25, 0.25, 0.25], [0.75, 0.75, 0.25], [0.75, 0.25, 0.75], [0.5, 0.0, 0.0], [0.5, 0.5, 0.5], [0.0, 0.0, 0.5], [0.0, 0.5, 0.0]]",A,primitive->conventional (x sqrt2),Starrydata (experimental),10.1007/s40195-025-01853-x,https://doi.org/10.1007/s40195-025-01853-x,Starrydata all_curves.csv (release 'latest'),PhononDB (Togo/NIMS MDR),https://mdr.nims.go.jp/datasets/a0b4db6a-be3a-480a-8ec3-fa64481cc7df,"LTC-calc.log unit cell (PBEsol-relaxed), same file as kappa",mp-924129,True,stoichiometric,ZrNiSn,D1,removed,derived (WF / total-minus-kappa_e) copy of a sample whose published kappa_L curve is in the corpus,data/Target_Materials/HEUSLER_KAPPA_TRAINING_SET.csv,,93235.0,,,
ZrNiSn,3.91577638812288,W/m/K,722.7432,"experimental, Wiedemann-Franz: kappa_total - L*T/rho (Kim2015 L(S=236uV/K))",0,experimental,1.0,wf_subtracted,6.066303,216.0,F-43m,half-Heusler (C1b / MgAgAs),,"[""Zr"", ""Zr"", ""Zr"", ""Zr"", ""Ni"", ""Ni"", ""Ni"", ""Ni"", ""Sn"", ""Sn"", ""Sn"", ""Sn""]","[[0.0, 0.0, 0.0], [0.0, 0.5, 0.5], [0.5, 0.0, 0.5], [0.5, 0.5, 0.0], [0.25, 0.75, 0.75], [0.25, 0.25, 0.25], [0.75, 0.75, 0.25], [0.75, 0.25, 0.75], [0.5, 0.0, 0.0], [0.5, 0.5, 0.5], [0.0, 0.0, 0.5], [0.0, 0.5, 0.0]]",A,primitive->conventional (x sqrt2),Starrydata (experimental),10.1016/j.nanoen.2020.105372,https://doi.org/10.1016/j.nanoen.2020.105372,Starrydata all_curves.csv (release 'latest'),PhononDB (Togo/NIMS MDR),https://mdr.nims.go.jp/datasets/a0b4db6a-be3a-480a-8ec3-fa64481cc7df,"LTC-calc.log unit cell (PBEsol-relaxed), same file as kappa",mp-924129,True,stoichiometric,ZrNiSn,D1,removed,derived (WF / total-minus-kappa_e) copy of a sample whose published kappa_L curve is in the corpus,data/Target_Materials/HEUSLER_KAPPA_TRAINING_SET.csv,,36363.0,,,
ZrNiSn,4.402594426922666,W/m/K,722.7432,"experimental, Wiedemann-Franz: kappa_total - L*T/rho (Kim2015 L(S=234uV/K))",0,experimental,1.0,wf_subtracted,6.066303,216.0,F-43m,half-Heusler (C1b / MgAgAs),,"[""Zr"", ""Zr"", ""Zr"", ""Zr"", ""Ni"", ""Ni"", ""Ni"", ""Ni"", ""Sn"", ""Sn"", ""Sn"", ""Sn""]","[[0.0, 0.0, 0.0], [0.0, 0.5, 0.5], [0.5, 0.0, 0.5], [0.5, 0.5, 0.0], [0.25, 0.75, 0.75], [0.25, 0.25, 0.25], [0.75, 0.75, 0.25], [0.75, 0.25, 0.75], [0.5, 0.0, 0.0], [0.5, 0.5, 0.5], [0.0, 0.0, 0.5], [0.0, 0.5, 0.0]]",A,primitive->conventional (x sqrt2),Starrydata (experimental),10.1016/j.nanoen.2020.105372,https://doi.org/10.1016/j.nanoen.2020.105372,Starrydata all_curves.csv (release 'latest'),PhononDB (Togo/NIMS MDR),https://mdr.nims.go.jp/datasets/a0b4db6a-be3a-480a-8ec3-fa64481cc7df,"LTC-calc.log unit cell (PBEsol-relaxed), same file as kappa",mp-924129,True,stoichiometric,ZrNiSn,D1,removed,derived (WF / total-minus-kappa_e) copy of a sample whose published kappa_L curve is in the corpus,data/Target_Materials/HEUSLER_KAPPA_TRAINING_SET.csv,,36365.0,,,
ZrNiSn,4.266234406540104,W/m/K,724.0447,"experimental, Wiedemann-Franz: kappa_total - L*T/rho (Kim2015 L(S=236uV/K))",0,experimental,1.0,wf_subtracted,6.066303,216.0,F-43m,half-Heusler (C1b / MgAgAs),,"[""Zr"", ""Zr"", ""Zr"", ""Zr"", ""Ni"", ""Ni"", ""Ni"", ""Ni"", ""Sn"", ""Sn"", ""Sn"", ""Sn""]","[[0.0, 0.0, 0.0], [0.0, 0.5, 0.5], [0.5, 0.0, 0.5], [0.5, 0.5, 0.0], [0.25, 0.75, 0.75], [0.25, 0.25, 0.25], [0.75, 0.75, 0.25], [0.75, 0.25, 0.75], [0.5, 0.0, 0.0], [0.5, 0.5, 0.5], [0.0, 0.0, 0.5], [0.0, 0.5, 0.0]]",A,primitive->conventional (x sqrt2),Starrydata (experimental),10.1016/j.nanoen.2020.105372,https://doi.org/10.1016/j.nanoen.2020.105372,Starrydata all_curves.csv (release 'latest'),PhononDB (Togo/NIMS MDR),https://mdr.nims.go.jp/datasets/a0b4db6a-be3a-480a-8ec3-fa64481cc7df,"LTC-calc.log unit cell (PBEsol-relaxed), same file as kappa",mp-924129,True,stoichiometric,ZrNiSn,D1,removed,derived (WF / total-minus-kappa_e) copy of a sample whose published kappa_L curve is in the corpus,data/Target_Materials/HEUSLER_KAPPA_TRAINING_SET.csv,,36364.0,,,
ZrNiSn,4.123004236195553,W/m/K,739.6396,"experimental, kappa_total - MEASURED kappa_e (no Lorenz assumption)",0,experimental,1.0,total_minus_measured_ke,6.066303,216.0,F-43m,half-Heusler (C1b / MgAgAs),,"[""Zr"", ""Zr"", ""Zr"", ""Zr"", ""Ni"", ""Ni"", ""Ni"", ""Ni"", ""Sn"", ""Sn"", ""Sn"", ""Sn""]","[[0.0, 0.0, 0.0], [0.0, 0.5, 0.5], [0.5, 0.0, 0.5], [0.5, 0.5, 0.0], [0.25, 0.75, 0.75], [0.25, 0.25, 0.25], [0.75, 0.75, 0.25], [0.75, 0.25, 0.75], [0.5, 0.0, 0.0], [0.5, 0.5, 0.5], [0.0, 0.0, 0.5], [0.0, 0.5, 0.0]]",A,primitive->conventional (x sqrt2),Starrydata (experimental),10.1021/acsaem.9b01740,https://doi.org/10.1021/acsaem.9b01740,Starrydata all_curves.csv (release 'latest'),PhononDB (Togo/NIMS MDR),https://mdr.nims.go.jp/datasets/a0b4db6a-be3a-480a-8ec3-fa64481cc7df,"LTC-calc.log unit cell (PBEsol-relaxed), same file as kappa",mp-924129,True,stoichiometric,ZrNiSn,D1,removed,derived (WF / total-minus-kappa_e) copy of a sample whose published kappa_L curve is in the corpus,data/Target_Materials/HEUSLER_KAPPA_TRAINING_SET.csv,,34936.0,,,
ZrNiSn,4.077968744128443,W/m/K,771.8902,"experimental, Wiedemann-Franz: kappa_total - L*T/rho (Kim2015 L(S=182uV/K))",0,experimental,1.0,wf_subtracted,6.066303,216.0,F-43m,half-Heusler (C1b / MgAgAs),,"[""Zr"", ""Zr"", ""Zr"", ""Zr"", ""Ni"", ""Ni"", ""Ni"", ""Ni"", ""Sn"", ""Sn"", ""Sn"", ""Sn""]","[[0.0, 0.0, 0.0], [0.0, 0.5, 0.5], [0.5, 0.0, 0.5], [0.5, 0.5, 0.0], [0.25, 0.75, 0.75], [0.25, 0.25, 0.25], [0.75, 0.75, 0.25], [0.75, 0.25, 0.75], [0.5, 0.0, 0.0], [0.5, 0.5, 0.5], [0.0, 0.0, 0.5], [0.0, 0.5, 0.0]]",A,primitive->conventional (x sqrt2),Starrydata (experimental),10.1007/s40195-025-01853-x,https://doi.org/10.1007/s40195-025-01853-x,Starrydata all_curves.csv (release 'latest'),PhononDB (Togo/NIMS MDR),https://mdr.nims.go.jp/datasets/a0b4db6a-be3a-480a-8ec3-fa64481cc7df,"LTC-calc.log unit cell (PBEsol-relaxed), same file as kappa",mp-924129,True,stoichiometric,ZrNiSn,D1,removed,derived (WF / total-minus-kappa_e) copy of a sample whose published kappa_L curve is in the corpus,data/Target_Materials/HEUSLER_KAPPA_TRAINING_SET.csv,,93235.0,,,
ZrNiSn,4.219307965873885,W/m/K,772.2224,"experimental, Wiedemann-Franz: kappa_total - L*T/rho (Kim2015 L(S=232uV/K))",0,experimental,1.0,wf_subtracted,6.066303,216.0,F-43m,half-Heusler (C1b / MgAgAs),,"[""Zr"", ""Zr"", ""Zr"", ""Zr"", ""Ni"", ""Ni"", ""Ni"", ""Ni"", ""Sn"", ""Sn"", ""Sn"", ""Sn""]","[[0.0, 0.0, 0.0], [0.0, 0.5, 0.5], [0.5, 0.0, 0.5], [0.5, 0.5, 0.0], [0.25, 0.75, 0.75], [0.25, 0.25, 0.25], [0.75, 0.75, 0.25], [0.75, 0.25, 0.75], [0.5, 0.0, 0.0], [0.5, 0.5, 0.5], [0.0, 0.0, 0.5], [0.0, 0.5, 0.0]]",A,primitive->conventional (x sqrt2),Starrydata (experimental),10.1016/j.nanoen.2020.105372,https://doi.org/10.1016/j.nanoen.2020.105372,Starrydata all_curves.csv (release 'latest'),PhononDB (Togo/NIMS MDR),https://mdr.nims.go.jp/datasets/a0b4db6a-be3a-480a-8ec3-fa64481cc7df,"LTC-calc.log unit cell (PBEsol-relaxed), same file as kappa",mp-924129,True,stoichiometric,ZrNiSn,D1,removed,derived (WF / total-minus-kappa_e) copy of a sample whose published kappa_L curve is in the corpus,data/Target_Materials/HEUSLER_KAPPA_TRAINING_SET.csv,,36364.0,,,
ZrNiSn,3.861372428785848,W/m/K,772.5203,"experimental, Wiedemann-Franz: kappa_total - L*T/rho (Kim2015 L(S=230uV/K))",0,experimental,1.0,wf_subtracted,6.066303,216.0,F-43m,half-Heusler (C1b / MgAgAs),,"[""Zr"", ""Zr"", ""Zr"", ""Zr"", ""Ni"", ""Ni"", ""Ni"", ""Ni"", ""Sn"", ""Sn"", ""Sn"", ""Sn""]","[[0.0, 0.0, 0.0], [0.0, 0.5, 0.5], [0.5, 0.0, 0.5], [0.5, 0.5, 0.0], [0.25, 0.75, 0.75], [0.25, 0.25, 0.25], [0.75, 0.75, 0.25], [0.75, 0.25, 0.75], [0.5, 0.0, 0.0], [0.5, 0.5, 0.5], [0.0, 0.0, 0.5], [0.0, 0.5, 0.0]]",A,primitive->conventional (x sqrt2),Starrydata (experimental),10.1016/j.nanoen.2020.105372,https://doi.org/10.1016/j.nanoen.2020.105372,Starrydata all_curves.csv (release 'latest'),PhononDB (Togo/NIMS MDR),https://mdr.nims.go.jp/datasets/a0b4db6a-be3a-480a-8ec3-fa64481cc7df,"LTC-calc.log unit cell (PBEsol-relaxed), same file as kappa",mp-924129,True,stoichiometric,ZrNiSn,D1,removed,derived (WF / total-minus-kappa_e) copy of a sample whose published kappa_L curve is in the corpus,data/Target_Materials/HEUSLER_KAPPA_TRAINING_SET.csv,,36363.0,,,
ZrNiSn,4.370649553130986,W/m/K,772.5203,"experimental, Wiedemann-Franz: kappa_total - L*T/rho (Kim2015 L(S=230uV/K))",0,experimental,1.0,wf_subtracted,6.066303,216.0,F-43m,half-Heusler (C1b / MgAgAs),,"[""Zr"", ""Zr"", ""Zr"", ""Zr"", ""Ni"", ""Ni"", ""Ni"", ""Ni"", ""Sn"", ""Sn"", ""Sn"", ""Sn""]","[[0.0, 0.0, 0.0], [0.0, 0.5, 0.5], [0.5, 0.0, 0.5], [0.5, 0.5, 0.0], [0.25, 0.75, 0.75], [0.25, 0.25, 0.25], [0.75, 0.75, 0.25], [0.75, 0.25, 0.75], [0.5, 0.0, 0.0], [0.5, 0.5, 0.5], [0.0, 0.0, 0.5], [0.0, 0.5, 0.0]]",A,primitive->conventional (x sqrt2),Starrydata (experimental),10.1016/j.nanoen.2020.105372,https://doi.org/10.1016/j.nanoen.2020.105372,Starrydata all_curves.csv (release 'latest'),PhononDB (Togo/NIMS MDR),https://mdr.nims.go.jp/datasets/a0b4db6a-be3a-480a-8ec3-fa64481cc7df,"LTC-calc.log unit cell (PBEsol-relaxed), same file as kappa",mp-924129,True,stoichiometric,ZrNiSn,D1,removed,derived (WF / total-minus-kappa_e) copy of a sample whose published kappa_L curve is in the corpus,data/Target_Materials/HEUSLER_KAPPA_TRAINING_SET.csv,,36365.0,,,
ZrNiSn,3.795063939573136,W/m/K,781.6236,"experimental, Wiedemann-Franz: kappa_total - L*T/rho (Kim2015 L(S=212uV/K))",0,experimental,1.0,wf_subtracted,6.066303,216.0,F-43m,half-Heusler (C1b / MgAgAs),,"[""Zr"", ""Zr"", ""Zr"", ""Zr"", ""Ni"", ""Ni"", ""Ni"", ""Ni"", ""Sn"", ""Sn"", ""Sn"", ""Sn""]","[[0.0, 0.0, 0.0], [0.0, 0.5, 0.5], [0.5, 0.0, 0.5], [0.5, 0.5, 0.0], [0.25, 0.75, 0.75], [0.25, 0.25, 0.25], [0.75, 0.75, 0.25], [0.75, 0.25, 0.75], [0.5, 0.0, 0.0], [0.5, 0.5, 0.5], [0.0, 0.0, 0.5], [0.0, 0.5, 0.0]]",A,primitive->conventional (x sqrt2),Starrydata (experimental),10.1007/s11664-009-1032-8,https://doi.org/10.1007/s11664-009-1032-8,Starrydata all_curves.csv (release 'latest'),PhononDB (Togo/NIMS MDR),https://mdr.nims.go.jp/datasets/a0b4db6a-be3a-480a-8ec3-fa64481cc7df,"LTC-calc.log unit cell (PBEsol-relaxed), same file as kappa",mp-924129,True,stoichiometric,ZrNiSn,D1,removed,derived (WF / total-minus-kappa_e) copy of a sample whose published kappa_L curve is in the corpus,data/Target_Materials/HEUSLER_KAPPA_TRAINING_SET.csv,,1279.0,,,
ZrNiSn,3.971758281848096,W/m/K,790.0901,"experimental, kappa_total - MEASURED kappa_e (no Lorenz assumption)",0,experimental,1.0,total_minus_measured_ke,6.066303,216.0,F-43m,half-Heusler (C1b / MgAgAs),,"[""Zr"", ""Zr"", ""Zr"", ""Zr"", ""Ni"", ""Ni"", ""Ni"", ""Ni"", ""Sn"", ""Sn"", ""Sn"", ""Sn""]","[[0.0, 0.0, 0.0], [0.0, 0.5, 0.5], [0.5, 0.0, 0.5], [0.5, 0.5, 0.0], [0.25, 0.75, 0.75], [0.25, 0.25, 0.25], [0.75, 0.75, 0.25], [0.75, 0.25, 0.75], [0.5, 0.0, 0.0], [0.5, 0.5, 0.5], [0.0, 0.0, 0.5], [0.0, 0.5, 0.0]]",A,primitive->conventional (x sqrt2),Starrydata (experimental),10.1021/acsaem.9b01740,https://doi.org/10.1021/acsaem.9b01740,Starrydata all_curves.csv (release 'latest'),PhononDB (Togo/NIMS MDR),https://mdr.nims.go.jp/datasets/a0b4db6a-be3a-480a-8ec3-fa64481cc7df,"LTC-calc.log unit cell (PBEsol-relaxed), same file as kappa",mp-924129,True,stoichiometric,ZrNiSn,D1,removed,derived (WF / total-minus-kappa_e) copy of a sample whose published kappa_L curve is in the corpus,data/Target_Materials/HEUSLER_KAPPA_TRAINING_SET.csv,,34936.0,,,
ZrNiSn,3.323773840984268,W/m/K,791.6966,"experimental, Wiedemann-Franz: kappa_total - L*T/rho (Kim2015 L(S=203uV/K))",0,experimental,1.0,wf_subtracted,6.066303,216.0,F-43m,half-Heusler (C1b / MgAgAs),,"[""Zr"", ""Zr"", ""Zr"", ""Zr"", ""Ni"", ""Ni"", ""Ni"", ""Ni"", ""Sn"", ""Sn"", ""Sn"", ""Sn""]","[[0.0, 0.0, 0.0], [0.0, 0.5, 0.5], [0.5, 0.0, 0.5], [0.5, 0.5, 0.0], [0.25, 0.75, 0.75], [0.25, 0.25, 0.25], [0.75, 0.75, 0.25], [0.75, 0.25, 0.75], [0.5, 0.0, 0.0], [0.5, 0.5, 0.5], [0.0, 0.0, 0.5], [0.0, 0.5, 0.0]]",A,primitive->conventional (x sqrt2),Starrydata (experimental),10.1007/s11664-009-1032-8,https://doi.org/10.1007/s11664-009-1032-8,Starrydata all_curves.csv (release 'latest'),PhononDB (Togo/NIMS MDR),https://mdr.nims.go.jp/datasets/a0b4db6a-be3a-480a-8ec3-fa64481cc7df,"LTC-calc.log unit cell (PBEsol-relaxed), same file as kappa",mp-924129,True,stoichiometric,ZrNiSn,D1,removed,derived (WF / total-minus-kappa_e) copy of a sample whose published kappa_L curve is in the corpus,data/Target_Materials/HEUSLER_KAPPA_TRAINING_SET.csv,,1283.0,,,
ZrNiSn,3.8267701730455648,W/m/K,822.8899,"experimental, Wiedemann-Franz: kappa_total - L*T/rho (Kim2015 L(S=231uV/K))",0,experimental,1.0,wf_subtracted,6.066303,216.0,F-43m,half-Heusler (C1b / MgAgAs),,"[""Zr"", ""Zr"", ""Zr"", ""Zr"", ""Ni"", ""Ni"", ""Ni"", ""Ni"", ""Sn"", ""Sn"", ""Sn"", ""Sn""]","[[0.0, 0.0, 0.0], [0.0, 0.5, 0.5], [0.5, 0.0, 0.5], [0.5, 0.5, 0.0], [0.25, 0.75, 0.75], [0.25, 0.25, 0.25], [0.75, 0.75, 0.25], [0.75, 0.25, 0.75], [0.5, 0.0, 0.0], [0.5, 0.5, 0.5], [0.0, 0.0, 0.5], [0.0, 0.5, 0.0]]",A,primitive->conventional (x sqrt2),Starrydata (experimental),10.1016/j.nanoen.2020.105372,https://doi.org/10.1016/j.nanoen.2020.105372,Starrydata all_curves.csv (release 'latest'),PhononDB (Togo/NIMS MDR),https://mdr.nims.go.jp/datasets/a0b4db6a-be3a-480a-8ec3-fa64481cc7df,"LTC-calc.log unit cell (PBEsol-relaxed), same file as kappa",mp-924129,True,stoichiometric,ZrNiSn,D1,removed,derived (WF / total-minus-kappa_e) copy of a sample whose published kappa_L curve is in the corpus,data/Target_Materials/HEUSLER_KAPPA_TRAINING_SET.csv,,36363.0,,,
ZrNiSn,4.175586709037914,W/m/K,822.8899,"experimental, Wiedemann-Franz: kappa_total - L*T/rho (Kim2015 L(S=227uV/K))",0,experimental,1.0,wf_subtracted,6.066303,216.0,F-43m,half-Heusler (C1b / MgAgAs),,"[""Zr"", ""Zr"", ""Zr"", ""Zr"", ""Ni"", ""Ni"", ""Ni"", ""Ni"", ""Sn"", ""Sn"", ""Sn"", ""Sn""]","[[0.0, 0.0, 0.0], [0.0, 0.5, 0.5], [0.5, 0.0, 0.5], [0.5, 0.5, 0.0], [0.25, 0.75, 0.75], [0.25, 0.25, 0.25], [0.75, 0.75, 0.25], [0.75, 0.25, 0.75], [0.5, 0.0, 0.0], [0.5, 0.5, 0.5], [0.0, 0.0, 0.5], [0.0, 0.5, 0.0]]",A,primitive->conventional (x sqrt2),Starrydata (experimental),10.1016/j.nanoen.2020.105372,https://doi.org/10.1016/j.nanoen.2020.105372,Starrydata all_curves.csv (release 'latest'),PhononDB (Togo/NIMS MDR),https://mdr.nims.go.jp/datasets/a0b4db6a-be3a-480a-8ec3-fa64481cc7df,"LTC-calc.log unit cell (PBEsol-relaxed), same file as kappa",mp-924129,True,stoichiometric,ZrNiSn,D1,removed,derived (WF / total-minus-kappa_e) copy of a sample whose published kappa_L curve is in the corpus,data/Target_Materials/HEUSLER_KAPPA_TRAINING_SET.csv,,36364.0,,,
ZrNiSn,4.3767933697106,W/m/K,822.8899,"experimental, Wiedemann-Franz: kappa_total - L*T/rho (Kim2015 L(S=227uV/K))",0,experimental,1.0,wf_subtracted,6.066303,216.0,F-43m,half-Heusler (C1b / MgAgAs),,"[""Zr"", ""Zr"", ""Zr"", ""Zr"", ""Ni"", ""Ni"", ""Ni"", ""Ni"", ""Sn"", ""Sn"", ""Sn"", ""Sn""]","[[0.0, 0.0, 0.0], [0.0, 0.5, 0.5], [0.5, 0.0, 0.5], [0.5, 0.5, 0.0], [0.25, 0.75, 0.75], [0.25, 0.25, 0.25], [0.75, 0.75, 0.25], [0.75, 0.25, 0.75], [0.5, 0.0, 0.0], [0.5, 0.5, 0.5], [0.0, 0.0, 0.5], [0.0, 0.5, 0.0]]",A,primitive->conventional (x sqrt2),Starrydata (experimental),10.1016/j.nanoen.2020.105372,https://doi.org/10.1016/j.nanoen.2020.105372,Starrydata all_curves.csv (release 'latest'),PhononDB (Togo/NIMS MDR),https://mdr.nims.go.jp/datasets/a0b4db6a-be3a-480a-8ec3-fa64481cc7df,"LTC-calc.log unit cell (PBEsol-relaxed), same file as kappa",mp-924129,True,stoichiometric,ZrNiSn,D1,removed,derived (WF / total-minus-kappa_e) copy of a sample whose published kappa_L curve is in the corpus,data/Target_Materials/HEUSLER_KAPPA_TRAINING_SET.csv,,36365.0,,,
ZrNiSn,3.970516977087039,W/m/K,823.1943,"experimental, Wiedemann-Franz: kappa_total - L*T/rho (Kim2015 L(S=182uV/K))",0,experimental,1.0,wf_subtracted,6.066303,216.0,F-43m,half-Heusler (C1b / MgAgAs),,"[""Zr"", ""Zr"", ""Zr"", ""Zr"", ""Ni"", ""Ni"", ""Ni"", ""Ni"", ""Sn"", ""Sn"", ""Sn"", ""Sn""]","[[0.0, 0.0, 0.0], [0.0, 0.5, 0.5], [0.5, 0.0, 0.5], [0.5, 0.5, 0.0], [0.25, 0.75, 0.75], [0.25, 0.25, 0.25], [0.75, 0.75, 0.25], [0.75, 0.25, 0.75], [0.5, 0.0, 0.0], [0.5, 0.5, 0.5], [0.0, 0.0, 0.5], [0.0, 0.5, 0.0]]",A,primitive->conventional (x sqrt2),Starrydata (experimental),10.1007/s40195-025-01853-x,https://doi.org/10.1007/s40195-025-01853-x,Starrydata all_curves.csv (release 'latest'),PhononDB (Togo/NIMS MDR),https://mdr.nims.go.jp/datasets/a0b4db6a-be3a-480a-8ec3-fa64481cc7df,"LTC-calc.log unit cell (PBEsol-relaxed), same file as kappa",mp-924129,True,stoichiometric,ZrNiSn,D1,removed,derived (WF / total-minus-kappa_e) copy of a sample whose published kappa_L curve is in the corpus,data/Target_Materials/HEUSLER_KAPPA_TRAINING_SET.csv,,93235.0,,,
ZrNiSn,3.83088403332837,W/m/K,839.3393,"experimental, kappa_total - MEASURED kappa_e (no Lorenz assumption)",0,experimental,1.0,total_minus_measured_ke,6.066303,216.0,F-43m,half-Heusler (C1b / MgAgAs),,"[""Zr"", ""Zr"", ""Zr"", ""Zr"", ""Ni"", ""Ni"", ""Ni"", ""Ni"", ""Sn"", ""Sn"", ""Sn"", ""Sn""]","[[0.0, 0.0, 0.0], [0.0, 0.5, 0.5], [0.5, 0.0, 0.5], [0.5, 0.5, 0.0], [0.25, 0.75, 0.75], [0.25, 0.25, 0.25], [0.75, 0.75, 0.25], [0.75, 0.25, 0.75], [0.5, 0.0, 0.0], [0.5, 0.5, 0.5], [0.0, 0.0, 0.5], [0.0, 0.5, 0.0]]",A,primitive->conventional (x sqrt2),Starrydata (experimental),10.1021/acsaem.9b01740,https://doi.org/10.1021/acsaem.9b01740,Starrydata all_curves.csv (release 'latest'),PhononDB (Togo/NIMS MDR),https://mdr.nims.go.jp/datasets/a0b4db6a-be3a-480a-8ec3-fa64481cc7df,"LTC-calc.log unit cell (PBEsol-relaxed), same file as kappa",mp-924129,True,stoichiometric,ZrNiSn,D1,removed,derived (WF / total-minus-kappa_e) copy of a sample whose published kappa_L curve is in the corpus,data/Target_Materials/HEUSLER_KAPPA_TRAINING_SET.csv,,34936.0,,,
ZrNiSn,3.923441712121633,W/m/K,869.8687,"experimental, Wiedemann-Franz: kappa_total - L*T/rho (Kim2015 L(S=182uV/K))",0,experimental,1.0,wf_subtracted,6.066303,216.0,F-43m,half-Heusler (C1b / MgAgAs),,"[""Zr"", ""Zr"", ""Zr"", ""Zr"", ""Ni"", ""Ni"", ""Ni"", ""Ni"", ""Sn"", ""Sn"", ""Sn"", ""Sn""]","[[0.0, 0.0, 0.0], [0.0, 0.5, 0.5], [0.5, 0.0, 0.5], [0.5, 0.5, 0.0], [0.25, 0.75, 0.75], [0.25, 0.25, 0.25], [0.75, 0.75, 0.25], [0.75, 0.25, 0.75], [0.5, 0.0, 0.0], [0.5, 0.5, 0.5], [0.0, 0.0, 0.5], [0.0, 0.5, 0.0]]",A,primitive->conventional (x sqrt2),Starrydata (experimental),10.1007/s40195-025-01853-x,https://doi.org/10.1007/s40195-025-01853-x,Starrydata all_curves.csv (release 'latest'),PhononDB (Togo/NIMS MDR),https://mdr.nims.go.jp/datasets/a0b4db6a-be3a-480a-8ec3-fa64481cc7df,"LTC-calc.log unit cell (PBEsol-relaxed), same file as kappa",mp-924129,True,stoichiometric,ZrNiSn,D1,removed,derived (WF / total-minus-kappa_e) copy of a sample whose published kappa_L curve is in the corpus,data/Target_Materials/HEUSLER_KAPPA_TRAINING_SET.csv,,93235.0,,,
ZrNiSn,4.266124561685308,W/m/K,872.667,"experimental, Wiedemann-Franz: kappa_total - L*T/rho (Kim2015 L(S=222uV/K))",0,experimental,1.0,wf_subtracted,6.066303,216.0,F-43m,half-Heusler (C1b / MgAgAs),,"[""Zr"", ""Zr"", ""Zr"", ""Zr"", ""Ni"", ""Ni"", ""Ni"", ""Ni"", ""Sn"", ""Sn"", ""Sn"", ""Sn""]","[[0.0, 0.0, 0.0], [0.0, 0.5, 0.5], [0.5, 0.0, 0.5], [0.5, 0.5, 0.0], [0.25, 0.75, 0.75], [0.25, 0.25, 0.25], [0.75, 0.75, 0.25], [0.75, 0.25, 0.75], [0.5, 0.0, 0.0], [0.5, 0.5, 0.5], [0.0, 0.0, 0.5], [0.0, 0.5, 0.0]]",A,primitive->conventional (x sqrt2),Starrydata (experimental),10.1016/j.nanoen.2020.105372,https://doi.org/10.1016/j.nanoen.2020.105372,Starrydata all_curves.csv (release 'latest'),PhononDB (Togo/NIMS MDR),https://mdr.nims.go.jp/datasets/a0b4db6a-be3a-480a-8ec3-fa64481cc7df,"LTC-calc.log unit cell (PBEsol-relaxed), same file as kappa",mp-924129,True,stoichiometric,ZrNiSn,D1,removed,derived (WF / total-minus-kappa_e) copy of a sample whose published kappa_L curve is in the corpus,data/Target_Materials/HEUSLER_KAPPA_TRAINING_SET.csv,,36364.0,,,
ZrNiSn,4.52818848627436,W/m/K,872.667,"experimental, Wiedemann-Franz: kappa_total - L*T/rho (Kim2015 L(S=223uV/K))",0,experimental,1.0,wf_subtracted,6.066303,216.0,F-43m,half-Heusler (C1b / MgAgAs),,"[""Zr"", ""Zr"", ""Zr"", ""Zr"", ""Ni"", ""Ni"", ""Ni"", ""Ni"", ""Sn"", ""Sn"", ""Sn"", ""Sn""]","[[0.0, 0.0, 0.0], [0.0, 0.5, 0.5], [0.5, 0.0, 0.5], [0.5, 0.5, 0.0], [0.25, 0.75, 0.75], [0.25, 0.25, 0.25], [0.75, 0.75, 0.25], [0.75, 0.25, 0.75], [0.5, 0.0, 0.0], [0.5, 0.5, 0.5], [0.0, 0.0, 0.5], [0.0, 0.5, 0.0]]",A,primitive->conventional (x sqrt2),Starrydata (experimental),10.1016/j.nanoen.2020.105372,https://doi.org/10.1016/j.nanoen.2020.105372,Starrydata all_curves.csv (release 'latest'),PhononDB (Togo/NIMS MDR),https://mdr.nims.go.jp/datasets/a0b4db6a-be3a-480a-8ec3-fa64481cc7df,"LTC-calc.log unit cell (PBEsol-relaxed), same file as kappa",mp-924129,True,stoichiometric,ZrNiSn,D1,removed,derived (WF / total-minus-kappa_e) copy of a sample whose published kappa_L curve is in the corpus,data/Target_Materials/HEUSLER_KAPPA_TRAINING_SET.csv,,36365.0,,,
ZrNiSn,3.920877024696532,W/m/K,873.2596,"experimental, Wiedemann-Franz: kappa_total - L*T/rho (Kim2015 L(S=231uV/K))",0,experimental,1.0,wf_subtracted,6.066303,216.0,F-43m,half-Heusler (C1b / MgAgAs),,"[""Zr"", ""Zr"", ""Zr"", ""Zr"", ""Ni"", ""Ni"", ""Ni"", ""Ni"", ""Sn"", ""Sn"", ""Sn"", ""Sn""]","[[0.0, 0.0, 0.0], [0.0, 0.5, 0.5], [0.5, 0.0, 0.5], [0.5, 0.5, 0.0], [0.25, 0.75, 0.75], [0.25, 0.25, 0.25], [0.75, 0.75, 0.25], [0.75, 0.25, 0.75], [0.5, 0.0, 0.0], [0.5, 0.5, 0.5], [0.0, 0.0, 0.5], [0.0, 0.5, 0.0]]",A,primitive->conventional (x sqrt2),Starrydata (experimental),10.1016/j.nanoen.2020.105372,https://doi.org/10.1016/j.nanoen.2020.105372,Starrydata all_curves.csv (release 'latest'),PhononDB (Togo/NIMS MDR),https://mdr.nims.go.jp/datasets/a0b4db6a-be3a-480a-8ec3-fa64481cc7df,"LTC-calc.log unit cell (PBEsol-relaxed), same file as kappa",mp-924129,True,stoichiometric,ZrNiSn,D1,removed,derived (WF / total-minus-kappa_e) copy of a sample whose published kappa_L curve is in the corpus,data/Target_Materials/HEUSLER_KAPPA_TRAINING_SET.csv,,36363.0,,,
ZrNiSn,3.3101117694602165,W/m/K,876.8088,"experimental, Wiedemann-Franz: kappa_total - L*T/rho (Kim2015 L(S=200uV/K))",0,experimental,1.0,wf_subtracted,6.066303,216.0,F-43m,half-Heusler (C1b / MgAgAs),,"[""Zr"", ""Zr"", ""Zr"", ""Zr"", ""Ni"", ""Ni"", ""Ni"", ""Ni"", ""Sn"", ""Sn"", ""Sn"", ""Sn""]","[[0.0, 0.0, 0.0], [0.0, 0.5, 0.5], [0.5, 0.0, 0.5], [0.5, 0.5, 0.0], [0.25, 0.75, 0.75], [0.25, 0.25, 0.25], [0.75, 0.75, 0.25], [0.75, 0.25, 0.75], [0.5, 0.0, 0.0], [0.5, 0.5, 0.5], [0.0, 0.0, 0.5], [0.0, 0.5, 0.0]]",A,primitive->conventional (x sqrt2),Starrydata (experimental),10.1007/s11664-009-1032-8,https://doi.org/10.1007/s11664-009-1032-8,Starrydata all_curves.csv (release 'latest'),PhononDB (Togo/NIMS MDR),https://mdr.nims.go.jp/datasets/a0b4db6a-be3a-480a-8ec3-fa64481cc7df,"LTC-calc.log unit cell (PBEsol-relaxed), same file as kappa",mp-924129,True,stoichiometric,ZrNiSn,D1,removed,derived (WF / total-minus-kappa_e) copy of a sample whose published kappa_L curve is in the corpus,data/Target_Materials/HEUSLER_KAPPA_TRAINING_SET.csv,,1283.0,,,
ZrNiSn,3.745645540142947,W/m/K,880.9677,"experimental, Wiedemann-Franz: kappa_total - L*T/rho (Kim2015 L(S=188uV/K))",0,experimental,1.0,wf_subtracted,6.066303,216.0,F-43m,half-Heusler (C1b / MgAgAs),,"[""Zr"", ""Zr"", ""Zr"", ""Zr"", ""Ni"", ""Ni"", ""Ni"", ""Ni"", ""Sn"", ""Sn"", ""Sn"", ""Sn""]","[[0.0, 0.0, 0.0], [0.0, 0.5, 0.5], [0.5, 0.0, 0.5], [0.5, 0.5, 0.0], [0.25, 0.75, 0.75], [0.25, 0.25, 0.25], [0.75, 0.75, 0.25], [0.75, 0.25, 0.75], [0.5, 0.0, 0.0], [0.5, 0.5, 0.5], [0.0, 0.0, 0.5], [0.0, 0.5, 0.0]]",A,primitive->conventional (x sqrt2),Starrydata (experimental),10.1007/s11664-009-1032-8,https://doi.org/10.1007/s11664-009-1032-8,Starrydata all_curves.csv (release 'latest'),PhononDB (Togo/NIMS MDR),https://mdr.nims.go.jp/datasets/a0b4db6a-be3a-480a-8ec3-fa64481cc7df,"LTC-calc.log unit cell (PBEsol-relaxed), same file as kappa",mp-924129,True,stoichiometric,ZrNiSn,D1,removed,derived (WF / total-minus-kappa_e) copy of a sample whose published kappa_L curve is in the corpus,data/Target_Materials/HEUSLER_KAPPA_TRAINING_SET.csv,,1279.0,,,
ZrNiSn,3.708974,W/m/K,886.1862,"experimental, kappa_total - MEASURED kappa_e (no Lorenz assumption)",0,experimental,1.0,total_minus_measured_ke,6.066303,216.0,F-43m,half-Heusler (C1b / MgAgAs),,"[""Zr"", ""Zr"", ""Zr"", ""Zr"", ""Ni"", ""Ni"", ""Ni"", ""Ni"", ""Sn"", ""Sn"", ""Sn"", ""Sn""]","[[0.0, 0.0, 0.0], [0.0, 0.5, 0.5], [0.5, 0.0, 0.5], [0.5, 0.5, 0.0], [0.25, 0.75, 0.75], [0.25, 0.25, 0.25], [0.75, 0.75, 0.25], [0.75, 0.25, 0.75], [0.5, 0.0, 0.0], [0.5, 0.5, 0.5], [0.0, 0.0, 0.5], [0.0, 0.5, 0.0]]",A,primitive->conventional (x sqrt2),Starrydata (experimental),10.1021/acsaem.9b01740,https://doi.org/10.1021/acsaem.9b01740,Starrydata all_curves.csv (release 'latest'),PhononDB (Togo/NIMS MDR),https://mdr.nims.go.jp/datasets/a0b4db6a-be3a-480a-8ec3-fa64481cc7df,"LTC-calc.log unit cell (PBEsol-relaxed), same file as kappa",mp-924129,True,stoichiometric,ZrNiSn,D1,removed,derived (WF / total-minus-kappa_e) copy of a sample whose published kappa_L curve is in the corpus,data/Target_Materials/HEUSLER_KAPPA_TRAINING_SET.csv,,34936.0,,,
ZrNiSn,4.05024262445944,W/m/K,922.4441,"experimental, Wiedemann-Franz: kappa_total - L*T/rho (Kim2015 L(S=231uV/K))",0,experimental,1.0,wf_subtracted,6.066303,216.0,F-43m,half-Heusler (C1b / MgAgAs),,"[""Zr"", ""Zr"", ""Zr"", ""Zr"", ""Ni"", ""Ni"", ""Ni"", ""Ni"", ""Sn"", ""Sn"", ""Sn"", ""Sn""]","[[0.0, 0.0, 0.0], [0.0, 0.5, 0.5], [0.5, 0.0, 0.5], [0.5, 0.5, 0.0], [0.25, 0.75, 0.75], [0.25, 0.25, 0.25], [0.75, 0.75, 0.25], [0.75, 0.25, 0.75], [0.5, 0.0, 0.0], [0.5, 0.5, 0.5], [0.0, 0.0, 0.5], [0.0, 0.5, 0.0]]",A,primitive->conventional (x sqrt2),Starrydata (experimental),10.1016/j.nanoen.2020.105372,https://doi.org/10.1016/j.nanoen.2020.105372,Starrydata all_curves.csv (release 'latest'),PhononDB (Togo/NIMS MDR),https://mdr.nims.go.jp/datasets/a0b4db6a-be3a-480a-8ec3-fa64481cc7df,"LTC-calc.log unit cell (PBEsol-relaxed), same file as kappa",mp-924129,True,stoichiometric,ZrNiSn,D1,removed,derived (WF / total-minus-kappa_e) copy of a sample whose published kappa_L curve is in the corpus,data/Target_Materials/HEUSLER_KAPPA_TRAINING_SET.csv,,36363.0,,,
ZrNiSn,4.434579625935319,W/m/K,922.4441,"experimental, Wiedemann-Franz: kappa_total - L*T/rho (Kim2015 L(S=217uV/K))",0,experimental,1.0,wf_subtracted,6.066303,216.0,F-43m,half-Heusler (C1b / MgAgAs),,"[""Zr"", ""Zr"", ""Zr"", ""Zr"", ""Ni"", ""Ni"", ""Ni"", ""Ni"", ""Sn"", ""Sn"", ""Sn"", ""Sn""]","[[0.0, 0.0, 0.0], [0.0, 0.5, 0.5], [0.5, 0.0, 0.5], [0.5, 0.5, 0.0], [0.25, 0.75, 0.75], [0.25, 0.25, 0.25], [0.75, 0.75, 0.25], [0.75, 0.25, 0.75], [0.5, 0.0, 0.0], [0.5, 0.5, 0.5], [0.0, 0.0, 0.5], [0.0, 0.5, 0.0]]",A,primitive->conventional (x sqrt2),Starrydata (experimental),10.1016/j.nanoen.2020.105372,https://doi.org/10.1016/j.nanoen.2020.105372,Starrydata all_curves.csv (release 'latest'),PhononDB (Togo/NIMS MDR),https://mdr.nims.go.jp/datasets/a0b4db6a-be3a-480a-8ec3-fa64481cc7df,"LTC-calc.log unit cell (PBEsol-relaxed), same file as kappa",mp-924129,True,stoichiometric,ZrNiSn,D1,removed,derived (WF / total-minus-kappa_e) copy of a sample whose published kappa_L curve is in the corpus,data/Target_Materials/HEUSLER_KAPPA_TRAINING_SET.csv,,36364.0,,,
ZrNiSn,4.7025134851669765,W/m/K,922.4441,"experimental, Wiedemann-Franz: kappa_total - L*T/rho (Kim2015 L(S=218uV/K))",0,experimental,1.0,wf_subtracted,6.066303,216.0,F-43m,half-Heusler (C1b / MgAgAs),,"[""Zr"", ""Zr"", ""Zr"", ""Zr"", ""Ni"", ""Ni"", ""Ni"", ""Ni"", ""Sn"", ""Sn"", ""Sn"", ""Sn""]","[[0.0, 0.0, 0.0], [0.0, 0.5, 0.5], [0.5, 0.0, 0.5], [0.5, 0.5, 0.0], [0.25, 0.75, 0.75], [0.25, 0.25, 0.25], [0.75, 0.75, 0.25], [0.75, 0.25, 0.75], [0.5, 0.0, 0.0], [0.5, 0.5, 0.5], [0.0, 0.0, 0.5], [0.0, 0.5, 0.0]]",A,primitive->conventional (x sqrt2),Starrydata (experimental),10.1016/j.nanoen.2020.105372,https://doi.org/10.1016/j.nanoen.2020.105372,Starrydata all_curves.csv (release 'latest'),PhononDB (Togo/NIMS MDR),https://mdr.nims.go.jp/datasets/a0b4db6a-be3a-480a-8ec3-fa64481cc7df,"LTC-calc.log unit cell (PBEsol-relaxed), same file as kappa",mp-924129,True,stoichiometric,ZrNiSn,D1,removed,derived (WF / total-minus-kappa_e) copy of a sample whose published kappa_L curve is in the corpus,data/Target_Materials/HEUSLER_KAPPA_TRAINING_SET.csv,,36365.0,,,
ZrNiSn,3.899206391284218,W/m/K,925.9058,"experimental, Wiedemann-Franz: kappa_total - L*T/rho (Kim2015 L(S=183uV/K))",0,experimental,1.0,wf_subtracted,6.066303,216.0,F-43m,half-Heusler (C1b / MgAgAs),,"[""Zr"", ""Zr"", ""Zr"", ""Zr"", ""Ni"", ""Ni"", ""Ni"", ""Ni"", ""Sn"", ""Sn"", ""Sn"", ""Sn""]","[[0.0, 0.0, 0.0], [0.0, 0.5, 0.5], [0.5, 0.0, 0.5], [0.5, 0.5, 0.0], [0.25, 0.75, 0.75], [0.25, 0.25, 0.25], [0.75, 0.75, 0.25], [0.75, 0.25, 0.75], [0.5, 0.0, 0.0], [0.5, 0.5, 0.5], [0.0, 0.0, 0.5], [0.0, 0.5, 0.0]]",A,primitive->conventional (x sqrt2),Starrydata (experimental),10.1007/s40195-025-01853-x,https://doi.org/10.1007/s40195-025-01853-x,Starrydata all_curves.csv (release 'latest'),PhononDB (Togo/NIMS MDR),https://mdr.nims.go.jp/datasets/a0b4db6a-be3a-480a-8ec3-fa64481cc7df,"LTC-calc.log unit cell (PBEsol-relaxed), same file as kappa",mp-924129,True,stoichiometric,ZrNiSn,D1,removed,derived (WF / total-minus-kappa_e) copy of a sample whose published kappa_L curve is in the corpus,data/Target_Materials/HEUSLER_KAPPA_TRAINING_SET.csv,,93235.0,,,
ZrNiSn,3.8837780172120704,W/m/K,927.3266,"experimental, Wiedemann-Franz: kappa_total - L*T/rho (Kim2015 L(S=177uV/K))",0,experimental,1.0,wf_subtracted,6.066303,216.0,F-43m,half-Heusler (C1b / MgAgAs),,"[""Zr"", ""Zr"", ""Zr"", ""Zr"", ""Ni"", ""Ni"", ""Ni"", ""Ni"", ""Sn"", ""Sn"", ""Sn"", ""Sn""]","[[0.0, 0.0, 0.0], [0.0, 0.5, 0.5], [0.5, 0.0, 0.5], [0.5, 0.5, 0.0], [0.25, 0.75, 0.75], [0.25, 0.25, 0.25], [0.75, 0.75, 0.25], [0.75, 0.25, 0.75], [0.5, 0.0, 0.0], [0.5, 0.5, 0.5], [0.0, 0.0, 0.5], [0.0, 0.5, 0.0]]",A,primitive->conventional (x sqrt2),Starrydata (experimental),10.1007/s11664-009-1032-8,https://doi.org/10.1007/s11664-009-1032-8,Starrydata all_curves.csv (release 'latest'),PhononDB (Togo/NIMS MDR),https://mdr.nims.go.jp/datasets/a0b4db6a-be3a-480a-8ec3-fa64481cc7df,"LTC-calc.log unit cell (PBEsol-relaxed), same file as kappa",mp-924129,True,stoichiometric,ZrNiSn,D1,removed,derived (WF / total-minus-kappa_e) copy of a sample whose published kappa_L curve is in the corpus,data/Target_Materials/HEUSLER_KAPPA_TRAINING_SET.csv,,1279.0,,,
ZrNiSn,3.274742396685797,W/m/K,972.5535,"experimental, Wiedemann-Franz: kappa_total - L*T/rho (Kim2015 L(S=191uV/K))",0,experimental,1.0,wf_subtracted,6.066303,216.0,F-43m,half-Heusler (C1b / MgAgAs),,"[""Zr"", ""Zr"", ""Zr"", ""Zr"", ""Ni"", ""Ni"", ""Ni"", ""Ni"", ""Sn"", ""Sn"", ""Sn"", ""Sn""]","[[0.0, 0.0, 0.0], [0.0, 0.5, 0.5], [0.5, 0.0, 0.5], [0.5, 0.5, 0.0], [0.25, 0.75, 0.75], [0.25, 0.25, 0.25], [0.75, 0.75, 0.25], [0.75, 0.25, 0.75], [0.5, 0.0, 0.0], [0.5, 0.5, 0.5], [0.0, 0.0, 0.5], [0.0, 0.5, 0.0]]",A,primitive->conventional (x sqrt2),Starrydata (experimental),10.1007/s11664-009-1032-8,https://doi.org/10.1007/s11664-009-1032-8,Starrydata all_curves.csv (release 'latest'),PhononDB (Togo/NIMS MDR),https://mdr.nims.go.jp/datasets/a0b4db6a-be3a-480a-8ec3-fa64481cc7df,"LTC-calc.log unit cell (PBEsol-relaxed), same file as kappa",mp-924129,True,stoichiometric,ZrNiSn,D1,removed,derived (WF / total-minus-kappa_e) copy of a sample whose published kappa_L curve is in the corpus,data/Target_Materials/HEUSLER_KAPPA_TRAINING_SET.csv,,1283.0,,,
ZrNiSn,3.929430410682136,W/m/K,980.7188,"experimental, Wiedemann-Franz: kappa_total - L*T/rho (Kim2015 L(S=164uV/K))",0,experimental,1.0,wf_subtracted,6.066303,216.0,F-43m,half-Heusler (C1b / MgAgAs),,"[""Zr"", ""Zr"", ""Zr"", ""Zr"", ""Ni"", ""Ni"", ""Ni"", ""Ni"", ""Sn"", ""Sn"", ""Sn"", ""Sn""]","[[0.0, 0.0, 0.0], [0.0, 0.5, 0.5], [0.5, 0.0, 0.5], [0.5, 0.5, 0.0], [0.25, 0.75, 0.75], [0.25, 0.25, 0.25], [0.75, 0.75, 0.25], [0.75, 0.25, 0.75], [0.5, 0.0, 0.0], [0.5, 0.5, 0.5], [0.0, 0.0, 0.5], [0.0, 0.5, 0.0]]",A,primitive->conventional (x sqrt2),Starrydata (experimental),10.1007/s11664-009-1032-8,https://doi.org/10.1007/s11664-009-1032-8,Starrydata all_curves.csv (release 'latest'),PhononDB (Togo/NIMS MDR),https://mdr.nims.go.jp/datasets/a0b4db6a-be3a-480a-8ec3-fa64481cc7df,"LTC-calc.log unit cell (PBEsol-relaxed), same file as kappa",mp-924129,True,stoichiometric,ZrNiSn,D1,removed,derived (WF / total-minus-kappa_e) copy of a sample whose published kappa_L curve is in the corpus,data/Target_Materials/HEUSLER_KAPPA_TRAINING_SET.csv,,1279.0,,,
ZnNiSn,4.259307322765244,,599.16,"experimental, Wiedemann-Franz: kappa_total - L*T/rho (Kim2015 L(S=93uV/K))",0,experimental,1.0,wf_subtracted,,,,,,,,,,Starrydata (experimental),10.1088/1742-6596/327/1/012008,https://doi.org/10.1088/1742-6596/327/1/012008,Starrydata all_curves.csv (release 'latest'),,,,,,,,D4,relabelled,Starrydata typo ZnNiSn -> ZrNiSn; source title names ZrNiSn,data/external/KAPPA_POOL_MASTER.csv,,,ZnNiSn,,
ZnNiSn,3.3073310212746376,,699.16,"experimental, Wiedemann-Franz: kappa_total - L*T/rho (Kim2015 L(S=97uV/K))",0,experimental,1.0,wf_subtracted,,,,,,,,,,Starrydata (experimental),10.1088/1742-6596/327/1/012008,https://doi.org/10.1088/1742-6596/327/1/012008,Starrydata all_curves.csv (release 'latest'),,,,,,,,D4,relabelled,Starrydata typo ZnNiSn -> ZrNiSn; source title names ZrNiSn,data/external/KAPPA_POOL_MASTER.csv,,,ZnNiSn,,
ZnNiSn,3.1078001590187823,,802.52,"experimental, Wiedemann-Franz: kappa_total - L*T/rho (Kim2015 L(S=108uV/K))",0,experimental,1.0,wf_subtracted,,,,,,,,,,Starrydata (experimental),10.1088/1742-6596/327/1/012008,https://doi.org/10.1088/1742-6596/327/1/012008,Starrydata all_curves.csv (release 'latest'),,,,,,,,D4,relabelled,Starrydata typo ZnNiSn -> ZrNiSn; source title names ZrNiSn,data/external/KAPPA_POOL_MASTER.csv,,,ZnNiSn,,
ZnNiSn,3.0311588119489143,,901.68,"experimental, Wiedemann-Franz: kappa_total - L*T/rho (Kim2015 L(S=105uV/K))",0,experimental,1.0,wf_subtracted,,,,,,,,,,Starrydata (experimental),10.1088/1742-6596/327/1/012008,https://doi.org/10.1088/1742-6596/327/1/012008,Starrydata all_curves.csv (release 'latest'),,,,,,,,D4,relabelled,Starrydata typo ZnNiSn -> ZrNiSn; source title names ZrNiSn,data/external/KAPPA_POOL_MASTER.csv,,,ZnNiSn,,
ZnNiSn,3.53427293274053,,1000.0,"experimental, Wiedemann-Franz: kappa_total - L*T/rho (Kim2015 L(S=89uV/K))",0,experimental,1.0,wf_subtracted,,,,,,,,,,Starrydata (experimental),10.1088/1742-6596/327/1/012008,https://doi.org/10.1088/1742-6596/327/1/012008,Starrydata all_curves.csv (release 'latest'),,,,,,,,D4,relabelled,Starrydata typo ZnNiSn -> ZrNiSn; source title names ZrNiSn,data/external/KAPPA_POOL_MASTER.csv,,,ZnNiSn,,
ZnNiSn,2.9125655617280204,,600.0,"experimental, Wiedemann-Franz: kappa_total - L*T/rho (Kim2015 L(S=108uV/K))",0,experimental,1.0,wf_subtracted,,,,,,,,,,Starrydata (experimental),10.1088/1742-6596/327/1/012008,https://doi.org/10.1088/1742-6596/327/1/012008,Starrydata all_curves.csv (release 'latest'),,,,,,,,D4,relabelled,Starrydata typo ZnNiSn -> ZrNiSn; source title names ZrNiSn,data/external/KAPPA_POOL_MASTER.csv,,,ZnNiSn,,
ZnNiSn,2.32492930508188,,698.32,"experimental, Wiedemann-Franz: kappa_total - L*T/rho (Kim2015 L(S=114uV/K))",0,experimental,1.0,wf_subtracted,,,,,,,,,,Starrydata (experimental),10.1088/1742-6596/327/1/012008,https://doi.org/10.1088/1742-6596/327/1/012008,Starrydata all_curves.csv (release 'latest'),,,,,,,,D4,relabelled,Starrydata typo ZnNiSn -> ZrNiSn; source title names ZrNiSn,data/external/KAPPA_POOL_MASTER.csv,,,ZnNiSn,,
ZnNiSn,2.3529188010866298,,798.32,"experimental, Wiedemann-Franz: kappa_total - L*T/rho (Kim2015 L(S=127uV/K))",0,experimental,1.0,wf_subtracted,,,,,,,,,,Starrydata (experimental),10.1088/1742-6596/327/1/012008,https://doi.org/10.1088/1742-6596/327/1/012008,Starrydata all_curves.csv (release 'latest'),,,,,,,,D4,relabelled,Starrydata typo ZnNiSn -> ZrNiSn; source title names ZrNiSn,data/external/KAPPA_POOL_MASTER.csv,,,ZnNiSn,,
ZnNiSn,1.6914458901630955,,899.16,"experimental, Wiedemann-Franz: kappa_total - L*T/rho (Kim2015 L(S=126uV/K))",0,experimental,1.0,wf_subtracted,,,,,,,,,,Starrydata (experimental),10.1088/1742-6596/327/1/012008,https://doi.org/10.1088/1742-6596/327/1/012008,Starrydata all_curves.csv (release 'latest'),,,,,,,,D4,relabelled,Starrydata typo ZnNiSn -> ZrNiSn; source title names ZrNiSn,data/external/KAPPA_POOL_MASTER.csv,,,ZnNiSn,,
ZnNiSn,1.8504745793279471,,1000.8,"experimental, Wiedemann-Franz: kappa_total - L*T/rho (Kim2015 L(S=121uV/K))",0,experimental,1.0,wf_subtracted,,,,,,,,,,Starrydata (experimental),10.1088/1742-6596/327/1/012008,https://doi.org/10.1088/1742-6596/327/1/012008,Starrydata all_curves.csv (release 'latest'),,,,,,,,D4,relabelled,Starrydata typo ZnNiSn -> ZrNiSn; source title names ZrNiSn,data/external/KAPPA_POOL_MASTER.csv,,,ZnNiSn,,
AgSbSe2,0.48,,300.0,measured,0,experimental,1.0,,,,,,,,,,,"paper mining (PDF, batch 2)",10.1038/s41467-020-14772-5,,page 10,,,,,,,,D4,removed,"rocksalt-derived I-V-VI2 chalcogenide, not a Heusler",data/external/KAPPA_POOL_MASTER.csv,,,AgSbSe2,,
CuAgTe,0.8331143,,319.5117,"experimental, lattice thermal conductivity as published",0,experimental,1.0,reported_lattice,,,,,,,,,,Starrydata (experimental),10.1016/j.jallcom.2021.159425,https://doi.org/10.1016/j.jallcom.2021.159425,Starrydata all_curves.csv (release 'latest'),,,,,,,,D4,removed,"two-phase (Cu2Te)50(Ag2Te)50 composite, not a single-phase Heusler",data/external/KAPPA_POOL_MASTER.csv,,,CuAgTe,,
CuAgTe,0.333419,,369.9967,"experimental, lattice thermal conductivity as published",0,experimental,1.0,reported_lattice,,,,,,,,,,Starrydata (experimental),10.1016/j.jallcom.2021.159425,https://doi.org/10.1016/j.jallcom.2021.159425,Starrydata all_curves.csv (release 'latest'),,,,,,,,D4,removed,"two-phase (Cu2Te)50(Ag2Te)50 composite, not a single-phase Heusler",data/external/KAPPA_POOL_MASTER.csv,,,CuAgTe,,
CuAgTe,0.6846828,,469.6722,"experimental, lattice thermal conductivity as published",0,experimental,1.0,reported_lattice,,,,,,,,,,Starrydata (experimental),10.1016/j.jallcom.2021.159425,https://doi.org/10.1016/j.jallcom.2021.159425,Starrydata all_curves.csv (release 'latest'),,,,,,,,D4,removed,"two-phase (Cu2Te)50(Ag2Te)50 composite, not a single-phase Heusler",data/external/KAPPA_POOL_MASTER.csv,,,CuAgTe,,
CuAgTe,0.5039471,,519.6426,"experimental, lattice thermal conductivity as published",0,experimental,1.0,reported_lattice,,,,,,,,,,Starrydata (experimental),10.1016/j.jallcom.2021.159425,https://doi.org/10.1016/j.jallcom.2021.159425,Starrydata all_curves.csv (release 'latest'),,,,,,,,D4,removed,"two-phase (Cu2Te)50(Ag2Te)50 composite, not a single-phase Heusler",data/external/KAPPA_POOL_MASTER.csv,,,CuAgTe,,
CuAgTe,0.6033646,,569.1126,"experimental, lattice thermal conductivity as published",0,experimental,1.0,reported_lattice,,,,,,,,,,Starrydata (experimental),10.1016/j.jallcom.2021.159425,https://doi.org/10.1016/j.jallcom.2021.159425,Starrydata all_curves.csv (release 'latest'),,,,,,,,D4,removed,"two-phase (Cu2Te)50(Ag2Te)50 composite, not a single-phase Heusler",data/external/KAPPA_POOL_MASTER.csv,,,CuAgTe,,
CuAgTe,0.5803723,,420.3378,"experimental, lattice thermal conductivity as published",0,experimental,1.0,reported_lattice,,,,,,,,,,Starrydata (experimental),10.1016/j.jallcom.2021.159425,https://doi.org/10.1016/j.jallcom.2021.159425,Starrydata all_curves.csv (release 'latest'),,,,,,,,D4,removed,"two-phase (Cu2Te)50(Ag2Te)50 composite, not a single-phase Heusler",data/external/KAPPA_POOL_MASTER.csv,,,CuAgTe,,
CuAgTe,0.2118932261858346,,325.127,"experimental, Wiedemann-Franz: kappa_total - L*T/rho (Kim2015 L(S=1uV/K))",0,experimental,1.0,wf_subtracted,,,,,,,,,,Starrydata (experimental),10.1016/j.cej.2019.123917,https://doi.org/10.1016/j.cej.2019.123917,Starrydata all_curves.csv (release 'latest'),,,,,,,,D4,removed,"two-phase (Cu2Te)50(Ag2Te)50 composite, not a single-phase Heusler",data/external/KAPPA_POOL_MASTER.csv,,,CuAgTe,,
CuAgTe,0.1986924277188991,,375.562,"experimental, Wiedemann-Franz: kappa_total - L*T/rho (Kim2015 L(S=0uV/K))",0,experimental,1.0,wf_subtracted,,,,,,,,,,Starrydata (experimental),10.1016/j.cej.2019.123917,https://doi.org/10.1016/j.cej.2019.123917,Starrydata all_curves.csv (release 'latest'),,,,,,,,D4,removed,"two-phase (Cu2Te)50(Ag2Te)50 composite, not a single-phase Heusler",data/external/KAPPA_POOL_MASTER.csv,,,CuAgTe,,
CuAgTe,0.144684426132564,,524.7762,"experimental, Wiedemann-Franz: kappa_total - L*T/rho (Kim2015 L(S=123uV/K))",0,experimental,1.0,wf_subtracted,,,,,,,,,,Starrydata (experimental),10.1016/j.cej.2019.123917,https://doi.org/10.1016/j.cej.2019.123917,Starrydata all_curves.csv (release 'latest'),,,,,,,,D4,removed,"two-phase (Cu2Te)50(Ag2Te)50 composite, not a single-phase Heusler",data/external/KAPPA_POOL_MASTER.csv,,,CuAgTe,,
CuAgTe,0.113130006267402,,573.9473,"experimental, Wiedemann-Franz: kappa_total - L*T/rho (Kim2015 L(S=126uV/K))",0,experimental,1.0,wf_subtracted,,,,,,,,,,Starrydata (experimental),10.1016/j.cej.2019.123917,https://doi.org/10.1016/j.cej.2019.123917,Starrydata all_curves.csv (release 'latest'),,,,,,,,D4,removed,"two-phase (Cu2Te)50(Ag2Te)50 composite, not a single-phase Heusler",data/external/KAPPA_POOL_MASTER.csv,,,CuAgTe,,
CuAgTe,0.1104702225319281,,624.6539,"experimental, Wiedemann-Franz: kappa_total - L*T/rho (Kim2015 L(S=132uV/K))",0,experimental,1.0,wf_subtracted,,,,,,,,,,Starrydata (experimental),10.1016/j.cej.2019.123917,https://doi.org/10.1016/j.cej.2019.123917,Starrydata all_curves.csv (release 'latest'),,,,,,,,D4,removed,"two-phase (Cu2Te)50(Ag2Te)50 composite, not a single-phase Heusler",data/external/KAPPA_POOL_MASTER.csv,,,CuAgTe,,
CuAgTe,0.1105829672393884,,674.5545,"experimental, Wiedemann-Franz: kappa_total - L*T/rho (Kim2015 L(S=139uV/K))",0,experimental,1.0,wf_subtracted,,,,,,,,,,Starrydata (experimental),10.1016/j.cej.2019.123917,https://doi.org/10.1016/j.cej.2019.123917,Starrydata all_curves.csv (release 'latest'),,,,,,,,D4,removed,"two-phase (Cu2Te)50(Ag2Te)50 composite, not a single-phase Heusler",data/external/KAPPA_POOL_MASTER.csv,,,CuAgTe,,
CuAgTe,0.0993634378518494,,723.6386,"experimental, Wiedemann-Franz: kappa_total - L*T/rho (Kim2015 L(S=149uV/K))",0,experimental,1.0,wf_subtracted,,,,,,,,,,Starrydata (experimental),10.1016/j.cej.2019.123917,https://doi.org/10.1016/j.cej.2019.123917,Starrydata all_curves.csv (release 'latest'),,,,,,,,D4,removed,"two-phase (Cu2Te)50(Ag2Te)50 composite, not a single-phase Heusler",data/external/KAPPA_POOL_MASTER.csv,,,CuAgTe,,
CuAgTe,0.2967396479696752,,325.7902,"experimental, Wiedemann-Franz: kappa_total - L*T/rho (Kim2015 L(S=8uV/K))",0,experimental,1.0,wf_subtracted,,,,,,,,,,Starrydata (experimental),10.1016/j.cej.2019.123917,https://doi.org/10.1016/j.cej.2019.123917,Starrydata all_curves.csv (release 'latest'),,,,,,,,D4,removed,"two-phase (Cu2Te)50(Ag2Te)50 composite, not a single-phase Heusler",data/external/KAPPA_POOL_MASTER.csv,,,CuAgTe,,
CuAgTe,0.2080608809625741,,375.4227,"experimental, Wiedemann-Franz: kappa_total - L*T/rho (Kim2015 L(S=7uV/K))",0,experimental,1.0,wf_subtracted,,,,,,,,,,Starrydata (experimental),10.1016/j.cej.2019.123917,https://doi.org/10.1016/j.cej.2019.123917,Starrydata all_curves.csv (release 'latest'),,,,,,,,D4,removed,"two-phase (Cu2Te)50(Ag2Te)50 composite, not a single-phase Heusler",data/external/KAPPA_POOL_MASTER.csv,,,CuAgTe,,
CuAgTe,0.2137923420798043,,523.9667,"experimental, Wiedemann-Franz: kappa_total - L*T/rho (Kim2015 L(S=134uV/K))",0,experimental,1.0,wf_subtracted,,,,,,,,,,Starrydata (experimental),10.1016/j.cej.2019.123917,https://doi.org/10.1016/j.cej.2019.123917,Starrydata all_curves.csv (release 'latest'),,,,,,,,D4,removed,"two-phase (Cu2Te)50(Ag2Te)50 composite, not a single-phase Heusler",data/external/KAPPA_POOL_MASTER.csv,,,CuAgTe,,
CuAgTe,0.1788296162052229,,574.7046,"experimental, Wiedemann-Franz: kappa_total - L*T/rho (Kim2015 L(S=135uV/K))",0,experimental,1.0,wf_subtracted,,,,,,,,,,Starrydata (experimental),10.1016/j.cej.2019.123917,https://doi.org/10.1016/j.cej.2019.123917,Starrydata all_curves.csv (release 'latest'),,,,,,,,D4,removed,"two-phase (Cu2Te)50(Ag2Te)50 composite, not a single-phase Heusler",data/external/KAPPA_POOL_MASTER.csv,,,CuAgTe,,
CuAgTe,0.1558246682872337,,624.6365,"experimental, Wiedemann-Franz: kappa_total - L*T/rho (Kim2015 L(S=135uV/K))",0,experimental,1.0,wf_subtracted,,,,,,,,,,Starrydata (experimental),10.1016/j.cej.2019.123917,https://doi.org/10.1016/j.cej.2019.123917,Starrydata all_curves.csv (release 'latest'),,,,,,,,D4,removed,"two-phase (Cu2Te)50(Ag2Te)50 composite, not a single-phase Heusler",data/external/KAPPA_POOL_MASTER.csv,,,CuAgTe,,
CuAgTe,0.151645327165259,,675.3187,"experimental, Wiedemann-Franz: kappa_total - L*T/rho (Kim2015 L(S=143uV/K))",0,experimental,1.0,wf_subtracted,,,,,,,,,,Starrydata (experimental),10.1016/j.cej.2019.123917,https://doi.org/10.1016/j.cej.2019.123917,Starrydata all_curves.csv (release 'latest'),,,,,,,,D4,removed,"two-phase (Cu2Te)50(Ag2Te)50 composite, not a single-phase Heusler",data/external/KAPPA_POOL_MASTER.csv,,,CuAgTe,,
CuAgTe,0.1590838327166294,,724.4098,"experimental, Wiedemann-Franz: kappa_total - L*T/rho (Kim2015 L(S=153uV/K))",0,experimental,1.0,wf_subtracted,,,,,,,,,,Starrydata (experimental),10.1016/j.cej.2019.123917,https://doi.org/10.1016/j.cej.2019.123917,Starrydata all_curves.csv (release 'latest'),,,,,,,,D4,removed,"two-phase (Cu2Te)50(Ag2Te)50 composite, not a single-phase Heusler",data/external/KAPPA_POOL_MASTER.csv,,,CuAgTe,,
CuAgTe,0.2979749916279022,,324.7997,"experimental, Wiedemann-Franz: kappa_total - L*T/rho (Kim2015 L(S=19uV/K))",0,experimental,1.0,wf_subtracted,,,,,,,,,,Starrydata (experimental),10.1016/j.cej.2019.123917,https://doi.org/10.1016/j.cej.2019.123917,Starrydata all_curves.csv (release 'latest'),,,,,,,,D4,removed,"two-phase (Cu2Te)50(Ag2Te)50 composite, not a single-phase Heusler",data/external/KAPPA_POOL_MASTER.csv,,,CuAgTe,,
CuAgTe,0.2315506762255033,,374.46,"experimental, Wiedemann-Franz: kappa_total - L*T/rho (Kim2015 L(S=16uV/K))",0,experimental,1.0,wf_subtracted,,,,,,,,,,Starrydata (experimental),10.1016/j.cej.2019.123917,https://doi.org/10.1016/j.cej.2019.123917,Starrydata all_curves.csv (release 'latest'),,,,,,,,D4,removed,"two-phase (Cu2Te)50(Ag2Te)50 composite, not a single-phase Heusler",data/external/KAPPA_POOL_MASTER.csv,,,CuAgTe,,
CuAgTe,0.2349667919476901,,524.7135,"experimental, Wiedemann-Franz: kappa_total - L*T/rho (Kim2015 L(S=142uV/K))",0,experimental,1.0,wf_subtracted,,,,,,,,,,Starrydata (experimental),10.1016/j.cej.2019.123917,https://doi.org/10.1016/j.cej.2019.123917,Starrydata all_curves.csv (release 'latest'),,,,,,,,D4,removed,"two-phase (Cu2Te)50(Ag2Te)50 composite, not a single-phase Heusler",data/external/KAPPA_POOL_MASTER.csv,,,CuAgTe,,
CuAgTe,0.2376298788616895,,574.6698,"experimental, Wiedemann-Franz: kappa_total - L*T/rho (Kim2015 L(S=143uV/K))",0,experimental,1.0,wf_subtracted,,,,,,,,,,Starrydata (experimental),10.1016/j.cej.2019.123917,https://doi.org/10.1016/j.cej.2019.123917,Starrydata all_curves.csv (release 'latest'),,,,,,,,D4,removed,"two-phase (Cu2Te)50(Ag2Te)50 composite, not a single-phase Heusler",data/external/KAPPA_POOL_MASTER.csv,,,CuAgTe,,
CuAgTe,0.195837192046995,,624.6052,"experimental, Wiedemann-Franz: kappa_total - L*T/rho (Kim2015 L(S=141uV/K))",0,experimental,1.0,wf_subtracted,,,,,,,,,,Starrydata (experimental),10.1016/j.cej.2019.123917,https://doi.org/10.1016/j.cej.2019.123917,Starrydata all_curves.csv (release 'latest'),,,,,,,,D4,removed,"two-phase (Cu2Te)50(Ag2Te)50 composite, not a single-phase Heusler",data/external/KAPPA_POOL_MASTER.csv,,,CuAgTe,,
CuAgTe,0.1718136314305678,,674.5022,"experimental, Wiedemann-Franz: kappa_total - L*T/rho (Kim2015 L(S=148uV/K))",0,experimental,1.0,wf_subtracted,,,,,,,,,,Starrydata (experimental),10.1016/j.cej.2019.123917,https://doi.org/10.1016/j.cej.2019.123917,Starrydata all_curves.csv (release 'latest'),,,,,,,,D4,removed,"two-phase (Cu2Te)50(Ag2Te)50 composite, not a single-phase Heusler",data/external/KAPPA_POOL_MASTER.csv,,,CuAgTe,,
CuAgTe,0.1642907774805442,,725.174,"experimental, Wiedemann-Franz: kappa_total - L*T/rho (Kim2015 L(S=158uV/K))",0,experimental,1.0,wf_subtracted,,,,,,,,,,Starrydata (experimental),10.1016/j.cej.2019.123917,https://doi.org/10.1016/j.cej.2019.123917,Starrydata all_curves.csv (release 'latest'),,,,,,,,D4,removed,"two-phase (Cu2Te)50(Ag2Te)50 composite, not a single-phase Heusler",data/external/KAPPA_POOL_MASTER.csv,,,CuAgTe,,
CuAgTe,0.301896645708208,,324.643,"experimental, Wiedemann-Franz: kappa_total - L*T/rho (Kim2015 L(S=29uV/K))",0,experimental,1.0,wf_subtracted,,,,,,,,,,Starrydata (experimental),10.1016/j.cej.2019.123917,https://doi.org/10.1016/j.cej.2019.123917,Starrydata all_curves.csv (release 'latest'),,,,,,,,D4,removed,"two-phase (Cu2Te)50(Ag2Te)50 composite, not a single-phase Heusler",data/external/KAPPA_POOL_MASTER.csv,,,CuAgTe,,
CuAgTe,0.2783194919285391,,375.1476,"experimental, Wiedemann-Franz: kappa_total - L*T/rho (Kim2015 L(S=28uV/K))",0,experimental,1.0,wf_subtracted,,,,,,,,,,Starrydata (experimental),10.1016/j.cej.2019.123917,https://doi.org/10.1016/j.cej.2019.123917,Starrydata all_curves.csv (release 'latest'),,,,,,,,D4,removed,"two-phase (Cu2Te)50(Ag2Te)50 composite, not a single-phase Heusler",data/external/KAPPA_POOL_MASTER.csv,,,CuAgTe,,
CuAgTe,0.2305265948801281,,523.8692,"experimental, Wiedemann-Franz: kappa_total - L*T/rho (Kim2015 L(S=153uV/K))",0,experimental,1.0,wf_subtracted,,,,,,,,,,Starrydata (experimental),10.1016/j.cej.2019.123917,https://doi.org/10.1016/j.cej.2019.123917,Starrydata all_curves.csv (release 'latest'),,,,,,,,D4,removed,"two-phase (Cu2Te)50(Ag2Te)50 composite, not a single-phase Heusler",data/external/KAPPA_POOL_MASTER.csv,,,CuAgTe,,
CuAgTe,0.197276532191416,,574.5793,"experimental, Wiedemann-Franz: kappa_total - L*T/rho (Kim2015 L(S=153uV/K))",0,experimental,1.0,wf_subtracted,,,,,,,,,,Starrydata (experimental),10.1016/j.cej.2019.123917,https://doi.org/10.1016/j.cej.2019.123917,Starrydata all_curves.csv (release 'latest'),,,,,,,,D4,removed,"two-phase (Cu2Te)50(Ag2Te)50 composite, not a single-phase Heusler",data/external/KAPPA_POOL_MASTER.csv,,,CuAgTe,,
CuAgTe,0.1783394012307081,,625.352,"experimental, Wiedemann-Franz: kappa_total - L*T/rho (Kim2015 L(S=145uV/K))",0,experimental,1.0,wf_subtracted,,,,,,,,,,Starrydata (experimental),10.1016/j.cej.2019.123917,https://doi.org/10.1016/j.cej.2019.123917,Starrydata all_curves.csv (release 'latest'),,,,,,,,D4,removed,"two-phase (Cu2Te)50(Ag2Te)50 composite, not a single-phase Heusler",data/external/KAPPA_POOL_MASTER.csv,,,CuAgTe,,
CuAgTe,0.145545004959565,,674.4639,"experimental, Wiedemann-Franz: kappa_total - L*T/rho (Kim2015 L(S=150uV/K))",0,experimental,1.0,wf_subtracted,,,,,,,,,,Starrydata (experimental),10.1016/j.cej.2019.123917,https://doi.org/10.1016/j.cej.2019.123917,Starrydata all_curves.csv (release 'latest'),,,,,,,,D4,removed,"two-phase (Cu2Te)50(Ag2Te)50 composite, not a single-phase Heusler",data/external/KAPPA_POOL_MASTER.csv,,,CuAgTe,,
CuAgTe,0.1336971051870432,,724.3471,"experimental, Wiedemann-Franz: kappa_total - L*T/rho (Kim2015 L(S=158uV/K))",0,experimental,1.0,wf_subtracted,,,,,,,,,,Starrydata (experimental),10.1016/j.cej.2019.123917,https://doi.org/10.1016/j.cej.2019.123917,Starrydata all_curves.csv (release 'latest'),,,,,,,,D4,removed,"two-phase (Cu2Te)50(Ag2Te)50 composite, not a single-phase Heusler",data/external/KAPPA_POOL_MASTER.csv,,,CuAgTe,,
CuAgTe,0.2742960933295375,,324.6047,"experimental, Wiedemann-Franz: kappa_total - L*T/rho (Kim2015 L(S=27uV/K))",0,experimental,1.0,wf_subtracted,,,,,,,,,,Starrydata (experimental),10.1016/j.cej.2019.123917,https://doi.org/10.1016/j.cej.2019.123917,Starrydata all_curves.csv (release 'latest'),,,,,,,,D4,removed,"two-phase (Cu2Te)50(Ag2Te)50 composite, not a single-phase Heusler",data/external/KAPPA_POOL_MASTER.csv,,,CuAgTe,,
CuAgTe,0.2472770749994278,,375.0954,"experimental, Wiedemann-Franz: kappa_total - L*T/rho (Kim2015 L(S=34uV/K))",0,experimental,1.0,wf_subtracted,,,,,,,,,,Starrydata (experimental),10.1016/j.cej.2019.123917,https://doi.org/10.1016/j.cej.2019.123917,Starrydata all_curves.csv (release 'latest'),,,,,,,,D4,removed,"two-phase (Cu2Te)50(Ag2Te)50 composite, not a single-phase Heusler",data/external/KAPPA_POOL_MASTER.csv,,,CuAgTe,,
CuAgTe,0.2280362665297869,,523.8449,"experimental, Wiedemann-Franz: kappa_total - L*T/rho (Kim2015 L(S=154uV/K))",0,experimental,1.0,wf_subtracted,,,,,,,,,,Starrydata (experimental),10.1016/j.cej.2019.123917,https://doi.org/10.1016/j.cej.2019.123917,Starrydata all_curves.csv (release 'latest'),,,,,,,,D4,removed,"two-phase (Cu2Te)50(Ag2Te)50 composite, not a single-phase Heusler",data/external/KAPPA_POOL_MASTER.csv,,,CuAgTe,,
CuAgTe,0.2432461138012093,,574.6036,"experimental, Wiedemann-Franz: kappa_total - L*T/rho (Kim2015 L(S=155uV/K))",0,experimental,1.0,wf_subtracted,,,,,,,,,,Starrydata (experimental),10.1016/j.cej.2019.123917,https://doi.org/10.1016/j.cej.2019.123917,Starrydata all_curves.csv (release 'latest'),,,,,,,,D4,removed,"two-phase (Cu2Te)50(Ag2Te)50 composite, not a single-phase Heusler",data/external/KAPPA_POOL_MASTER.csv,,,CuAgTe,,
CuAgTe,0.1870073576552032,,624.5495,"experimental, Wiedemann-Franz: kappa_total - L*T/rho (Kim2015 L(S=149uV/K))",0,experimental,1.0,wf_subtracted,,,,,,,,,,Starrydata (experimental),10.1016/j.cej.2019.123917,https://doi.org/10.1016/j.cej.2019.123917,Starrydata all_curves.csv (release 'latest'),,,,,,,,D4,removed,"two-phase (Cu2Te)50(Ag2Te)50 composite, not a single-phase Heusler",data/external/KAPPA_POOL_MASTER.csv,,,CuAgTe,,
CuAgTe,0.1344098689613935,,674.4396,"experimental, Wiedemann-Franz: kappa_total - L*T/rho (Kim2015 L(S=153uV/K))",0,experimental,1.0,wf_subtracted,,,,,,,,,,Starrydata (experimental),10.1016/j.cej.2019.123917,https://doi.org/10.1016/j.cej.2019.123917,Starrydata all_curves.csv (release 'latest'),,,,,,,,D4,removed,"two-phase (Cu2Te)50(Ag2Te)50 composite, not a single-phase Heusler",data/external/KAPPA_POOL_MASTER.csv,,,CuAgTe,,
CuAgTe,0.1330297758889449,,724.3192,"experimental, Wiedemann-Franz: kappa_total - L*T/rho (Kim2015 L(S=163uV/K))",0,experimental,1.0,wf_subtracted,,,,,,,,,,Starrydata (experimental),10.1016/j.cej.2019.123917,https://doi.org/10.1016/j.cej.2019.123917,Starrydata all_curves.csv (release 'latest'),,,,,,,,D4,removed,"two-phase (Cu2Te)50(Ag2Te)50 composite, not a single-phase Heusler",data/external/KAPPA_POOL_MASTER.csv,,,CuAgTe,,
CuAgTe,0.1826057363934606,,723.5272,"experimental, Wiedemann-Franz: kappa_total - L*T/rho (Kim2015 L(S=167uV/K))",0,experimental,1.0,wf_subtracted,,,,,,,,,,Starrydata (experimental),10.1016/j.cej.2019.123917,https://doi.org/10.1016/j.cej.2019.123917,Starrydata all_curves.csv (release 'latest'),,,,,,,,D4,removed,"two-phase (Cu2Te)50(Ag2Te)50 composite, not a single-phase Heusler",data/external/KAPPA_POOL_MASTER.csv,,,CuAgTe,,
CuAgTe,0.2060118239941992,,674.4396,"experimental, Wiedemann-Franz: kappa_total - L*T/rho (Kim2015 L(S=159uV/K))",0,experimental,1.0,wf_subtracted,,,,,,,,,,Starrydata (experimental),10.1016/j.cej.2019.123917,https://doi.org/10.1016/j.cej.2019.123917,Starrydata all_curves.csv (release 'latest'),,,,,,,,D4,removed,"two-phase (Cu2Te)50(Ag2Te)50 composite, not a single-phase Heusler",data/external/KAPPA_POOL_MASTER.csv,,,CuAgTe,,
CuAgTe,0.2267117755083815,,624.5181,"experimental, Wiedemann-Franz: kappa_total - L*T/rho (Kim2015 L(S=157uV/K))",0,experimental,1.0,wf_subtracted,,,,,,,,,,Starrydata (experimental),10.1016/j.cej.2019.123917,https://doi.org/10.1016/j.cej.2019.123917,Starrydata all_curves.csv (release 'latest'),,,,,,,,D4,removed,"two-phase (Cu2Te)50(Ag2Te)50 composite, not a single-phase Heusler",data/external/KAPPA_POOL_MASTER.csv,,,CuAgTe,,
CuAgTe,0.2320194619871997,,574.5305,"experimental, Wiedemann-Franz: kappa_total - L*T/rho (Kim2015 L(S=164uV/K))",0,experimental,1.0,wf_subtracted,,,,,,,,,,Starrydata (experimental),10.1016/j.cej.2019.123917,https://doi.org/10.1016/j.cej.2019.123917,Starrydata all_curves.csv (release 'latest'),,,,,,,,D4,removed,"two-phase (Cu2Te)50(Ag2Te)50 composite, not a single-phase Heusler",data/external/KAPPA_POOL_MASTER.csv,,,CuAgTe,,
CuAgTe,0.2515823256416825,,523.8309,"experimental, Wiedemann-Franz: kappa_total - L*T/rho (Kim2015 L(S=162uV/K))",0,experimental,1.0,wf_subtracted,,,,,,,,,,Starrydata (experimental),10.1016/j.cej.2019.123917,https://doi.org/10.1016/j.cej.2019.123917,Starrydata all_curves.csv (release 'latest'),,,,,,,,D4,removed,"two-phase (Cu2Te)50(Ag2Te)50 composite, not a single-phase Heusler",data/external/KAPPA_POOL_MASTER.csv,,,CuAgTe,,
CuAgTe,0.2694227924300219,,374.2685,"experimental, Wiedemann-Franz: kappa_total - L*T/rho (Kim2015 L(S=40uV/K))",0,experimental,1.0,wf_subtracted,,,,,,,,,,Starrydata (experimental),10.1016/j.cej.2019.123917,https://doi.org/10.1016/j.cej.2019.123917,Starrydata all_curves.csv (release 'latest'),,,,,,,,D4,removed,"two-phase (Cu2Te)50(Ag2Te)50 composite, not a single-phase Heusler",data/external/KAPPA_POOL_MASTER.csv,,,CuAgTe,,
CuAgTe,0.2832229702885199,,324.5455,"experimental, Wiedemann-Franz: kappa_total - L*T/rho (Kim2015 L(S=29uV/K))",0,experimental,1.0,wf_subtracted,,,,,,,,,,Starrydata (experimental),10.1016/j.cej.2019.123917,https://doi.org/10.1016/j.cej.2019.123917,Starrydata all_curves.csv (release 'latest'),,,,,,,,D4,removed,"two-phase (Cu2Te)50(Ag2Te)50 composite, not a single-phase Heusler",data/external/KAPPA_POOL_MASTER.csv,,,CuAgTe,,
CuAgTe,0.2517698714295844,,324.5455,"experimental, Wiedemann-Franz: kappa_total - L*T/rho (Kim2015 L(S=22uV/K))",0,experimental,1.0,wf_subtracted,,,,,,,,,,Starrydata (experimental),10.1016/j.cej.2019.123917,https://doi.org/10.1016/j.cej.2019.123917,Starrydata all_curves.csv (release 'latest'),,,,,,,,D4,removed,"two-phase (Cu2Te)50(Ag2Te)50 composite, not a single-phase Heusler",data/external/KAPPA_POOL_MASTER.csv,,,CuAgTe,,
CuAgTe,0.2545737498310311,,375.0571,"experimental, Wiedemann-Franz: kappa_total - L*T/rho (Kim2015 L(S=31uV/K))",0,experimental,1.0,wf_subtracted,,,,,,,,,,Starrydata (experimental),10.1016/j.cej.2019.123917,https://doi.org/10.1016/j.cej.2019.123917,Starrydata all_curves.csv (release 'latest'),,,,,,,,D4,removed,"two-phase (Cu2Te)50(Ag2Te)50 composite, not a single-phase Heusler",data/external/KAPPA_POOL_MASTER.csv,,,CuAgTe,,
CuAgTe,0.2538576083117372,,524.623,"experimental, Wiedemann-Franz: kappa_total - L*T/rho (Kim2015 L(S=162uV/K))",0,experimental,1.0,wf_subtracted,,,,,,,,,,Starrydata (experimental),10.1016/j.cej.2019.123917,https://doi.org/10.1016/j.cej.2019.123917,Starrydata all_curves.csv (release 'latest'),,,,,,,,D4,removed,"two-phase (Cu2Te)50(Ag2Te)50 composite, not a single-phase Heusler",data/external/KAPPA_POOL_MASTER.csv,,,CuAgTe,,
CuAgTe,0.2316996855168302,,574.527,"experimental, Wiedemann-Franz: kappa_total - L*T/rho (Kim2015 L(S=163uV/K))",0,experimental,1.0,wf_subtracted,,,,,,,,,,Starrydata (experimental),10.1016/j.cej.2019.123917,https://doi.org/10.1016/j.cej.2019.123917,Starrydata all_curves.csv (release 'latest'),,,,,,,,D4,removed,"two-phase (Cu2Te)50(Ag2Te)50 composite, not a single-phase Heusler",data/external/KAPPA_POOL_MASTER.csv,,,CuAgTe,,
CuAgTe,0.211819689590703,,624.5112,"experimental, Wiedemann-Franz: kappa_total - L*T/rho (Kim2015 L(S=154uV/K))",0,experimental,1.0,wf_subtracted,,,,,,,,,,Starrydata (experimental),10.1016/j.cej.2019.123917,https://doi.org/10.1016/j.cej.2019.123917,Starrydata all_curves.csv (release 'latest'),,,,,,,,D4,removed,"two-phase (Cu2Te)50(Ag2Te)50 composite, not a single-phase Heusler",data/external/KAPPA_POOL_MASTER.csv,,,CuAgTe,,
CuAgTe,0.2069097630938656,,674.4326,"experimental, Wiedemann-Franz: kappa_total - L*T/rho (Kim2015 L(S=158uV/K))",0,experimental,1.0,wf_subtracted,,,,,,,,,,Starrydata (experimental),10.1016/j.cej.2019.123917,https://doi.org/10.1016/j.cej.2019.123917,Starrydata all_curves.csv (release 'latest'),,,,,,,,D4,removed,"two-phase (Cu2Te)50(Ag2Te)50 composite, not a single-phase Heusler",data/external/KAPPA_POOL_MASTER.csv,,,CuAgTe,,
CuAgTe,0.2104611593793757,,724.3157,"experimental, Wiedemann-Franz: kappa_total - L*T/rho (Kim2015 L(S=170uV/K))",0,experimental,1.0,wf_subtracted,,,,,,,,,,Starrydata (experimental),10.1016/j.cej.2019.123917,https://doi.org/10.1016/j.cej.2019.123917,Starrydata all_curves.csv (release 'latest'),,,,,,,,D4,removed,"two-phase (Cu2Te)50(Ag2Te)50 composite, not a single-phase Heusler",data/external/KAPPA_POOL_MASTER.csv,,,CuAgTe,,
CuAgTe,0.9222438319401204,,326.6542,"experimental, Wiedemann-Franz: kappa_total - L*T/rho (Kim2015 L(S=6uV/K))",0,experimental,1.0,wf_subtracted,,,,,,,,,,Starrydata (experimental),10.1016/j.jallcom.2020.156540,https://doi.org/10.1016/j.jallcom.2020.156540,Starrydata all_curves.csv (release 'latest'),,,,,,,,D4,removed,"two-phase (Cu2Te)50(Ag2Te)50 composite, not a single-phase Heusler",data/external/KAPPA_POOL_MASTER.csv,,,CuAgTe,,
CuAgTe,0.8059292935778501,,378.5971,"experimental, Wiedemann-Franz: kappa_total - L*T/rho (Kim2015 L(S=9uV/K))",0,experimental,1.0,wf_subtracted,,,,,,,,,,Starrydata (experimental),10.1016/j.jallcom.2020.156540,https://doi.org/10.1016/j.jallcom.2020.156540,Starrydata all_curves.csv (release 'latest'),,,,,,,,D4,removed,"two-phase (Cu2Te)50(Ag2Te)50 composite, not a single-phase Heusler",data/external/KAPPA_POOL_MASTER.csv,,,CuAgTe,,
CuAgTe,0.8192471481457849,,430.527,"experimental, Wiedemann-Franz: kappa_total - L*T/rho (Kim2015 L(S=108uV/K))",0,experimental,1.0,wf_subtracted,,,,,,,,,,Starrydata (experimental),10.1016/j.jallcom.2020.156540,https://doi.org/10.1016/j.jallcom.2020.156540,Starrydata all_curves.csv (release 'latest'),,,,,,,,D4,removed,"two-phase (Cu2Te)50(Ag2Te)50 composite, not a single-phase Heusler",data/external/KAPPA_POOL_MASTER.csv,,,CuAgTe,,
CuAgTe,0.5434526912457489,,483.8383,"experimental, Wiedemann-Franz: kappa_total - L*T/rho (Kim2015 L(S=142uV/K))",0,experimental,1.0,wf_subtracted,,,,,,,,,,Starrydata (experimental),10.1016/j.jallcom.2020.156540,https://doi.org/10.1016/j.jallcom.2020.156540,Starrydata all_curves.csv (release 'latest'),,,,,,,,D4,removed,"two-phase (Cu2Te)50(Ag2Te)50 composite, not a single-phase Heusler",data/external/KAPPA_POOL_MASTER.csv,,,CuAgTe,,
CuAgTe,0.1669262417412553,,536.831,"experimental, Wiedemann-Franz: kappa_total - L*T/rho (Kim2015 L(S=138uV/K))",0,experimental,1.0,wf_subtracted,,,,,,,,,,Starrydata (experimental),10.1016/j.jallcom.2020.156540,https://doi.org/10.1016/j.jallcom.2020.156540,Starrydata all_curves.csv (release 'latest'),,,,,,,,D4,removed,"two-phase (Cu2Te)50(Ag2Te)50 composite, not a single-phase Heusler",data/external/KAPPA_POOL_MASTER.csv,,,CuAgTe,,
CuAgTe,0.0816757295325875,,588.7527,"experimental, Wiedemann-Franz: kappa_total - L*T/rho (Kim2015 L(S=150uV/K))",0,experimental,1.0,wf_subtracted,,,,,,,,,,Starrydata (experimental),10.1016/j.jallcom.2020.156540,https://doi.org/10.1016/j.jallcom.2020.156540,Starrydata all_curves.csv (release 'latest'),,,,,,,,D4,removed,"two-phase (Cu2Te)50(Ag2Te)50 composite, not a single-phase Heusler",data/external/KAPPA_POOL_MASTER.csv,,,CuAgTe,,
CuAgTe,0.1435169480809706,,523.8778,"experimental, Wiedemann-Franz: kappa_total - L*T/rho (Kim2015 L(S=116uV/K))",0,experimental,1.0,wf_subtracted,,,,,,,,,,Starrydata (experimental),10.1016/j.jmat.2019.01.008,https://doi.org/10.1016/j.jmat.2019.01.008,Starrydata all_curves.csv (release 'latest'),,,,,,,,D4,removed,"two-phase (Cu2Te)50(Ag2Te)50 composite, not a single-phase Heusler",data/external/KAPPA_POOL_MASTER.csv,,,CuAgTe,,
CuAgTe,0.1982626419361434,,574.5129,"experimental, Wiedemann-Franz: kappa_total - L*T/rho (Kim2015 L(S=117uV/K))",0,experimental,1.0,wf_subtracted,,,,,,,,,,Starrydata (experimental),10.1016/j.jmat.2019.01.008,https://doi.org/10.1016/j.jmat.2019.01.008,Starrydata all_curves.csv (release 'latest'),,,,,,,,D4,removed,"two-phase (Cu2Te)50(Ag2Te)50 composite, not a single-phase Heusler",data/external/KAPPA_POOL_MASTER.csv,,,CuAgTe,,
CuAgTe,0.0585992126519411,,622.6739,"experimental, Wiedemann-Franz: kappa_total - L*T/rho (Kim2015 L(S=119uV/K))",0,experimental,1.0,wf_subtracted,,,,,,,,,,Starrydata (experimental),10.1016/j.jmat.2019.01.008,https://doi.org/10.1016/j.jmat.2019.01.008,Starrydata all_curves.csv (release 'latest'),,,,,,,,D4,removed,"two-phase (Cu2Te)50(Ag2Te)50 composite, not a single-phase Heusler",data/external/KAPPA_POOL_MASTER.csv,,,CuAgTe,,
CuAgTe,0.8700651028575603,,319.8039,"experimental, Wiedemann-Franz: kappa_total - L*T/rho (Kim2015 L(S=30uV/K))",0,experimental,1.0,wf_subtracted,,,,,,,,,,Starrydata (experimental),10.1016/j.jallcom.2021.159425,https://doi.org/10.1016/j.jallcom.2021.159425,Starrydata all_curves.csv (release 'latest'),,,,,,,,D4,removed,"two-phase (Cu2Te)50(Ag2Te)50 composite, not a single-phase Heusler",data/external/KAPPA_POOL_MASTER.csv,,,CuAgTe,,
CuAgTe,0.3861810402222758,,370.1645,"experimental, Wiedemann-Franz: kappa_total - L*T/rho (Kim2015 L(S=33uV/K))",0,experimental,1.0,wf_subtracted,,,,,,,,,,Starrydata (experimental),10.1016/j.jallcom.2021.159425,https://doi.org/10.1016/j.jallcom.2021.159425,Starrydata all_curves.csv (release 'latest'),,,,,,,,D4,removed,"two-phase (Cu2Te)50(Ag2Te)50 composite, not a single-phase Heusler",data/external/KAPPA_POOL_MASTER.csv,,,CuAgTe,,
CuAgTe,0.5920347645792832,,418.939,"experimental, Wiedemann-Franz: kappa_total - L*T/rho (Kim2015 L(S=73uV/K))",0,experimental,1.0,wf_subtracted,,,,,,,,,,Starrydata (experimental),10.1016/j.jallcom.2021.159425,https://doi.org/10.1016/j.jallcom.2021.159425,Starrydata all_curves.csv (release 'latest'),,,,,,,,D4,removed,"two-phase (Cu2Te)50(Ag2Te)50 composite, not a single-phase Heusler",data/external/KAPPA_POOL_MASTER.csv,,,CuAgTe,,
CuAgTe,0.7059953865833336,,470.0927,"experimental, Wiedemann-Franz: kappa_total - L*T/rho (Kim2015 L(S=161uV/K))",0,experimental,1.0,wf_subtracted,,,,,,,,,,Starrydata (experimental),10.1016/j.jallcom.2021.159425,https://doi.org/10.1016/j.jallcom.2021.159425,Starrydata all_curves.csv (release 'latest'),,,,,,,,D4,removed,"two-phase (Cu2Te)50(Ag2Te)50 composite, not a single-phase Heusler",data/external/KAPPA_POOL_MASTER.csv,,,CuAgTe,,
CuAgTe,0.6221959170359193,,570.0208,"experimental, Wiedemann-Franz: kappa_total - L*T/rho (Kim2015 L(S=193uV/K))",0,experimental,1.0,wf_subtracted,,,,,,,,,,Starrydata (experimental),10.1016/j.jallcom.2021.159425,https://doi.org/10.1016/j.jallcom.2021.159425,Starrydata all_curves.csv (release 'latest'),,,,,,,,D4,removed,"two-phase (Cu2Te)50(Ag2Te)50 composite, not a single-phase Heusler",data/external/KAPPA_POOL_MASTER.csv,,,CuAgTe,,
CuAgTe,0.5093750503498643,,519.9605,"experimental, Wiedemann-Franz: kappa_total - L*T/rho (Kim2015 L(S=192uV/K))",0,experimental,1.0,wf_subtracted,,,,,,,,,,Starrydata (experimental),10.1016/j.jallcom.2021.159425,https://doi.org/10.1016/j.jallcom.2021.159425,Starrydata all_curves.csv (release 'latest'),,,,,,,,D4,removed,"two-phase (Cu2Te)50(Ag2Te)50 composite, not a single-phase Heusler",data/external/KAPPA_POOL_MASTER.csv,,,CuAgTe,,
KAgO,3.2531,,300.0,"BTE (phono3py-class, Phonix auto-kappa)",1,full BTE,1.0,,,,,,,,,,,Phonix (first-principles BTE),10.1038/s41524-026-02033-w,https://huggingface.co/datasets/phonix-db/phonix-summary,"phonix-summary, HF datasets-server",,,,,,,,D4,removed,"Phonix ABO oxide, not a Heusler",data/external/KAPPA_POOL_MASTER.csv,,,KAgO,139,9.7602397
RbAgO,1.6893,,300.0,"BTE (phono3py-class, Phonix auto-kappa)",1,full BTE,1.0,,,,,,,,,,,Phonix (first-principles BTE),10.1038/s41524-026-02033-w,https://huggingface.co/datasets/phonix-db/phonix-summary,"phonix-summary, HF datasets-server",,,,,,,,D4,removed,"Phonix ABO oxide, not a Heusler",data/external/KAPPA_POOL_MASTER.csv,,,RbAgO,139,9.948602320000004
RbAgO,1.431267,,300.0,"BTE (phono3py-class, Phonix auto-kappa)",1,full BTE,1.0,,,,,,,,,,,Phonix (first-principles BTE),10.1038/s41524-026-02033-w,https://huggingface.co/datasets/phonix-db/phonix-summary,"phonix-summary, HF datasets-server",,,,,,,,D4,removed,"Phonix ABO oxide, not a Heusler",data/external/KAPPA_POOL_MASTER.csv,,,RbAgO,139,9.95613626952284
CsAgO,1.3753,,300.0,"BTE (phono3py-class, Phonix auto-kappa)",1,full BTE,1.0,,,,,,,,,,,Phonix (first-principles BTE),10.1038/s41524-026-02033-w,https://huggingface.co/datasets/phonix-db/phonix-summary,"phonix-summary, HF datasets-server",,,,,,,,D4,removed,"Phonix ABO oxide, not a Heusler",data/external/KAPPA_POOL_MASTER.csv,,,CsAgO,139,10.130772019999998
CsAgO,1.0406,,300.0,"BTE (phono3py-class, Phonix auto-kappa)",1,full BTE,1.0,,,,,,,,,,,Phonix (first-principles BTE),10.1038/s41524-026-02033-w,https://huggingface.co/datasets/phonix-db/phonix-summary,"phonix-summary, HF datasets-server",,,,,,,,D4,removed,"Phonix ABO oxide, not a Heusler",data/external/KAPPA_POOL_MASTER.csv,,,CsAgO,139,10.13877915732581
RbAuO,1.0744,,300.0,"BTE (phono3py-class, Phonix auto-kappa)",1,full BTE,1.0,,,,,,,,,,,Phonix (first-principles BTE),10.1038/s41524-026-02033-w,https://huggingface.co/datasets/phonix-db/phonix-summary,"phonix-summary, HF datasets-server",,,,,,,,D4,removed,"Phonix ABO oxide, not a Heusler",data/external/KAPPA_POOL_MASTER.csv,,,RbAuO,139,9.879579234018545
NaLiO,3.920767,,300.0,"BTE (phono3py-class, Phonix auto-kappa)",1,full BTE,1.0,,,,,,,,,,,Phonix (first-principles BTE),10.1038/s41524-026-02033-w,https://huggingface.co/datasets/phonix-db/phonix-summary,"phonix-summary, HF datasets-server",,,,,,,,D4,removed,"Phonix ABO oxide, not a Heusler",data/external/KAPPA_POOL_MASTER.csv,,,NaLiO,139,8.941139230000001
NbCoSb,4.0651,,372.24,experimental (Wiedemann-Franz subtracted),0,experimental,1.0,,,,,,,,,,,repository mining,10.6084/m9.figshare.29438735,https://github.com/KU-Yifan/PGEC-descriptor-TE-design/blob/main/results/lorenz_number/final_processed_with_kappaL.csv,,,,,,,,,D3,removed,"data-deposit row copying a primary-source row (|dT| <= 1 K, |dk|/k <= 1%)",data/external/KAPPA_POOL_MASTER.csv,10.3390/ma11050773,,NbCoSb,,
NbCoSb,3.208,,572.05,experimental (Wiedemann-Franz subtracted),0,experimental,1.0,,,,,,,,,,,repository mining,10.6084/m9.figshare.29438735,https://github.com/KU-Yifan/PGEC-descriptor-TE-design/blob/main/results/lorenz_number/final_processed_with_kappaL.csv,,,,,,,,,D3,removed,"data-deposit row copying a primary-source row (|dT| <= 1 K, |dk|/k <= 1%)",data/external/KAPPA_POOL_MASTER.csv,10.3390/ma11050773,,NbCoSb,,
NbCoSb,2.9979,,672.97,experimental (Wiedemann-Franz subtracted),0,experimental,1.0,,,,,,,,,,,repository mining,10.6084/m9.figshare.29438735,https://github.com/KU-Yifan/PGEC-descriptor-TE-design/blob/main/results/lorenz_number/final_processed_with_kappaL.csv,,,,,,,,,D3,removed,"data-deposit row copying a primary-source row (|dT| <= 1 K, |dk|/k <= 1%)",data/external/KAPPA_POOL_MASTER.csv,10.1016/j.materresbull.2015.06.022,,NbCoSb,,
NbCoSb,2.7378,,773.38,experimental (Wiedemann-Franz subtracted),0,experimental,1.0,,,,,,,,,,,repository mining,10.6084/m9.figshare.29438735,https://github.com/KU-Yifan/PGEC-descriptor-TE-design/blob/main/results/lorenz_number/final_processed_with_kappaL.csv,,,,,,,,,D3,removed,"data-deposit row copying a primary-source row (|dT| <= 1 K, |dk|/k <= 1%)",data/external/KAPPA_POOL_MASTER.csv,10.3390/ma11050773,,NbCoSb,,
NbCoSb,2.4719,,873.0,experimental (Wiedemann-Franz subtracted),0,experimental,1.0,,,,,,,,,,,repository mining,10.6084/m9.figshare.29438735,https://github.com/KU-Yifan/PGEC-descriptor-TE-design/blob/main/results/lorenz_number/final_processed_with_kappaL.csv,,,,,,,,,D3,removed,"data-deposit row copying a primary-source row (|dT| <= 1 K, |dk|/k <= 1%)",data/external/KAPPA_POOL_MASTER.csv,10.3390/ma11050773,,NbCoSb,,
NbCoSn,4.3454,,716.39,experimental (Wiedemann-Franz subtracted),0,experimental,1.0,,,,,,,,,,,repository mining,10.6084/m9.figshare.29438735,https://github.com/KU-Yifan/PGEC-descriptor-TE-design/blob/main/results/lorenz_number/final_processed_with_kappaL.csv,,,,,,,,,D3,removed,"data-deposit row copying a primary-source row (|dT| <= 1 K, |dk|/k <= 1%)",data/external/KAPPA_POOL_MASTER.csv,10.1039/d0ta04644b,,NbCoSn,,
VCoSb,2.1993,,674.64,experimental (Wiedemann-Franz subtracted),0,experimental,1.0,,,,,,,,,,,repository mining,10.6084/m9.figshare.29438735,https://github.com/KU-Yifan/PGEC-descriptor-TE-design/blob/main/results/lorenz_number/final_processed_with_kappaL.csv,,,,,,,,,D3,removed,"data-deposit row copying a primary-source row (|dT| <= 1 K, |dk|/k <= 1%)",data/external/KAPPA_POOL_MASTER.csv,10.1002/andp.201900440,,VCoSb,,
HfNiSn,3.7974,,774.29,experimental (Wiedemann-Franz subtracted),0,experimental,1.0,,,,,,,,,,,repository mining,10.6084/m9.figshare.29438735,https://github.com/KU-Yifan/PGEC-descriptor-TE-design/blob/main/results/lorenz_number/final_processed_with_kappaL.csv,,,,,,,,,D3,removed,"data-deposit row copying a primary-source row (|dT| <= 1 K, |dk|/k <= 1%)",data/external/KAPPA_POOL_MASTER.csv,10.1007/s11664-009-1032-8,,HfNiSn,,
TiNiSn,5.6186,,309.22,experimental (Wiedemann-Franz subtracted),0,experimental,1.0,,,,,,,,,,,repository mining,10.6084/m9.figshare.29438735,https://github.com/KU-Yifan/PGEC-descriptor-TE-design/blob/main/results/lorenz_number/final_processed_with_kappaL.csv,,,,,,,,,D3,removed,"data-deposit row copying a primary-source row (|dT| <= 1 K, |dk|/k <= 1%)",data/external/KAPPA_POOL_MASTER.csv,10.1016/j.scriptamat.2020.09.010,,TiNiSn,,
TiNiSn,5.3504,,330.26,experimental (Wiedemann-Franz subtracted),0,experimental,1.0,,,,,,,,,,,repository mining,10.6084/m9.figshare.29438735,https://github.com/KU-Yifan/PGEC-descriptor-TE-design/blob/main/results/lorenz_number/final_processed_with_kappaL.csv,,,,,,,,,D3,removed,"data-deposit row copying a primary-source row (|dT| <= 1 K, |dk|/k <= 1%)",data/external/KAPPA_POOL_MASTER.csv,10.1016/j.scriptamat.2020.09.010,,TiNiSn,,
TiNiSn,4.9443,,373.54,experimental (Wiedemann-Franz subtracted),0,experimental,1.0,,,,,,,,,,,repository mining,10.6084/m9.figshare.29438735,https://github.com/KU-Yifan/PGEC-descriptor-TE-design/blob/main/results/lorenz_number/final_processed_with_kappaL.csv,,,,,,,,,D3,removed,"data-deposit row copying a primary-source row (|dT| <= 1 K, |dk|/k <= 1%)",data/external/KAPPA_POOL_MASTER.csv,10.1016/j.scriptamat.2020.09.010,,TiNiSn,,
TiNiSn,4.5939,,423.43,experimental (Wiedemann-Franz subtracted),0,experimental,1.0,,,,,,,,,,,repository mining,10.6084/m9.figshare.29438735,https://github.com/KU-Yifan/PGEC-descriptor-TE-design/blob/main/results/lorenz_number/final_processed_with_kappaL.csv,,,,,,,,,D3,removed,"data-deposit row copying a primary-source row (|dT| <= 1 K, |dk|/k <= 1%)",data/external/KAPPA_POOL_MASTER.csv,10.1016/j.scriptamat.2020.09.010,,TiNiSn,,
TiNiSn,4.28,,473.92,experimental (Wiedemann-Franz subtracted),0,experimental,1.0,,,,,,,,,,,repository mining,10.6084/m9.figshare.29438735,https://github.com/KU-Yifan/PGEC-descriptor-TE-design/blob/main/results/lorenz_number/final_processed_with_kappaL.csv,,,,,,,,,D3,removed,"data-deposit row copying a primary-source row (|dT| <= 1 K, |dk|/k <= 1%)",data/external/KAPPA_POOL_MASTER.csv,10.1016/j.scriptamat.2020.09.010,,TiNiSn,,
TiNiSn,4.7061,,491.27,experimental (Wiedemann-Franz subtracted),0,experimental,1.0,,,,,,,,,,,repository mining,10.6084/m9.figshare.29438735,https://github.com/KU-Yifan/PGEC-descriptor-TE-design/blob/main/results/lorenz_number/final_processed_with_kappaL.csv,,,,,,,,,D3,removed,"data-deposit row copying a primary-source row (|dT| <= 1 K, |dk|/k <= 1%)",data/external/KAPPA_POOL_MASTER.csv,10.3390/ma11040536,,TiNiSn,,
TiNiSn,4.615,,505.94,experimental (Wiedemann-Franz subtracted),0,experimental,1.0,,,,,,,,,,,repository mining,10.6084/m9.figshare.29438735,https://github.com/KU-Yifan/PGEC-descriptor-TE-design/blob/main/results/lorenz_number/final_processed_with_kappaL.csv,,,,,,,,,D3,removed,"data-deposit row copying a primary-source row (|dT| <= 1 K, |dk|/k <= 1%)",data/external/KAPPA_POOL_MASTER.csv,10.3390/ma11040536,,TiNiSn,,
TiNiSn,4.5809,,520.21,experimental (Wiedemann-Franz subtracted),0,experimental,1.0,,,,,,,,,,,repository mining,10.6084/m9.figshare.29438735,https://github.com/KU-Yifan/PGEC-descriptor-TE-design/blob/main/results/lorenz_number/final_processed_with_kappaL.csv,,,,,,,,,D3,removed,"data-deposit row copying a primary-source row (|dT| <= 1 K, |dk|/k <= 1%)",data/external/KAPPA_POOL_MASTER.csv,10.3390/ma11040536,,TiNiSn,,
TiNiSn,4.0462,,523.01,experimental (Wiedemann-Franz subtracted),0,experimental,1.0,,,,,,,,,,,repository mining,10.6084/m9.figshare.29438735,https://github.com/KU-Yifan/PGEC-descriptor-TE-design/blob/main/results/lorenz_number/final_processed_with_kappaL.csv,,,,,,,,,D3,removed,"data-deposit row copying a primary-source row (|dT| <= 1 K, |dk|/k <= 1%)",data/external/KAPPA_POOL_MASTER.csv,10.1016/j.scriptamat.2020.09.010,,TiNiSn,,
TiNiSn,3.843,,572.5,experimental (Wiedemann-Franz subtracted),0,experimental,1.0,,,,,,,,,,,repository mining,10.6084/m9.figshare.29438735,https://github.com/KU-Yifan/PGEC-descriptor-TE-design/blob/main/results/lorenz_number/final_processed_with_kappaL.csv,,,,,,,,,D3,removed,"data-deposit row copying a primary-source row (|dT| <= 1 K, |dk|/k <= 1%)",data/external/KAPPA_POOL_MASTER.csv,10.1016/j.scriptamat.2020.09.010,,TiNiSn,,
TiNiSn,4.3988,,593.88,experimental (Wiedemann-Franz subtracted),0,experimental,1.0,,,,,,,,,,,repository mining,10.6084/m9.figshare.29438735,https://github.com/KU-Yifan/PGEC-descriptor-TE-design/blob/main/results/lorenz_number/final_processed_with_kappaL.csv,,,,,,,,,D3,removed,"data-deposit row copying a primary-source row (|dT| <= 1 K, |dk|/k <= 1%)",data/external/KAPPA_POOL_MASTER.csv,10.3390/ma11040536,,TiNiSn,,
TiNiSn,3.7825,,622.99,experimental (Wiedemann-Franz subtracted),0,experimental,1.0,,,,,,,,,,,repository mining,10.6084/m9.figshare.29438735,https://github.com/KU-Yifan/PGEC-descriptor-TE-design/blob/main/results/lorenz_number/final_processed_with_kappaL.csv,,,,,,,,,D3,removed,"data-deposit row copying a primary-source row (|dT| <= 1 K, |dk|/k <= 1%)",data/external/KAPPA_POOL_MASTER.csv,10.1016/j.scriptamat.2020.09.010,,TiNiSn,,
TiNiSn,3.7805,,674.08,experimental (Wiedemann-Franz subtracted),0,experimental,1.0,,,,,,,,,,,repository mining,10.6084/m9.figshare.29438735,https://github.com/KU-Yifan/PGEC-descriptor-TE-design/blob/main/results/lorenz_number/final_processed_with_kappaL.csv,,,,,,,,,D3,removed,"data-deposit row copying a primary-source row (|dT| <= 1 K, |dk|/k <= 1%)",data/external/KAPPA_POOL_MASTER.csv,10.1016/j.scriptamat.2020.09.010,,TiNiSn,,
TiNiSn,3.7585,,725.17,experimental (Wiedemann-Franz subtracted),0,experimental,1.0,,,,,,,,,,,repository mining,10.6084/m9.figshare.29438735,https://github.com/KU-Yifan/PGEC-descriptor-TE-design/blob/main/results/lorenz_number/final_processed_with_kappaL.csv,,,,,,,,,D3,removed,"data-deposit row copying a primary-source row (|dT| <= 1 K, |dk|/k <= 1%)",data/external/KAPPA_POOL_MASTER.csv,10.1016/j.scriptamat.2020.09.010,,TiNiSn,,
TiNiSn,3.8752,,772.05,experimental (Wiedemann-Franz subtracted),0,experimental,1.0,,,,,,,,,,,repository mining,10.6084/m9.figshare.29438735,https://github.com/KU-Yifan/PGEC-descriptor-TE-design/blob/main/results/lorenz_number/final_processed_with_kappaL.csv,,,,,,,,,D3,removed,"data-deposit row copying a primary-source row (|dT| <= 1 K, |dk|/k <= 1%)",data/external/KAPPA_POOL_MASTER.csv,10.1016/j.scriptamat.2020.09.010,,TiNiSn,,
TiNiSn,4.3165,,774.05,experimental (Wiedemann-Franz subtracted),0,experimental,1.0,,,,,,,,,,,repository mining,10.6084/m9.figshare.29438735,https://github.com/KU-Yifan/PGEC-descriptor-TE-design/blob/main/results/lorenz_number/final_processed_with_kappaL.csv,,,,,,,,,D3,removed,"data-deposit row copying a primary-source row (|dT| <= 1 K, |dk|/k <= 1%)",data/external/KAPPA_POOL_MASTER.csv,10.3390/ma11040536,,TiNiSn,,
TiNiSn,6.097,,902.19,experimental (Wiedemann-Franz subtracted),0,experimental,1.0,,,,,,,,,,,repository mining,10.6084/m9.figshare.29438735,https://github.com/KU-Yifan/PGEC-descriptor-TE-design/blob/main/results/lorenz_number/final_processed_with_kappaL.csv,,,,,,,,,D3,removed,"data-deposit row copying a primary-source row (|dT| <= 1 K, |dk|/k <= 1%)",data/external/KAPPA_POOL_MASTER.csv,10.3390/ma11020262,,TiNiSn,,
ZrNiSn,6.1195,,322.5,experimental (Wiedemann-Franz subtracted),0,experimental,1.0,,,,,,,,,,,repository mining,10.6084/m9.figshare.29438735,https://github.com/KU-Yifan/PGEC-descriptor-TE-design/blob/main/results/lorenz_number/final_processed_with_kappaL.csv,,,,,,,,,D3,removed,"data-deposit row copying a primary-source row (|dT| <= 1 K, |dk|/k <= 1%)",data/external/KAPPA_POOL_MASTER.csv,10.1016/j.nanoen.2020.105372,,ZrNiSn,,
ZrNiSn,6.1038,,323.72,experimental (Wiedemann-Franz subtracted),0,experimental,1.0,,,,,,,,,,,repository mining,10.6084/m9.figshare.29438735,https://github.com/KU-Yifan/PGEC-descriptor-TE-design/blob/main/results/lorenz_number/final_processed_with_kappaL.csv,,,,,,,,,D3,removed,"data-deposit row copying a primary-source row (|dT| <= 1 K, |dk|/k <= 1%)",data/external/KAPPA_POOL_MASTER.csv,10.1016/j.nanoen.2020.105372,,ZrNiSn,,
ZrNiSn,5.3864,,372.37,experimental (Wiedemann-Franz subtracted),0,experimental,1.0,,,,,,,,,,,repository mining,10.6084/m9.figshare.29438735,https://github.com/KU-Yifan/PGEC-descriptor-TE-design/blob/main/results/lorenz_number/final_processed_with_kappaL.csv,,,,,,,,,D3,removed,"data-deposit row copying a primary-source row (|dT| <= 1 K, |dk|/k <= 1%)",data/external/KAPPA_POOL_MASTER.csv,10.1016/j.actamat.2010.04.028,,ZrNiSn,,
ZrNiSn,5.6693,,373.59,experimental (Wiedemann-Franz subtracted),0,experimental,1.0,,,,,,,,,,,repository mining,10.6084/m9.figshare.29438735,https://github.com/KU-Yifan/PGEC-descriptor-TE-design/blob/main/results/lorenz_number/final_processed_with_kappaL.csv,,,,,,,,,D3,removed,"data-deposit row copying a primary-source row (|dT| <= 1 K, |dk|/k <= 1%)",data/external/KAPPA_POOL_MASTER.csv,10.1007/s40195-025-01853-x,,ZrNiSn,,
ZrNiSn,5.3157,,423.46,experimental (Wiedemann-Franz subtracted),0,experimental,1.0,,,,,,,,,,,repository mining,10.6084/m9.figshare.29438735,https://github.com/KU-Yifan/PGEC-descriptor-TE-design/blob/main/results/lorenz_number/final_processed_with_kappaL.csv,,,,,,,,,D3,removed,"data-deposit row copying a primary-source row (|dT| <= 1 K, |dk|/k <= 1%)",data/external/KAPPA_POOL_MASTER.csv,10.1016/j.nanoen.2020.105372,,ZrNiSn,,
ZrNiSn,5.657,,438.37,experimental (Wiedemann-Franz subtracted),0,experimental,1.0,,,,,,,,,,,repository mining,10.6084/m9.figshare.29438735,https://github.com/KU-Yifan/PGEC-descriptor-TE-design/blob/main/results/lorenz_number/final_processed_with_kappaL.csv,,,,,,,,,D3,removed,"data-deposit row copying a primary-source row (|dT| <= 1 K, |dk|/k <= 1%)",data/external/KAPPA_POOL_MASTER.csv,10.1021/acsaem.9b01740,,ZrNiSn,,
ZrNiSn,4.8746,,521.98,experimental (Wiedemann-Franz subtracted),0,experimental,1.0,,,,,,,,,,,repository mining,10.6084/m9.figshare.29438735,https://github.com/KU-Yifan/PGEC-descriptor-TE-design/blob/main/results/lorenz_number/final_processed_with_kappaL.csv,,,,,,,,,D3,removed,"data-deposit row copying a primary-source row (|dT| <= 1 K, |dk|/k <= 1%)",data/external/KAPPA_POOL_MASTER.csv,10.1007/s40195-025-01853-x,,ZrNiSn,,
ZrNiSn,4.834,,542.3,experimental (Wiedemann-Franz subtracted),0,experimental,1.0,,,,,,,,,,,repository mining,10.6084/m9.figshare.29438735,https://github.com/KU-Yifan/PGEC-descriptor-TE-design/blob/main/results/lorenz_number/final_processed_with_kappaL.csv,,,,,,,,,D3,removed,"data-deposit row copying a primary-source row (|dT| <= 1 K, |dk|/k <= 1%)",data/external/KAPPA_POOL_MASTER.csv,10.1021/acsaem.9b01740,,ZrNiSn,,
ZrNiSn,4.6117,,571.85,experimental (Wiedemann-Franz subtracted),0,experimental,1.0,,,,,,,,,,,repository mining,10.6084/m9.figshare.29438735,https://github.com/KU-Yifan/PGEC-descriptor-TE-design/blob/main/results/lorenz_number/final_processed_with_kappaL.csv,,,,,,,,,D3,removed,"data-deposit row copying a primary-source row (|dT| <= 1 K, |dk|/k <= 1%)",data/external/KAPPA_POOL_MASTER.csv,10.1016/j.nanoen.2020.105372,,ZrNiSn,,
ZrNiSn,4.5495,,594.26,experimental (Wiedemann-Franz subtracted),0,experimental,1.0,,,,,,,,,,,repository mining,10.6084/m9.figshare.29438735,https://github.com/KU-Yifan/PGEC-descriptor-TE-design/blob/main/results/lorenz_number/final_processed_with_kappaL.csv,,,,,,,,,D3,removed,"data-deposit row copying a primary-source row (|dT| <= 1 K, |dk|/k <= 1%)",data/external/KAPPA_POOL_MASTER.csv,10.1021/acsaem.9b01740,,ZrNiSn,,
ZrNiSn,3.4961,,672.21,experimental (Wiedemann-Franz subtracted),0,experimental,1.0,,,,,,,,,,,repository mining,10.6084/m9.figshare.29438735,https://github.com/KU-Yifan/PGEC-descriptor-TE-design/blob/main/results/lorenz_number/final_processed_with_kappaL.csv,,,,,,,,,D3,removed,"data-deposit row copying a primary-source row (|dT| <= 1 K, |dk|/k <= 1%)",data/external/KAPPA_POOL_MASTER.csv,10.1007/s11664-009-1032-8,,ZrNiSn,,
ZrNiSn,4.0319,,672.81,experimental (Wiedemann-Franz subtracted),0,experimental,1.0,,,,,,,,,,,repository mining,10.6084/m9.figshare.29438735,https://github.com/KU-Yifan/PGEC-descriptor-TE-design/blob/main/results/lorenz_number/final_processed_with_kappaL.csv,,,,,,,,,D3,removed,"data-deposit row copying a primary-source row (|dT| <= 1 K, |dk|/k <= 1%)",data/external/KAPPA_POOL_MASTER.csv,10.1016/j.nanoen.2020.105372,,ZrNiSn,,
ZrNiSn,4.3659,,674.02,experimental (Wiedemann-Franz subtracted),0,experimental,1.0,,,,,,,,,,,repository mining,10.6084/m9.figshare.29438735,https://github.com/KU-Yifan/PGEC-descriptor-TE-design/blob/main/results/lorenz_number/final_processed_with_kappaL.csv,,,,,,,,,D3,removed,"data-deposit row copying a primary-source row (|dT| <= 1 K, |dk|/k <= 1%)",data/external/KAPPA_POOL_MASTER.csv,10.1007/s40195-025-01853-x,,ZrNiSn,,
ZrNiSn,4.2683,,723.89,experimental (Wiedemann-Franz subtracted),0,experimental,1.0,,,,,,,,,,,repository mining,10.6084/m9.figshare.29438735,https://github.com/KU-Yifan/PGEC-descriptor-TE-design/blob/main/results/lorenz_number/final_processed_with_kappaL.csv,,,,,,,,,D3,removed,"data-deposit row copying a primary-source row (|dT| <= 1 K, |dk|/k <= 1%)",data/external/KAPPA_POOL_MASTER.csv,10.1016/j.nanoen.2020.105372,,ZrNiSn,,
ZrNiSn,4.1277,,739.88,experimental (Wiedemann-Franz subtracted),0,experimental,1.0,,,,,,,,,,,repository mining,10.6084/m9.figshare.29438735,https://github.com/KU-Yifan/PGEC-descriptor-TE-design/blob/main/results/lorenz_number/final_processed_with_kappaL.csv,,,,,,,,,D3,removed,"data-deposit row copying a primary-source row (|dT| <= 1 K, |dk|/k <= 1%)",data/external/KAPPA_POOL_MASTER.csv,10.1021/acsaem.9b01740,,ZrNiSn,,
ZrNiSn,4.2666,,872.28,experimental (Wiedemann-Franz subtracted),0,experimental,1.0,,,,,,,,,,,repository mining,10.6084/m9.figshare.29438735,https://github.com/KU-Yifan/PGEC-descriptor-TE-design/blob/main/results/lorenz_number/final_processed_with_kappaL.csv,,,,,,,,,D3,removed,"data-deposit row copying a primary-source row (|dT| <= 1 K, |dk|/k <= 1%)",data/external/KAPPA_POOL_MASTER.csv,10.1016/j.nanoen.2020.105372,,ZrNiSn,,
ZrNiSn,4.5286,,872.28,experimental (Wiedemann-Franz subtracted),0,experimental,1.0,,,,,,,,,,,repository mining,10.6084/m9.figshare.29438735,https://github.com/KU-Yifan/PGEC-descriptor-TE-design/blob/main/results/lorenz_number/final_processed_with_kappaL.csv,,,,,,,,,D3,removed,"data-deposit row copying a primary-source row (|dT| <= 1 K, |dk|/k <= 1%)",data/external/KAPPA_POOL_MASTER.csv,10.1016/j.nanoen.2020.105372,,ZrNiSn,,
ZrNiSn,3.9126,,873.5,experimental (Wiedemann-Franz subtracted),0,experimental,1.0,,,,,,,,,,,repository mining,10.6084/m9.figshare.29438735,https://github.com/KU-Yifan/PGEC-descriptor-TE-design/blob/main/results/lorenz_number/final_processed_with_kappaL.csv,,,,,,,,,D3,removed,"data-deposit row copying a primary-source row (|dT| <= 1 K, |dk|/k <= 1%)",data/external/KAPPA_POOL_MASTER.csv,10.1007/s40195-025-01853-x,,ZrNiSn,,
ZrNiSn,3.6971,,885.5,experimental (Wiedemann-Franz subtracted),0,experimental,1.0,,,,,,,,,,,repository mining,10.6084/m9.figshare.29438735,https://github.com/KU-Yifan/PGEC-descriptor-TE-design/blob/main/results/lorenz_number/final_processed_with_kappaL.csv,,,,,,,,,D3,removed,"data-deposit row copying a primary-source row (|dT| <= 1 K, |dk|/k <= 1%)",data/external/KAPPA_POOL_MASTER.csv,10.1021/acsaem.9b01740,,ZrNiSn,,
ZrNiSn,4.7028,,922.15,experimental (Wiedemann-Franz subtracted),0,experimental,1.0,,,,,,,,,,,repository mining,10.6084/m9.figshare.29438735,https://github.com/KU-Yifan/PGEC-descriptor-TE-design/blob/main/results/lorenz_number/final_processed_with_kappaL.csv,,,,,,,,,D3,removed,"data-deposit row copying a primary-source row (|dT| <= 1 K, |dk|/k <= 1%)",data/external/KAPPA_POOL_MASTER.csv,10.1016/j.nanoen.2020.105372,,ZrNiSn,,
ZrNiSn,4.0345,,922.76,experimental (Wiedemann-Franz subtracted),0,experimental,1.0,,,,,,,,,,,repository mining,10.6084/m9.figshare.29438735,https://github.com/KU-Yifan/PGEC-descriptor-TE-design/blob/main/results/lorenz_number/final_processed_with_kappaL.csv,,,,,,,,,D3,removed,"data-deposit row copying a primary-source row (|dT| <= 1 K, |dk|/k <= 1%)",data/external/KAPPA_POOL_MASTER.csv,10.1016/j.nanoen.2020.105372,,ZrNiSn,,
ZrNiSn,4.4332,,923.37,experimental (Wiedemann-Franz subtracted),0,experimental,1.0,,,,,,,,,,,repository mining,10.6084/m9.figshare.29438735,https://github.com/KU-Yifan/PGEC-descriptor-TE-design/blob/main/results/lorenz_number/final_processed_with_kappaL.csv,,,,,,,,,D3,removed,"data-deposit row copying a primary-source row (|dT| <= 1 K, |dk|/k <= 1%)",data/external/KAPPA_POOL_MASTER.csv,10.1016/j.nanoen.2020.105372,,ZrNiSn,,
TiCo2Sn,3.8990370367262512,,206.727,"experimental, Wiedemann-Franz: kappa_total - L*T/rho (Kim2015 L(S=11uV/K))",0,experimental,1.0,wf_subtracted,,,,,,,,,,Starrydata (experimental),10.1103/physrevb.82.104420,https://doi.org/10.1103/physrevb.82.104420,Starrydata all_curves.csv (release 'latest'),,,,,,,,D1,removed,derived (WF / total-minus-kappa_e) copy of a sample whose published kappa_L curve is in the corpus,data/external/KAPPA_POOL_MASTER.csv,,2871.0,TiCo2Sn,,
TiCo2Sn,3.9187711819306266,,217.141,"experimental, Wiedemann-Franz: kappa_total - L*T/rho (Kim2015 L(S=14uV/K))",0,experimental,1.0,wf_subtracted,,,,,,,,,,Starrydata (experimental),10.1103/physrevb.82.104420,https://doi.org/10.1103/physrevb.82.104420,Starrydata all_curves.csv (release 'latest'),,,,,,,,D1,removed,derived (WF / total-minus-kappa_e) copy of a sample whose published kappa_L curve is in the corpus,data/external/KAPPA_POOL_MASTER.csv,,2871.0,TiCo2Sn,,
TiCo2Sn,3.954650514782157,,224.641,"experimental, Wiedemann-Franz: kappa_total - L*T/rho (Kim2015 L(S=14uV/K))",0,experimental,1.0,wf_subtracted,,,,,,,,,,Starrydata (experimental),10.1103/physrevb.82.104420,https://doi.org/10.1103/physrevb.82.104420,Starrydata all_curves.csv (release 'latest'),,,,,,,,D1,removed,derived (WF / total-minus-kappa_e) copy of a sample whose published kappa_L curve is in the corpus,data/external/KAPPA_POOL_MASTER.csv,,2871.0,TiCo2Sn,,
TiCo2Sn,3.98033866276164,,235.041,"experimental, Wiedemann-Franz: kappa_total - L*T/rho (Kim2015 L(S=17uV/K))",0,experimental,1.0,wf_subtracted,,,,,,,,,,Starrydata (experimental),10.1103/physrevb.82.104420,https://doi.org/10.1103/physrevb.82.104420,Starrydata all_curves.csv (release 'latest'),,,,,,,,D1,removed,derived (WF / total-minus-kappa_e) copy of a sample whose published kappa_L curve is in the corpus,data/external/KAPPA_POOL_MASTER.csv,,2871.0,TiCo2Sn,,
TiCo2Sn,4.022909772976862,,242.605,"experimental, Wiedemann-Franz: kappa_total - L*T/rho (Kim2015 L(S=17uV/K))",0,experimental,1.0,wf_subtracted,,,,,,,,,,Starrydata (experimental),10.1103/physrevb.82.104420,https://doi.org/10.1103/physrevb.82.104420,Starrydata all_curves.csv (release 'latest'),,,,,,,,D1,removed,derived (WF / total-minus-kappa_e) copy of a sample whose published kappa_L curve is in the corpus,data/external/KAPPA_POOL_MASTER.csv,,2871.0,TiCo2Sn,,
TiCo2Sn,4.077583065499667,,250.098,"experimental, Wiedemann-Franz: kappa_total - L*T/rho (Kim2015 L(S=20uV/K))",0,experimental,1.0,wf_subtracted,,,,,,,,,,Starrydata (experimental),10.1103/physrevb.82.104420,https://doi.org/10.1103/physrevb.82.104420,Starrydata all_curves.csv (release 'latest'),,,,,,,,D1,removed,derived (WF / total-minus-kappa_e) copy of a sample whose published kappa_L curve is in the corpus,data/external/KAPPA_POOL_MASTER.csv,,2871.0,TiCo2Sn,,
TiCo2Sn,4.15851818776433,,257.015,"experimental, Wiedemann-Franz: kappa_total - L*T/rho (Kim2015 L(S=22uV/K))",0,experimental,1.0,wf_subtracted,,,,,,,,,,Starrydata (experimental),10.1103/physrevb.82.104420,https://doi.org/10.1103/physrevb.82.104420,Starrydata all_curves.csv (release 'latest'),,,,,,,,D1,removed,derived (WF / total-minus-kappa_e) copy of a sample whose published kappa_L curve is in the corpus,data/external/KAPPA_POOL_MASTER.csv,,2871.0,TiCo2Sn,,
TiCo2Sn,4.253206369030576,,264.656,"experimental, Wiedemann-Franz: kappa_total - L*T/rho (Kim2015 L(S=23uV/K))",0,experimental,1.0,wf_subtracted,,,,,,,,,,Starrydata (experimental),10.1103/physrevb.82.104420,https://doi.org/10.1103/physrevb.82.104420,Starrydata all_curves.csv (release 'latest'),,,,,,,,D1,removed,derived (WF / total-minus-kappa_e) copy of a sample whose published kappa_L curve is in the corpus,data/external/KAPPA_POOL_MASTER.csv,,2871.0,TiCo2Sn,,
TiCo2Sn,4.373648866754824,,277.428,"experimental, Wiedemann-Franz: kappa_total - L*T/rho (Kim2015 L(S=28uV/K))",0,experimental,1.0,wf_subtracted,,,,,,,,,,Starrydata (experimental),10.1103/physrevb.82.104420,https://doi.org/10.1103/physrevb.82.104420,Starrydata all_curves.csv (release 'latest'),,,,,,,,D1,removed,derived (WF / total-minus-kappa_e) copy of a sample whose published kappa_L curve is in the corpus,data/external/KAPPA_POOL_MASTER.csv,,2871.0,TiCo2Sn,,
TiCo2Sn,4.353382975107864,,284.169,"experimental, Wiedemann-Franz: kappa_total - L*T/rho (Kim2015 L(S=30uV/K))",0,experimental,1.0,wf_subtracted,,,,,,,,,,Starrydata (experimental),10.1103/physrevb.82.104420,https://doi.org/10.1103/physrevb.82.104420,Starrydata all_curves.csv (release 'latest'),,,,,,,,D1,removed,derived (WF / total-minus-kappa_e) copy of a sample whose published kappa_L curve is in the corpus,data/external/KAPPA_POOL_MASTER.csv,,2871.0,TiCo2Sn,,
TiCo2Sn,4.3709205304519205,,290.679,"experimental, Wiedemann-Franz: kappa_total - L*T/rho (Kim2015 L(S=32uV/K))",0,experimental,1.0,wf_subtracted,,,,,,,,,,Starrydata (experimental),10.1103/physrevb.82.104420,https://doi.org/10.1103/physrevb.82.104420,Starrydata all_curves.csv (release 'latest'),,,,,,,,D1,removed,derived (WF / total-minus-kappa_e) copy of a sample whose published kappa_L curve is in the corpus,data/external/KAPPA_POOL_MASTER.csv,,2871.0,TiCo2Sn,,
TiCo2Sn,4.428134885855664,,297.448,"experimental, Wiedemann-Franz: kappa_total - L*T/rho (Kim2015 L(S=33uV/K))",0,experimental,1.0,wf_subtracted,,,,,,,,,,Starrydata (experimental),10.1103/physrevb.82.104420,https://doi.org/10.1103/physrevb.82.104420,Starrydata all_curves.csv (release 'latest'),,,,,,,,D1,removed,derived (WF / total-minus-kappa_e) copy of a sample whose published kappa_L curve is in the corpus,data/external/KAPPA_POOL_MASTER.csv,,2871.0,TiCo2Sn,,
NbCoSb,4.736857288759476,,296.286,"experimental, Wiedemann-Franz: kappa_total - L*T/rho (Kim2015 L(S=47uV/K))",0,experimental,1.0,wf_subtracted,,,,,,,,,,Starrydata (experimental),10.3390/ma11050773,https://doi.org/10.3390/ma11050773,Starrydata all_curves.csv (release 'latest'),,,,,,,,D1,removed,derived (WF / total-minus-kappa_e) copy of a sample whose published kappa_L curve is in the corpus,data/external/KAPPA_POOL_MASTER.csv,,12659.0,NbCoSb,,
NbCoSb,4.0592566349956165,,371.6078,"experimental, Wiedemann-Franz: kappa_total - L*T/rho (Kim2015 L(S=59uV/K))",0,experimental,1.0,wf_subtracted,,,,,,,,,,Starrydata (experimental),10.3390/ma11050773,https://doi.org/10.3390/ma11050773,Starrydata all_curves.csv (release 'latest'),,,,,,,,D1,removed,derived (WF / total-minus-kappa_e) copy of a sample whose published kappa_L curve is in the corpus,data/external/KAPPA_POOL_MASTER.csv,,12659.0,NbCoSb,,
NbCoSb,3.501692078181184,,470.7107,"experimental, Wiedemann-Franz: kappa_total - L*T/rho (Kim2015 L(S=73uV/K))",0,experimental,1.0,wf_subtracted,,,,,,,,,,Starrydata (experimental),10.3390/ma11050773,https://doi.org/10.3390/ma11050773,Starrydata all_curves.csv (release 'latest'),,,,,,,,D1,removed,derived (WF / total-minus-kappa_e) copy of a sample whose published kappa_L curve is in the corpus,data/external/KAPPA_POOL_MASTER.csv,,12659.0,NbCoSb,,
NbCoSb,3.206705451333778,,570.8525,"experimental, Wiedemann-Franz: kappa_total - L*T/rho (Kim2015 L(S=85uV/K))",0,experimental,1.0,wf_subtracted,,,,,,,,,,Starrydata (experimental),10.3390/ma11050773,https://doi.org/10.3390/ma11050773,Starrydata all_curves.csv (release 'latest'),,,,,,,,D1,removed,derived (WF / total-minus-kappa_e) copy of a sample whose published kappa_L curve is in the corpus,data/external/KAPPA_POOL_MASTER.csv,,12659.0,NbCoSb,,
NbCoSb,2.9978716969008388,,670.9555,"experimental, Wiedemann-Franz: kappa_total - L*T/rho (Kim2015 L(S=98uV/K))",0,experimental,1.0,wf_subtracted,,,,,,,,,,Starrydata (experimental),10.3390/ma11050773,https://doi.org/10.3390/ma11050773,Starrydata all_curves.csv (release 'latest'),,,,,,,,D1,removed,derived (WF / total-minus-kappa_e) copy of a sample whose published kappa_L curve is in the corpus,data/external/KAPPA_POOL_MASTER.csv,,12659.0,NbCoSb,,
NbCoSb,2.7412825036166515,,771.073,"experimental, Wiedemann-Franz: kappa_total - L*T/rho (Kim2015 L(S=109uV/K))",0,experimental,1.0,wf_subtracted,,,,,,,,,,Starrydata (experimental),10.3390/ma11050773,https://doi.org/10.3390/ma11050773,Starrydata all_curves.csv (release 'latest'),,,,,,,,D1,removed,derived (WF / total-minus-kappa_e) copy of a sample whose published kappa_L curve is in the corpus,data/external/KAPPA_POOL_MASTER.csv,,12659.0,NbCoSb,,
NbCoSb,2.472307195708996,,872.3816,"experimental, Wiedemann-Franz: kappa_total - L*T/rho (Kim2015 L(S=119uV/K))",0,experimental,1.0,wf_subtracted,,,,,,,,,,Starrydata (experimental),10.3390/ma11050773,https://doi.org/10.3390/ma11050773,Starrydata all_curves.csv (release 'latest'),,,,,,,,D1,removed,derived (WF / total-minus-kappa_e) copy of a sample whose published kappa_L curve is in the corpus,data/external/KAPPA_POOL_MASTER.csv,,12659.0,NbCoSb,,
NbCoSb,2.2871801665709466,,971.277,"experimental, Wiedemann-Franz: kappa_total - L*T/rho (Kim2015 L(S=127uV/K))",0,experimental,1.0,wf_subtracted,,,,,,,,,,Starrydata (experimental),10.3390/ma11050773,https://doi.org/10.3390/ma11050773,Starrydata all_curves.csv (release 'latest'),,,,,,,,D1,removed,derived (WF / total-minus-kappa_e) copy of a sample whose published kappa_L curve is in the corpus,data/external/KAPPA_POOL_MASTER.csv,,12659.0,NbCoSb,,
ZrCoBi,15.274232402897551,,303.3865,"experimental, Wiedemann-Franz: kappa_total - L*T/rho (Kim2015 L(S=47uV/K))",0,experimental,1.0,wf_subtracted,,,,,,,,,,Starrydata (experimental),10.3390/ma11050728,https://doi.org/10.3390/ma11050728,Starrydata all_curves.csv (release 'latest'),,,,,,,,D1,removed,derived (WF / total-minus-kappa_e) copy of a sample whose published kappa_L curve is in the corpus,data/external/KAPPA_POOL_MASTER.csv,,12664.0,ZrCoBi,,
ZrCoBi,14.623660340011504,,318.9641,"experimental, Wiedemann-Franz: kappa_total - L*T/rho (Kim2015 L(S=46uV/K))",0,experimental,1.0,wf_subtracted,,,,,,,,,,Starrydata (experimental),10.3390/ma11050728,https://doi.org/10.3390/ma11050728,Starrydata all_curves.csv (release 'latest'),,,,,,,,D1,removed,derived (WF / total-minus-kappa_e) copy of a sample whose published kappa_L curve is in the corpus,data/external/KAPPA_POOL_MASTER.csv,,12664.0,ZrCoBi,,
ZrCoBi,14.009673689643272,,334.5417,"experimental, Wiedemann-Franz: kappa_total - L*T/rho (Kim2015 L(S=44uV/K))",0,experimental,1.0,wf_subtracted,,,,,,,,,,Starrydata (experimental),10.3390/ma11050728,https://doi.org/10.3390/ma11050728,Starrydata all_curves.csv (release 'latest'),,,,,,,,D1,removed,derived (WF / total-minus-kappa_e) copy of a sample whose published kappa_L curve is in the corpus,data/external/KAPPA_POOL_MASTER.csv,,12664.0,ZrCoBi,,
ZrCoBi,13.385990880801923,,350.1193,"experimental, Wiedemann-Franz: kappa_total - L*T/rho (Kim2015 L(S=43uV/K))",0,experimental,1.0,wf_subtracted,,,,,,,,,,Starrydata (experimental),10.3390/ma11050728,https://doi.org/10.3390/ma11050728,Starrydata all_curves.csv (release 'latest'),,,,,,,,D1,removed,derived (WF / total-minus-kappa_e) copy of a sample whose published kappa_L curve is in the corpus,data/external/KAPPA_POOL_MASTER.csv,,12664.0,ZrCoBi,,
ZrCoBi,12.869022275220718,,365.6969,"experimental, Wiedemann-Franz: kappa_total - L*T/rho (Kim2015 L(S=42uV/K))",0,experimental,1.0,wf_subtracted,,,,,,,,,,Starrydata (experimental),10.3390/ma11050728,https://doi.org/10.3390/ma11050728,Starrydata all_curves.csv (release 'latest'),,,,,,,,D1,removed,derived (WF / total-minus-kappa_e) copy of a sample whose published kappa_L curve is in the corpus,data/external/KAPPA_POOL_MASTER.csv,,12664.0,ZrCoBi,,
ZrCoBi,12.371439315263352,,381.2745,"experimental, Wiedemann-Franz: kappa_total - L*T/rho (Kim2015 L(S=40uV/K))",0,experimental,1.0,wf_subtracted,,,,,,,,,,Starrydata (experimental),10.3390/ma11050728,https://doi.org/10.3390/ma11050728,Starrydata all_curves.csv (release 'latest'),,,,,,,,D1,removed,derived (WF / total-minus-kappa_e) copy of a sample whose published kappa_L curve is in the corpus,data/external/KAPPA_POOL_MASTER.csv,,12664.0,ZrCoBi,,
ZrCoBi,11.850538380398168,,396.8521,"experimental, Wiedemann-Franz: kappa_total - L*T/rho (Kim2015 L(S=39uV/K))",0,experimental,1.0,wf_subtracted,,,,,,,,,,Starrydata (experimental),10.3390/ma11050728,https://doi.org/10.3390/ma11050728,Starrydata all_curves.csv (release 'latest'),,,,,,,,D1,removed,derived (WF / total-minus-kappa_e) copy of a sample whose published kappa_L curve is in the corpus,data/external/KAPPA_POOL_MASTER.csv,,12664.0,ZrCoBi,,
ZrCoBi,11.481047241073927,,412.4298,"experimental, Wiedemann-Franz: kappa_total - L*T/rho (Kim2015 L(S=38uV/K))",0,experimental,1.0,wf_subtracted,,,,,,,,,,Starrydata (experimental),10.3390/ma11050728,https://doi.org/10.3390/ma11050728,Starrydata all_curves.csv (release 'latest'),,,,,,,,D1,removed,derived (WF / total-minus-kappa_e) copy of a sample whose published kappa_L curve is in the corpus,data/external/KAPPA_POOL_MASTER.csv,,12664.0,ZrCoBi,,
ZrCoBi,11.0736808673059,,428.0074,"experimental, Wiedemann-Franz: kappa_total - L*T/rho (Kim2015 L(S=37uV/K))",0,experimental,1.0,wf_subtracted,,,,,,,,,,Starrydata (experimental),10.3390/ma11050728,https://doi.org/10.3390/ma11050728,Starrydata all_curves.csv (release 'latest'),,,,,,,,D1,removed,derived (WF / total-minus-kappa_e) copy of a sample whose published kappa_L curve is in the corpus,data/external/KAPPA_POOL_MASTER.csv,,12664.0,ZrCoBi,,
ZrCoBi,10.679551446741264,,443.585,"experimental, Wiedemann-Franz: kappa_total - L*T/rho (Kim2015 L(S=36uV/K))",0,experimental,1.0,wf_subtracted,,,,,,,,,,Starrydata (experimental),10.3390/ma11050728,https://doi.org/10.3390/ma11050728,Starrydata all_curves.csv (release 'latest'),,,,,,,,D1,removed,derived (WF / total-minus-kappa_e) copy of a sample whose published kappa_L curve is in the corpus,data/external/KAPPA_POOL_MASTER.csv,,12664.0,ZrCoBi,,
ZrCoBi,10.4452083193016,,459.1626,"experimental, Wiedemann-Franz: kappa_total - L*T/rho (Kim2015 L(S=36uV/K))",0,experimental,1.0,wf_subtracted,,,,,,,,,,Starrydata (experimental),10.3390/ma11050728,https://doi.org/10.3390/ma11050728,Starrydata all_curves.csv (release 'latest'),,,,,,,,D1,removed,derived (WF / total-minus-kappa_e) copy of a sample whose published kappa_L curve is in the corpus,data/external/KAPPA_POOL_MASTER.csv,,12664.0,ZrCoBi,,
ZrCoBi,10.139420146140772,,471.3414,"experimental, Wiedemann-Franz: kappa_total - L*T/rho (Kim2015 L(S=35uV/K))",0,experimental,1.0,wf_subtracted,,,,,,,,,,Starrydata (experimental),10.3390/ma11050728,https://doi.org/10.3390/ma11050728,Starrydata all_curves.csv (release 'latest'),,,,,,,,D1,removed,derived (WF / total-minus-kappa_e) copy of a sample whose published kappa_L curve is in the corpus,data/external/KAPPA_POOL_MASTER.csv,,12664.0,ZrCoBi,,
ZrCoBi,10.05733060551109,,486.0694,"experimental, Wiedemann-Franz: kappa_total - L*T/rho (Kim2015 L(S=35uV/K))",0,experimental,1.0,wf_subtracted,,,,,,,,,,Starrydata (experimental),10.3390/ma11050728,https://doi.org/10.3390/ma11050728,Starrydata all_curves.csv (release 'latest'),,,,,,,,D1,removed,derived (WF / total-minus-kappa_e) copy of a sample whose published kappa_L curve is in the corpus,data/external/KAPPA_POOL_MASTER.csv,,12664.0,ZrCoBi,,
ZrCoBi,9.882480034020071,,501.647,"experimental, Wiedemann-Franz: kappa_total - L*T/rho (Kim2015 L(S=34uV/K))",0,experimental,1.0,wf_subtracted,,,,,,,,,,Starrydata (experimental),10.3390/ma11050728,https://doi.org/10.3390/ma11050728,Starrydata all_curves.csv (release 'latest'),,,,,,,,D1,removed,derived (WF / total-minus-kappa_e) copy of a sample whose published kappa_L curve is in the corpus,data/external/KAPPA_POOL_MASTER.csv,,12664.0,ZrCoBi,,
ZrCoBi,9.62109458031625,,525.7215,"experimental, Wiedemann-Franz: kappa_total - L*T/rho (Kim2015 L(S=34uV/K))",0,experimental,1.0,wf_subtracted,,,,,,,,,,Starrydata (experimental),10.3390/ma11050728,https://doi.org/10.3390/ma11050728,Starrydata all_curves.csv (release 'latest'),,,,,,,,D1,removed,derived (WF / total-minus-kappa_e) copy of a sample whose published kappa_L curve is in the corpus,data/external/KAPPA_POOL_MASTER.csv,,12664.0,ZrCoBi,,
ZrCoBi,9.472845722936986,,541.2991,"experimental, Wiedemann-Franz: kappa_total - L*T/rho (Kim2015 L(S=33uV/K))",0,experimental,1.0,wf_subtracted,,,,,,,,,,Starrydata (experimental),10.3390/ma11050728,https://doi.org/10.3390/ma11050728,Starrydata all_curves.csv (release 'latest'),,,,,,,,D1,removed,derived (WF / total-minus-kappa_e) copy of a sample whose published kappa_L curve is in the corpus,data/external/KAPPA_POOL_MASTER.csv,,12664.0,ZrCoBi,,
ZrCoBi,9.313955268615777,,559.709,"experimental, Wiedemann-Franz: kappa_total - L*T/rho (Kim2015 L(S=33uV/K))",0,experimental,1.0,wf_subtracted,,,,,,,,,,Starrydata (experimental),10.3390/ma11050728,https://doi.org/10.3390/ma11050728,Starrydata all_curves.csv (release 'latest'),,,,,,,,D1,removed,derived (WF / total-minus-kappa_e) copy of a sample whose published kappa_L curve is in the corpus,data/external/KAPPA_POOL_MASTER.csv,,12664.0,ZrCoBi,,
ZrCoBi,9.145389969059114,,575.2866,"experimental, Wiedemann-Franz: kappa_total - L*T/rho (Kim2015 L(S=34uV/K))",0,experimental,1.0,wf_subtracted,,,,,,,,,,Starrydata (experimental),10.3390/ma11050728,https://doi.org/10.3390/ma11050728,Starrydata all_curves.csv (release 'latest'),,,,,,,,D1,removed,derived (WF / total-minus-kappa_e) copy of a sample whose published kappa_L curve is in the corpus,data/external/KAPPA_POOL_MASTER.csv,,12664.0,ZrCoBi,,
ZrCoBi,8.994207951337627,,590.8642,"experimental, Wiedemann-Franz: kappa_total - L*T/rho (Kim2015 L(S=33uV/K))",0,experimental,1.0,wf_subtracted,,,,,,,,,,Starrydata (experimental),10.3390/ma11050728,https://doi.org/10.3390/ma11050728,Starrydata all_curves.csv (release 'latest'),,,,,,,,D1,removed,derived (WF / total-minus-kappa_e) copy of a sample whose published kappa_L curve is in the corpus,data/external/KAPPA_POOL_MASTER.csv,,12664.0,ZrCoBi,,
ZrCoBi,8.880919143084514,,606.4418,"experimental, Wiedemann-Franz: kappa_total - L*T/rho (Kim2015 L(S=33uV/K))",0,experimental,1.0,wf_subtracted,,,,,,,,,,Starrydata (experimental),10.3390/ma11050728,https://doi.org/10.3390/ma11050728,Starrydata all_curves.csv (release 'latest'),,,,,,,,D1,removed,derived (WF / total-minus-kappa_e) copy of a sample whose published kappa_L curve is in the corpus,data/external/KAPPA_POOL_MASTER.csv,,12664.0,ZrCoBi,,
ZrCoBi,8.767700011738203,,622.0194,"experimental, Wiedemann-Franz: kappa_total - L*T/rho (Kim2015 L(S=34uV/K))",0,experimental,1.0,wf_subtracted,,,,,,,,,,Starrydata (experimental),10.3390/ma11050728,https://doi.org/10.3390/ma11050728,Starrydata all_curves.csv (release 'latest'),,,,,,,,D1,removed,derived (WF / total-minus-kappa_e) copy of a sample whose published kappa_L curve is in the corpus,data/external/KAPPA_POOL_MASTER.csv,,12664.0,ZrCoBi,,
ZrCoBi,8.622443447875272,,637.597,"experimental, Wiedemann-Franz: kappa_total - L*T/rho (Kim2015 L(S=34uV/K))",0,experimental,1.0,wf_subtracted,,,,,,,,,,Starrydata (experimental),10.3390/ma11050728,https://doi.org/10.3390/ma11050728,Starrydata all_curves.csv (release 'latest'),,,,,,,,D1,removed,derived (WF / total-minus-kappa_e) copy of a sample whose published kappa_L curve is in the corpus,data/external/KAPPA_POOL_MASTER.csv,,12664.0,ZrCoBi,,
ZrCoBi,8.558728639495062,,653.1746,"experimental, Wiedemann-Franz: kappa_total - L*T/rho (Kim2015 L(S=34uV/K))",0,experimental,1.0,wf_subtracted,,,,,,,,,,Starrydata (experimental),10.3390/ma11050728,https://doi.org/10.3390/ma11050728,Starrydata all_curves.csv (release 'latest'),,,,,,,,D1,removed,derived (WF / total-minus-kappa_e) copy of a sample whose published kappa_L curve is in the corpus,data/external/KAPPA_POOL_MASTER.csv,,12664.0,ZrCoBi,,
ZrCoBi,8.390369405384243,,670.1684,"experimental, Wiedemann-Franz: kappa_total - L*T/rho (Kim2015 L(S=35uV/K))",0,experimental,1.0,wf_subtracted,,,,,,,,,,Starrydata (experimental),10.3390/ma11050728,https://doi.org/10.3390/ma11050728,Starrydata all_curves.csv (release 'latest'),,,,,,,,D1,removed,derived (WF / total-minus-kappa_e) copy of a sample whose published kappa_L curve is in the corpus,data/external/KAPPA_POOL_MASTER.csv,,12664.0,ZrCoBi,,
ZrCoBi,8.259761773309453,,685.746,"experimental, Wiedemann-Franz: kappa_total - L*T/rho (Kim2015 L(S=36uV/K))",0,experimental,1.0,wf_subtracted,,,,,,,,,,Starrydata (experimental),10.3390/ma11050728,https://doi.org/10.3390/ma11050728,Starrydata all_curves.csv (release 'latest'),,,,,,,,D1,removed,derived (WF / total-minus-kappa_e) copy of a sample whose published kappa_L curve is in the corpus,data/external/KAPPA_POOL_MASTER.csv,,12664.0,ZrCoBi,,
ZrCoBi,8.102474719096616,,700.8515,"experimental, Wiedemann-Franz: kappa_total - L*T/rho (Kim2015 L(S=36uV/K))",0,experimental,1.0,wf_subtracted,,,,,,,,,,Starrydata (experimental),10.3390/ma11050728,https://doi.org/10.3390/ma11050728,Starrydata all_curves.csv (release 'latest'),,,,,,,,D1,removed,derived (WF / total-minus-kappa_e) copy of a sample whose published kappa_L curve is in the corpus,data/external/KAPPA_POOL_MASTER.csv,,12664.0,ZrCoBi,,
ZrCoBi,8.024066304816404,,717.4677,"experimental, Wiedemann-Franz: kappa_total - L*T/rho (Kim2015 L(S=37uV/K))",0,experimental,1.0,wf_subtracted,,,,,,,,,,Starrydata (experimental),10.3390/ma11050728,https://doi.org/10.3390/ma11050728,Starrydata all_curves.csv (release 'latest'),,,,,,,,D1,removed,derived (WF / total-minus-kappa_e) copy of a sample whose published kappa_L curve is in the corpus,data/external/KAPPA_POOL_MASTER.csv,,12664.0,ZrCoBi,,
ZrCoBi,7.872144127129137,,732.4788,"experimental, Wiedemann-Franz: kappa_total - L*T/rho (Kim2015 L(S=38uV/K))",0,experimental,1.0,wf_subtracted,,,,,,,,,,Starrydata (experimental),10.3390/ma11050728,https://doi.org/10.3390/ma11050728,Starrydata all_curves.csv (release 'latest'),,,,,,,,D1,removed,derived (WF / total-minus-kappa_e) copy of a sample whose published kappa_L curve is in the corpus,data/external/KAPPA_POOL_MASTER.csv,,12664.0,ZrCoBi,,
ZrCoBi,7.862940218194688,,748.0564,"experimental, Wiedemann-Franz: kappa_total - L*T/rho (Kim2015 L(S=39uV/K))",0,experimental,1.0,wf_subtracted,,,,,,,,,,Starrydata (experimental),10.3390/ma11050728,https://doi.org/10.3390/ma11050728,Starrydata all_curves.csv (release 'latest'),,,,,,,,D1,removed,derived (WF / total-minus-kappa_e) copy of a sample whose published kappa_L curve is in the corpus,data/external/KAPPA_POOL_MASTER.csv,,12664.0,ZrCoBi,,
ZrCoBi,7.784915531771966,,763.634,"experimental, Wiedemann-Franz: kappa_total - L*T/rho (Kim2015 L(S=40uV/K))",0,experimental,1.0,wf_subtracted,,,,,,,,,,Starrydata (experimental),10.3390/ma11050728,https://doi.org/10.3390/ma11050728,Starrydata all_curves.csv (release 'latest'),,,,,,,,D1,removed,derived (WF / total-minus-kappa_e) copy of a sample whose published kappa_L curve is in the corpus,data/external/KAPPA_POOL_MASTER.csv,,12664.0,ZrCoBi,,
ZrCoBi,7.658914481638622,,779.2116,"experimental, Wiedemann-Franz: kappa_total - L*T/rho (Kim2015 L(S=42uV/K))",0,experimental,1.0,wf_subtracted,,,,,,,,,,Starrydata (experimental),10.3390/ma11050728,https://doi.org/10.3390/ma11050728,Starrydata all_curves.csv (release 'latest'),,,,,,,,D1,removed,derived (WF / total-minus-kappa_e) copy of a sample whose published kappa_L curve is in the corpus,data/external/KAPPA_POOL_MASTER.csv,,12664.0,ZrCoBi,,
ZrCoBi,7.658050464011086,,794.7893,"experimental, Wiedemann-Franz: kappa_total - L*T/rho (Kim2015 L(S=43uV/K))",0,experimental,1.0,wf_subtracted,,,,,,,,,,Starrydata (experimental),10.3390/ma11050728,https://doi.org/10.3390/ma11050728,Starrydata all_curves.csv (release 'latest'),,,,,,,,D1,removed,derived (WF / total-minus-kappa_e) copy of a sample whose published kappa_L curve is in the corpus,data/external/KAPPA_POOL_MASTER.csv,,12664.0,ZrCoBi,,
ZrCoBi,7.652505727863554,,803.2861,"experimental, Wiedemann-Franz: kappa_total - L*T/rho (Kim2015 L(S=43uV/K))",0,experimental,1.0,wf_subtracted,,,,,,,,,,Starrydata (experimental),10.3390/ma11050728,https://doi.org/10.3390/ma11050728,Starrydata all_curves.csv (release 'latest'),,,,,,,,D1,removed,derived (WF / total-minus-kappa_e) copy of a sample whose published kappa_L curve is in the corpus,data/external/KAPPA_POOL_MASTER.csv,,12664.0,ZrCoBi,,
ZrCoBi,9.412077123250448,,551.5254,"experimental, Wiedemann-Franz: kappa_total - L*T/rho (Kim2015 L(S=33uV/K))",0,experimental,1.0,wf_subtracted,,,,,,,,,,Starrydata (experimental),10.3390/ma11050728,https://doi.org/10.3390/ma11050728,Starrydata all_curves.csv (release 'latest'),,,,,,,,D1,removed,derived (WF / total-minus-kappa_e) copy of a sample whose published kappa_L curve is in the corpus,data/external/KAPPA_POOL_MASTER.csv,,12664.0,ZrCoBi,,
TiNiSn,5.9866291835290255,,324.625,"experimental, Wiedemann-Franz: kappa_total - L*T/rho (Kim2015 L(S=192uV/K))",0,experimental,1.0,wf_subtracted,,,,,,,,,,Starrydata (experimental),10.3390/ma11040536,https://doi.org/10.3390/ma11040536,Starrydata all_curves.csv (release 'latest'),,,,,,,,D1,removed,derived (WF / total-minus-kappa_e) copy of a sample whose published kappa_L curve is in the corpus,data/external/KAPPA_POOL_MASTER.csv,,12671.0,TiNiSn,,
TiNiSn,5.844786003871966,,339.9866,"experimental, Wiedemann-Franz: kappa_total - L*T/rho (Kim2015 L(S=197uV/K))",0,experimental,1.0,wf_subtracted,,,,,,,,,,Starrydata (experimental),10.3390/ma11040536,https://doi.org/10.3390/ma11040536,Starrydata all_curves.csv (release 'latest'),,,,,,,,D1,removed,derived (WF / total-minus-kappa_e) copy of a sample whose published kappa_L curve is in the corpus,data/external/KAPPA_POOL_MASTER.csv,,12671.0,TiNiSn,,
TiNiSn,5.6970775465494095,,355.3481,"experimental, Wiedemann-Franz: kappa_total - L*T/rho (Kim2015 L(S=202uV/K))",0,experimental,1.0,wf_subtracted,,,,,,,,,,Starrydata (experimental),10.3390/ma11040536,https://doi.org/10.3390/ma11040536,Starrydata all_curves.csv (release 'latest'),,,,,,,,D1,removed,derived (WF / total-minus-kappa_e) copy of a sample whose published kappa_L curve is in the corpus,data/external/KAPPA_POOL_MASTER.csv,,12671.0,TiNiSn,,
TiNiSn,5.531974006610133,,370.7097,"experimental, Wiedemann-Franz: kappa_total - L*T/rho (Kim2015 L(S=208uV/K))",0,experimental,1.0,wf_subtracted,,,,,,,,,,Starrydata (experimental),10.3390/ma11040536,https://doi.org/10.3390/ma11040536,Starrydata all_curves.csv (release 'latest'),,,,,,,,D1,removed,derived (WF / total-minus-kappa_e) copy of a sample whose published kappa_L curve is in the corpus,data/external/KAPPA_POOL_MASTER.csv,,12671.0,TiNiSn,,
TiNiSn,5.393026322234941,,386.0712,"experimental, Wiedemann-Franz: kappa_total - L*T/rho (Kim2015 L(S=213uV/K))",0,experimental,1.0,wf_subtracted,,,,,,,,,,Starrydata (experimental),10.3390/ma11040536,https://doi.org/10.3390/ma11040536,Starrydata all_curves.csv (release 'latest'),,,,,,,,D1,removed,derived (WF / total-minus-kappa_e) copy of a sample whose published kappa_L curve is in the corpus,data/external/KAPPA_POOL_MASTER.csv,,12671.0,TiNiSn,,
TiNiSn,5.290230369292975,,402.0147,"experimental, Wiedemann-Franz: kappa_total - L*T/rho (Kim2015 L(S=218uV/K))",0,experimental,1.0,wf_subtracted,,,,,,,,,,Starrydata (experimental),10.3390/ma11040536,https://doi.org/10.3390/ma11040536,Starrydata all_curves.csv (release 'latest'),,,,,,,,D1,removed,derived (WF / total-minus-kappa_e) copy of a sample whose published kappa_L curve is in the corpus,data/external/KAPPA_POOL_MASTER.csv,,12671.0,TiNiSn,,
TiNiSn,5.378426473497264,,411.9066,"experimental, Wiedemann-Franz: kappa_total - L*T/rho (Kim2015 L(S=222uV/K))",0,experimental,1.0,wf_subtracted,,,,,,,,,,Starrydata (experimental),10.3390/ma11040536,https://doi.org/10.3390/ma11040536,Starrydata all_curves.csv (release 'latest'),,,,,,,,D1,removed,derived (WF / total-minus-kappa_e) copy of a sample whose published kappa_L curve is in the corpus,data/external/KAPPA_POOL_MASTER.csv,,12671.0,TiNiSn,,
TiNiSn,5.138518933662752,,419.277,"experimental, Wiedemann-Franz: kappa_total - L*T/rho (Kim2015 L(S=223uV/K))",0,experimental,1.0,wf_subtracted,,,,,,,,,,Starrydata (experimental),10.3390/ma11040536,https://doi.org/10.3390/ma11040536,Starrydata all_curves.csv (release 'latest'),,,,,,,,D1,removed,derived (WF / total-minus-kappa_e) copy of a sample whose published kappa_L curve is in the corpus,data/external/KAPPA_POOL_MASTER.csv,,12671.0,TiNiSn,,
TiNiSn,5.053364098012845,,434.9489,"experimental, Wiedemann-Franz: kappa_total - L*T/rho (Kim2015 L(S=225uV/K))",0,experimental,1.0,wf_subtracted,,,,,,,,,,Starrydata (experimental),10.3390/ma11040536,https://doi.org/10.3390/ma11040536,Starrydata all_curves.csv (release 'latest'),,,,,,,,D1,removed,derived (WF / total-minus-kappa_e) copy of a sample whose published kappa_L curve is in the corpus,data/external/KAPPA_POOL_MASTER.csv,,12671.0,TiNiSn,,
TiNiSn,4.954830128050131,,449.2243,"experimental, Wiedemann-Franz: kappa_total - L*T/rho (Kim2015 L(S=227uV/K))",0,experimental,1.0,wf_subtracted,,,,,,,,,,Starrydata (experimental),10.3390/ma11040536,https://doi.org/10.3390/ma11040536,Starrydata all_curves.csv (release 'latest'),,,,,,,,D1,removed,derived (WF / total-minus-kappa_e) copy of a sample whose published kappa_L curve is in the corpus,data/external/KAPPA_POOL_MASTER.csv,,12671.0,TiNiSn,,
TiNiSn,4.812909983806954,,464.6945,"experimental, Wiedemann-Franz: kappa_total - L*T/rho (Kim2015 L(S=228uV/K))",0,experimental,1.0,wf_subtracted,,,,,,,,,,Starrydata (experimental),10.3390/ma11040536,https://doi.org/10.3390/ma11040536,Starrydata all_curves.csv (release 'latest'),,,,,,,,D1,removed,derived (WF / total-minus-kappa_e) copy of a sample whose published kappa_L curve is in the corpus,data/external/KAPPA_POOL_MASTER.csv,,12671.0,TiNiSn,,
TiNiSn,4.689124822993018,,474.7493,"experimental, Wiedemann-Franz: kappa_total - L*T/rho (Kim2015 L(S=228uV/K))",0,experimental,1.0,wf_subtracted,,,,,,,,,,Starrydata (experimental),10.3390/ma11040536,https://doi.org/10.3390/ma11040536,Starrydata all_curves.csv (release 'latest'),,,,,,,,D1,removed,derived (WF / total-minus-kappa_e) copy of a sample whose published kappa_L curve is in the corpus,data/external/KAPPA_POOL_MASTER.csv,,12671.0,TiNiSn,,
TiNiSn,4.705220958956914,,490.6694,"experimental, Wiedemann-Franz: kappa_total - L*T/rho (Kim2015 L(S=232uV/K))",0,experimental,1.0,wf_subtracted,,,,,,,,,,Starrydata (experimental),10.3390/ma11040536,https://doi.org/10.3390/ma11040536,Starrydata all_curves.csv (release 'latest'),,,,,,,,D1,removed,derived (WF / total-minus-kappa_e) copy of a sample whose published kappa_L curve is in the corpus,data/external/KAPPA_POOL_MASTER.csv,,12671.0,TiNiSn,,
TiNiSn,4.613894087823175,,505.612,"experimental, Wiedemann-Franz: kappa_total - L*T/rho (Kim2015 L(S=233uV/K))",0,experimental,1.0,wf_subtracted,,,,,,,,,,Starrydata (experimental),10.3390/ma11040536,https://doi.org/10.3390/ma11040536,Starrydata all_curves.csv (release 'latest'),,,,,,,,D1,removed,derived (WF / total-minus-kappa_e) copy of a sample whose published kappa_L curve is in the corpus,data/external/KAPPA_POOL_MASTER.csv,,12671.0,TiNiSn,,
TiNiSn,4.579232083248217,,521.1132,"experimental, Wiedemann-Franz: kappa_total - L*T/rho (Kim2015 L(S=233uV/K))",0,experimental,1.0,wf_subtracted,,,,,,,,,,Starrydata (experimental),10.3390/ma11040536,https://doi.org/10.3390/ma11040536,Starrydata all_curves.csv (release 'latest'),,,,,,,,D1,removed,derived (WF / total-minus-kappa_e) copy of a sample whose published kappa_L curve is in the corpus,data/external/KAPPA_POOL_MASTER.csv,,12671.0,TiNiSn,,
TiNiSn,4.512067233448063,,536.6144,"experimental, Wiedemann-Franz: kappa_total - L*T/rho (Kim2015 L(S=233uV/K))",0,experimental,1.0,wf_subtracted,,,,,,,,,,Starrydata (experimental),10.3390/ma11040536,https://doi.org/10.3390/ma11040536,Starrydata all_curves.csv (release 'latest'),,,,,,,,D1,removed,derived (WF / total-minus-kappa_e) copy of a sample whose published kappa_L curve is in the corpus,data/external/KAPPA_POOL_MASTER.csv,,12671.0,TiNiSn,,
TiNiSn,4.470335542949445,,552.779,"experimental, Wiedemann-Franz: kappa_total - L*T/rho (Kim2015 L(S=233uV/K))",0,experimental,1.0,wf_subtracted,,,,,,,,,,Starrydata (experimental),10.3390/ma11040536,https://doi.org/10.3390/ma11040536,Starrydata all_curves.csv (release 'latest'),,,,,,,,D1,removed,derived (WF / total-minus-kappa_e) copy of a sample whose published kappa_L curve is in the corpus,data/external/KAPPA_POOL_MASTER.csv,,12671.0,TiNiSn,,
TiNiSn,4.428690908637773,,567.6169,"experimental, Wiedemann-Franz: kappa_total - L*T/rho (Kim2015 L(S=232uV/K))",0,experimental,1.0,wf_subtracted,,,,,,,,,,Starrydata (experimental),10.3390/ma11040536,https://doi.org/10.3390/ma11040536,Starrydata all_curves.csv (release 'latest'),,,,,,,,D1,removed,derived (WF / total-minus-kappa_e) copy of a sample whose published kappa_L curve is in the corpus,data/external/KAPPA_POOL_MASTER.csv,,12671.0,TiNiSn,,
TiNiSn,4.415432877182204,,582.5794,"experimental, Wiedemann-Franz: kappa_total - L*T/rho (Kim2015 L(S=232uV/K))",0,experimental,1.0,wf_subtracted,,,,,,,,,,Starrydata (experimental),10.3390/ma11040536,https://doi.org/10.3390/ma11040536,Starrydata all_curves.csv (release 'latest'),,,,,,,,D1,removed,derived (WF / total-minus-kappa_e) copy of a sample whose published kappa_L curve is in the corpus,data/external/KAPPA_POOL_MASTER.csv,,12671.0,TiNiSn,,
TiNiSn,4.399284897988629,,594.1504,"experimental, Wiedemann-Franz: kappa_total - L*T/rho (Kim2015 L(S=232uV/K))",0,experimental,1.0,wf_subtracted,,,,,,,,,,Starrydata (experimental),10.3390/ma11040536,https://doi.org/10.3390/ma11040536,Starrydata all_curves.csv (release 'latest'),,,,,,,,D1,removed,derived (WF / total-minus-kappa_e) copy of a sample whose published kappa_L curve is in the corpus,data/external/KAPPA_POOL_MASTER.csv,,12671.0,TiNiSn,,
TiNiSn,4.362135450259452,,622.6391,"experimental, Wiedemann-Franz: kappa_total - L*T/rho (Kim2015 L(S=229uV/K))",0,experimental,1.0,wf_subtracted,,,,,,,,,,Starrydata (experimental),10.3390/ma11040536,https://doi.org/10.3390/ma11040536,Starrydata all_curves.csv (release 'latest'),,,,,,,,D1,removed,derived (WF / total-minus-kappa_e) copy of a sample whose published kappa_L curve is in the corpus,data/external/KAPPA_POOL_MASTER.csv,,12671.0,TiNiSn,,
TiNiSn,4.318545024719343,,636.3559,"experimental, Wiedemann-Franz: kappa_total - L*T/rho (Kim2015 L(S=227uV/K))",0,experimental,1.0,wf_subtracted,,,,,,,,,,Starrydata (experimental),10.3390/ma11040536,https://doi.org/10.3390/ma11040536,Starrydata all_curves.csv (release 'latest'),,,,,,,,D1,removed,derived (WF / total-minus-kappa_e) copy of a sample whose published kappa_L curve is in the corpus,data/external/KAPPA_POOL_MASTER.csv,,12671.0,TiNiSn,,
TiNiSn,4.328562790836194,,652.245,"experimental, Wiedemann-Franz: kappa_total - L*T/rho (Kim2015 L(S=224uV/K))",0,experimental,1.0,wf_subtracted,,,,,,,,,,Starrydata (experimental),10.3390/ma11040536,https://doi.org/10.3390/ma11040536,Starrydata all_curves.csv (release 'latest'),,,,,,,,D1,removed,derived (WF / total-minus-kappa_e) copy of a sample whose published kappa_L curve is in the corpus,data/external/KAPPA_POOL_MASTER.csv,,12671.0,TiNiSn,,
TiNiSn,4.2995354149605705,,668.0255,"experimental, Wiedemann-Franz: kappa_total - L*T/rho (Kim2015 L(S=221uV/K))",0,experimental,1.0,wf_subtracted,,,,,,,,,,Starrydata (experimental),10.3390/ma11040536,https://doi.org/10.3390/ma11040536,Starrydata all_curves.csv (release 'latest'),,,,,,,,D1,removed,derived (WF / total-minus-kappa_e) copy of a sample whose published kappa_L curve is in the corpus,data/external/KAPPA_POOL_MASTER.csv,,12671.0,TiNiSn,,
TiNiSn,4.303134905550915,,684.6439,"experimental, Wiedemann-Franz: kappa_total - L*T/rho (Kim2015 L(S=217uV/K))",0,experimental,1.0,wf_subtracted,,,,,,,,,,Starrydata (experimental),10.3390/ma11040536,https://doi.org/10.3390/ma11040536,Starrydata all_curves.csv (release 'latest'),,,,,,,,D1,removed,derived (WF / total-minus-kappa_e) copy of a sample whose published kappa_L curve is in the corpus,data/external/KAPPA_POOL_MASTER.csv,,12671.0,TiNiSn,,
TiNiSn,4.296910824666989,,700.5951,"experimental, Wiedemann-Franz: kappa_total - L*T/rho (Kim2015 L(S=212uV/K))",0,experimental,1.0,wf_subtracted,,,,,,,,,,Starrydata (experimental),10.3390/ma11040536,https://doi.org/10.3390/ma11040536,Starrydata all_curves.csv (release 'latest'),,,,,,,,D1,removed,derived (WF / total-minus-kappa_e) copy of a sample whose published kappa_L curve is in the corpus,data/external/KAPPA_POOL_MASTER.csv,,12671.0,TiNiSn,,
TiNiSn,4.313516068004909,,715.6464,"experimental, Wiedemann-Franz: kappa_total - L*T/rho (Kim2015 L(S=208uV/K))",0,experimental,1.0,wf_subtracted,,,,,,,,,,Starrydata (experimental),10.3390/ma11040536,https://doi.org/10.3390/ma11040536,Starrydata all_curves.csv (release 'latest'),,,,,,,,D1,removed,derived (WF / total-minus-kappa_e) copy of a sample whose published kappa_L curve is in the corpus,data/external/KAPPA_POOL_MASTER.csv,,12671.0,TiNiSn,,
TiNiSn,4.301822852872473,,731.0079,"experimental, Wiedemann-Franz: kappa_total - L*T/rho (Kim2015 L(S=203uV/K))",0,experimental,1.0,wf_subtracted,,,,,,,,,,Starrydata (experimental),10.3390/ma11040536,https://doi.org/10.3390/ma11040536,Starrydata all_curves.csv (release 'latest'),,,,,,,,D1,removed,derived (WF / total-minus-kappa_e) copy of a sample whose published kappa_L curve is in the corpus,data/external/KAPPA_POOL_MASTER.csv,,12671.0,TiNiSn,,
TiNiSn,4.304671909913889,,745.4385,"experimental, Wiedemann-Franz: kappa_total - L*T/rho (Kim2015 L(S=198uV/K))",0,experimental,1.0,wf_subtracted,,,,,,,,,,Starrydata (experimental),10.3390/ma11040536,https://doi.org/10.3390/ma11040536,Starrydata all_curves.csv (release 'latest'),,,,,,,,D1,removed,derived (WF / total-minus-kappa_e) copy of a sample whose published kappa_L curve is in the corpus,data/external/KAPPA_POOL_MASTER.csv,,12671.0,TiNiSn,,
TiNiSn,4.328325924817232,,761.4517,"experimental, Wiedemann-Franz: kappa_total - L*T/rho (Kim2015 L(S=193uV/K))",0,experimental,1.0,wf_subtracted,,,,,,,,,,Starrydata (experimental),10.3390/ma11040536,https://doi.org/10.3390/ma11040536,Starrydata all_curves.csv (release 'latest'),,,,,,,,D1,removed,derived (WF / total-minus-kappa_e) copy of a sample whose published kappa_L curve is in the corpus,data/external/KAPPA_POOL_MASTER.csv,,12671.0,TiNiSn,,
TiNiSn,4.317581925041354,,773.6013,"experimental, Wiedemann-Franz: kappa_total - L*T/rho (Kim2015 L(S=190uV/K))",0,experimental,1.0,wf_subtracted,,,,,,,,,,Starrydata (experimental),10.3390/ma11040536,https://doi.org/10.3390/ma11040536,Starrydata all_curves.csv (release 'latest'),,,,,,,,D1,removed,derived (WF / total-minus-kappa_e) copy of a sample whose published kappa_L curve is in the corpus,data/external/KAPPA_POOL_MASTER.csv,,12671.0,TiNiSn,,
TiNiSn,7.414264506219911,,326.698,"experimental, Wiedemann-Franz: kappa_total - L*T/rho (Kim2015 L(S=116uV/K))",0,experimental,1.0,wf_subtracted,,,,,,,,,,Starrydata (experimental),10.3390/ma11020262,https://doi.org/10.3390/ma11020262,Starrydata all_curves.csv (release 'latest'),,,,,,,,D1,removed,derived (WF / total-minus-kappa_e) copy of a sample whose published kappa_L curve is in the corpus,data/external/KAPPA_POOL_MASTER.csv,,12689.0,TiNiSn,,
TiNiSn,7.5246798755383635,,337.7163,"experimental, Wiedemann-Franz: kappa_total - L*T/rho (Kim2015 L(S=121uV/K))",0,experimental,1.0,wf_subtracted,,,,,,,,,,Starrydata (experimental),10.3390/ma11020262,https://doi.org/10.3390/ma11020262,Starrydata all_curves.csv (release 'latest'),,,,,,,,D1,removed,derived (WF / total-minus-kappa_e) copy of a sample whose published kappa_L curve is in the corpus,data/external/KAPPA_POOL_MASTER.csv,,12689.0,TiNiSn,,
TiNiSn,7.0044117300451765,,373.7764,"experimental, Wiedemann-Franz: kappa_total - L*T/rho (Kim2015 L(S=132uV/K))",0,experimental,1.0,wf_subtracted,,,,,,,,,,Starrydata (experimental),10.3390/ma11020262,https://doi.org/10.3390/ma11020262,Starrydata all_curves.csv (release 'latest'),,,,,,,,D1,removed,derived (WF / total-minus-kappa_e) copy of a sample whose published kappa_L curve is in the corpus,data/external/KAPPA_POOL_MASTER.csv,,12689.0,TiNiSn,,
TiNiSn,7.095765404353671,,384.0792,"experimental, Wiedemann-Franz: kappa_total - L*T/rho (Kim2015 L(S=136uV/K))",0,experimental,1.0,wf_subtracted,,,,,,,,,,Starrydata (experimental),10.3390/ma11020262,https://doi.org/10.3390/ma11020262,Starrydata all_curves.csv (release 'latest'),,,,,,,,D1,removed,derived (WF / total-minus-kappa_e) copy of a sample whose published kappa_L curve is in the corpus,data/external/KAPPA_POOL_MASTER.csv,,12689.0,TiNiSn,,
TiNiSn,6.5724400436502455,,421.8564,"experimental, Wiedemann-Franz: kappa_total - L*T/rho (Kim2015 L(S=150uV/K))",0,experimental,1.0,wf_subtracted,,,,,,,,,,Starrydata (experimental),10.3390/ma11020262,https://doi.org/10.3390/ma11020262,Starrydata all_curves.csv (release 'latest'),,,,,,,,D1,removed,derived (WF / total-minus-kappa_e) copy of a sample whose published kappa_L curve is in the corpus,data/external/KAPPA_POOL_MASTER.csv,,12689.0,TiNiSn,,
TiNiSn,6.674566217548279,,432.1593,"experimental, Wiedemann-Franz: kappa_total - L*T/rho (Kim2015 L(S=152uV/K))",0,experimental,1.0,wf_subtracted,,,,,,,,,,Starrydata (experimental),10.3390/ma11020262,https://doi.org/10.3390/ma11020262,Starrydata all_curves.csv (release 'latest'),,,,,,,,D1,removed,derived (WF / total-minus-kappa_e) copy of a sample whose published kappa_L curve is in the corpus,data/external/KAPPA_POOL_MASTER.csv,,12689.0,TiNiSn,,
TiNiSn,6.232756083782302,,467.2176,"experimental, Wiedemann-Franz: kappa_total - L*T/rho (Kim2015 L(S=157uV/K))",0,experimental,1.0,wf_subtracted,,,,,,,,,,Starrydata (experimental),10.3390/ma11020262,https://doi.org/10.3390/ma11020262,Starrydata all_curves.csv (release 'latest'),,,,,,,,D1,removed,derived (WF / total-minus-kappa_e) copy of a sample whose published kappa_L curve is in the corpus,data/external/KAPPA_POOL_MASTER.csv,,12689.0,TiNiSn,,
TiNiSn,6.297451947424788,,478.5222,"experimental, Wiedemann-Franz: kappa_total - L*T/rho (Kim2015 L(S=160uV/K))",0,experimental,1.0,wf_subtracted,,,,,,,,,,Starrydata (experimental),10.3390/ma11020262,https://doi.org/10.3390/ma11020262,Starrydata all_curves.csv (release 'latest'),,,,,,,,D1,removed,derived (WF / total-minus-kappa_e) copy of a sample whose published kappa_L curve is in the corpus,data/external/KAPPA_POOL_MASTER.csv,,12689.0,TiNiSn,,
TiNiSn,5.990597394871244,,513.8017,"experimental, Wiedemann-Franz: kappa_total - L*T/rho (Kim2015 L(S=164uV/K))",0,experimental,1.0,wf_subtracted,,,,,,,,,,Starrydata (experimental),10.3390/ma11020262,https://doi.org/10.3390/ma11020262,Starrydata all_curves.csv (release 'latest'),,,,,,,,D1,removed,derived (WF / total-minus-kappa_e) copy of a sample whose published kappa_L curve is in the corpus,data/external/KAPPA_POOL_MASTER.csv,,12689.0,TiNiSn,,
TiNiSn,6.074702195948121,,524.8851,"experimental, Wiedemann-Franz: kappa_total - L*T/rho (Kim2015 L(S=167uV/K))",0,experimental,1.0,wf_subtracted,,,,,,,,,,Starrydata (experimental),10.3390/ma11020262,https://doi.org/10.3390/ma11020262,Starrydata all_curves.csv (release 'latest'),,,,,,,,D1,removed,derived (WF / total-minus-kappa_e) copy of a sample whose published kappa_L curve is in the corpus,data/external/KAPPA_POOL_MASTER.csv,,12689.0,TiNiSn,,
TiNiSn,5.837642551126442,,562.6622,"experimental, Wiedemann-Franz: kappa_total - L*T/rho (Kim2015 L(S=172uV/K))",0,experimental,1.0,wf_subtracted,,,,,,,,,,Starrydata (experimental),10.3390/ma11020262,https://doi.org/10.3390/ma11020262,Starrydata all_curves.csv (release 'latest'),,,,,,,,D1,removed,derived (WF / total-minus-kappa_e) copy of a sample whose published kappa_L curve is in the corpus,data/external/KAPPA_POOL_MASTER.csv,,12689.0,TiNiSn,,
TiNiSn,5.917948169527205,,572.9651,"experimental, Wiedemann-Franz: kappa_total - L*T/rho (Kim2015 L(S=175uV/K))",0,experimental,1.0,wf_subtracted,,,,,,,,,,Starrydata (experimental),10.3390/ma11020262,https://doi.org/10.3390/ma11020262,Starrydata all_curves.csv (release 'latest'),,,,,,,,D1,removed,derived (WF / total-minus-kappa_e) copy of a sample whose published kappa_L curve is in the corpus,data/external/KAPPA_POOL_MASTER.csv,,12689.0,TiNiSn,,
TiNiSn,5.705803327095953,,610.7423,"experimental, Wiedemann-Franz: kappa_total - L*T/rho (Kim2015 L(S=174uV/K))",0,experimental,1.0,wf_subtracted,,,,,,,,,,Starrydata (experimental),10.3390/ma11020262,https://doi.org/10.3390/ma11020262,Starrydata all_curves.csv (release 'latest'),,,,,,,,D1,removed,derived (WF / total-minus-kappa_e) copy of a sample whose published kappa_L curve is in the corpus,data/external/KAPPA_POOL_MASTER.csv,,12689.0,TiNiSn,,
TiNiSn,5.752346322587123,,621.0452,"experimental, Wiedemann-Franz: kappa_total - L*T/rho (Kim2015 L(S=175uV/K))",0,experimental,1.0,wf_subtracted,,,,,,,,,,Starrydata (experimental),10.3390/ma11020262,https://doi.org/10.3390/ma11020262,Starrydata all_curves.csv (release 'latest'),,,,,,,,D1,removed,derived (WF / total-minus-kappa_e) copy of a sample whose published kappa_L curve is in the corpus,data/external/KAPPA_POOL_MASTER.csv,,12689.0,TiNiSn,,
TiNiSn,5.611315715286208,,657.1052,"experimental, Wiedemann-Franz: kappa_total - L*T/rho (Kim2015 L(S=175uV/K))",0,experimental,1.0,wf_subtracted,,,,,,,,,,Starrydata (experimental),10.3390/ma11020262,https://doi.org/10.3390/ma11020262,Starrydata all_curves.csv (release 'latest'),,,,,,,,D1,removed,derived (WF / total-minus-kappa_e) copy of a sample whose published kappa_L curve is in the corpus,data/external/KAPPA_POOL_MASTER.csv,,12689.0,TiNiSn,,
TiNiSn,5.700392614881496,,668.2666,"experimental, Wiedemann-Franz: kappa_total - L*T/rho (Kim2015 L(S=171uV/K))",0,experimental,1.0,wf_subtracted,,,,,,,,,,Starrydata (experimental),10.3390/ma11020262,https://doi.org/10.3390/ma11020262,Starrydata all_curves.csv (release 'latest'),,,,,,,,D1,removed,derived (WF / total-minus-kappa_e) copy of a sample whose published kappa_L curve is in the corpus,data/external/KAPPA_POOL_MASTER.csv,,12689.0,TiNiSn,,
TiNiSn,5.58477843203602,,705.5815,"experimental, Wiedemann-Franz: kappa_total - L*T/rho (Kim2015 L(S=171uV/K))",0,experimental,1.0,wf_subtracted,,,,,,,,,,Starrydata (experimental),10.3390/ma11020262,https://doi.org/10.3390/ma11020262,Starrydata all_curves.csv (release 'latest'),,,,,,,,D1,removed,derived (WF / total-minus-kappa_e) copy of a sample whose published kappa_L curve is in the corpus,data/external/KAPPA_POOL_MASTER.csv,,12689.0,TiNiSn,,
TiNiSn,5.656734674742353,,715.4881,"experimental, Wiedemann-Franz: kappa_total - L*T/rho (Kim2015 L(S=168uV/K))",0,experimental,1.0,wf_subtracted,,,,,,,,,,Starrydata (experimental),10.3390/ma11020262,https://doi.org/10.3390/ma11020262,Starrydata all_curves.csv (release 'latest'),,,,,,,,D1,removed,derived (WF / total-minus-kappa_e) copy of a sample whose published kappa_L curve is in the corpus,data/external/KAPPA_POOL_MASTER.csv,,12689.0,TiNiSn,,
TiNiSn,5.591931449225569,,753.2653,"experimental, Wiedemann-Franz: kappa_total - L*T/rho (Kim2015 L(S=167uV/K))",0,experimental,1.0,wf_subtracted,,,,,,,,,,Starrydata (experimental),10.3390/ma11020262,https://doi.org/10.3390/ma11020262,Starrydata all_curves.csv (release 'latest'),,,,,,,,D1,removed,derived (WF / total-minus-kappa_e) copy of a sample whose published kappa_L curve is in the corpus,data/external/KAPPA_POOL_MASTER.csv,,12689.0,TiNiSn,,
TiNiSn,5.677946023631412,,763.5681,"experimental, Wiedemann-Franz: kappa_total - L*T/rho (Kim2015 L(S=165uV/K))",0,experimental,1.0,wf_subtracted,,,,,,,,,,Starrydata (experimental),10.3390/ma11020262,https://doi.org/10.3390/ma11020262,Starrydata all_curves.csv (release 'latest'),,,,,,,,D1,removed,derived (WF / total-minus-kappa_e) copy of a sample whose published kappa_L curve is in the corpus,data/external/KAPPA_POOL_MASTER.csv,,12689.0,TiNiSn,,
TiNiSn,5.816526382881309,,801.3453,"experimental, Wiedemann-Franz: kappa_total - L*T/rho (Kim2015 L(S=164uV/K))",0,experimental,1.0,wf_subtracted,,,,,,,,,,Starrydata (experimental),10.3390/ma11020262,https://doi.org/10.3390/ma11020262,Starrydata all_curves.csv (release 'latest'),,,,,,,,D1,removed,derived (WF / total-minus-kappa_e) copy of a sample whose published kappa_L curve is in the corpus,data/external/KAPPA_POOL_MASTER.csv,,12689.0,TiNiSn,,
TiNiSn,5.79197585905744,,811.6482,"experimental, Wiedemann-Franz: kappa_total - L*T/rho (Kim2015 L(S=163uV/K))",0,experimental,1.0,wf_subtracted,,,,,,,,,,Starrydata (experimental),10.3390/ma11020262,https://doi.org/10.3390/ma11020262,Starrydata all_curves.csv (release 'latest'),,,,,,,,D1,removed,derived (WF / total-minus-kappa_e) copy of a sample whose published kappa_L curve is in the corpus,data/external/KAPPA_POOL_MASTER.csv,,12689.0,TiNiSn,,
TiNiSn,5.836869775221095,,849.4254,"experimental, Wiedemann-Franz: kappa_total - L*T/rho (Kim2015 L(S=153uV/K))",0,experimental,1.0,wf_subtracted,,,,,,,,,,Starrydata (experimental),10.3390/ma11020262,https://doi.org/10.3390/ma11020262,Starrydata all_curves.csv (release 'latest'),,,,,,,,D1,removed,derived (WF / total-minus-kappa_e) copy of a sample whose published kappa_L curve is in the corpus,data/external/KAPPA_POOL_MASTER.csv,,12689.0,TiNiSn,,
TiNiSn,5.9724008692231685,,860.5868,"experimental, Wiedemann-Franz: kappa_total - L*T/rho (Kim2015 L(S=154uV/K))",0,experimental,1.0,wf_subtracted,,,,,,,,,,Starrydata (experimental),10.3390/ma11020262,https://doi.org/10.3390/ma11020262,Starrydata all_curves.csv (release 'latest'),,,,,,,,D1,removed,derived (WF / total-minus-kappa_e) copy of a sample whose published kappa_L curve is in the corpus,data/external/KAPPA_POOL_MASTER.csv,,12689.0,TiNiSn,,
TiNiSn,6.078727027068245,,897.5054,"experimental, Wiedemann-Franz: kappa_total - L*T/rho (Kim2015 L(S=141uV/K))",0,experimental,1.0,wf_subtracted,,,,,,,,,,Starrydata (experimental),10.3390/ma11020262,https://doi.org/10.3390/ma11020262,Starrydata all_curves.csv (release 'latest'),,,,,,,,D1,removed,derived (WF / total-minus-kappa_e) copy of a sample whose published kappa_L curve is in the corpus,data/external/KAPPA_POOL_MASTER.csv,,12689.0,TiNiSn,,
TiNiSn,5.964185997116154,,907.8083,"experimental, Wiedemann-Franz: kappa_total - L*T/rho (Kim2015 L(S=144uV/K))",0,experimental,1.0,wf_subtracted,,,,,,,,,,Starrydata (experimental),10.3390/ma11020262,https://doi.org/10.3390/ma11020262,Starrydata all_curves.csv (release 'latest'),,,,,,,,D1,removed,derived (WF / total-minus-kappa_e) copy of a sample whose published kappa_L curve is in the corpus,data/external/KAPPA_POOL_MASTER.csv,,12689.0,TiNiSn,,
ZrCoBi,6.212469969252767,,471.0407,"experimental, Wiedemann-Franz: kappa_total - L*T/rho (degenerate 2.44e-8)",0,experimental,1.0,wf_subtracted,,,,,,,,,,Starrydata (experimental),10.1038/s41467-018-04958-3,https://doi.org/10.1038/s41467-018-04958-3,Starrydata all_curves.csv (release 'latest'),,,,,,,,D1,removed,derived (WF / total-minus-kappa_e) copy of a sample whose published kappa_L curve is in the corpus,data/external/KAPPA_POOL_MASTER.csv,,22953.0,ZrCoBi,,
ZrCoBi,5.477558946504527,,573.9819,"experimental, Wiedemann-Franz: kappa_total - L*T/rho (degenerate 2.44e-8)",0,experimental,1.0,wf_subtracted,,,,,,,,,,Starrydata (experimental),10.1038/s41467-018-04958-3,https://doi.org/10.1038/s41467-018-04958-3,Starrydata all_curves.csv (release 'latest'),,,,,,,,D1,removed,derived (WF / total-minus-kappa_e) copy of a sample whose published kappa_L curve is in the corpus,data/external/KAPPA_POOL_MASTER.csv,,22953.0,ZrCoBi,,
ZrCoBi,4.782110718611411,,672.1719,"experimental, Wiedemann-Franz: kappa_total - L*T/rho (degenerate 2.44e-8)",0,experimental,1.0,wf_subtracted,,,,,,,,,,Starrydata (experimental),10.1038/s41467-018-04958-3,https://doi.org/10.1038/s41467-018-04958-3,Starrydata all_curves.csv (release 'latest'),,,,,,,,D1,removed,derived (WF / total-minus-kappa_e) copy of a sample whose published kappa_L curve is in the corpus,data/external/KAPPA_POOL_MASTER.csv,,22953.0,ZrCoBi,,
ZrCoBi,4.330110290777822,,773.5294,"experimental, Wiedemann-Franz: kappa_total - L*T/rho (degenerate 2.44e-8)",0,experimental,1.0,wf_subtracted,,,,,,,,,,Starrydata (experimental),10.1038/s41467-018-04958-3,https://doi.org/10.1038/s41467-018-04958-3,Starrydata all_curves.csv (release 'latest'),,,,,,,,D1,removed,derived (WF / total-minus-kappa_e) copy of a sample whose published kappa_L curve is in the corpus,data/external/KAPPA_POOL_MASTER.csv,,22953.0,ZrCoBi,,
ZrCoBi,3.867567599443972,,874.8869,"experimental, Wiedemann-Franz: kappa_total - L*T/rho (degenerate 2.44e-8)",0,experimental,1.0,wf_subtracted,,,,,,,,,,Starrydata (experimental),10.1038/s41467-018-04958-3,https://doi.org/10.1038/s41467-018-04958-3,Starrydata all_curves.csv (release 'latest'),,,,,,,,D1,removed,derived (WF / total-minus-kappa_e) copy of a sample whose published kappa_L curve is in the corpus,data/external/KAPPA_POOL_MASTER.csv,,22953.0,ZrCoBi,,
ZrCoBi,3.271922134368672,,976.2443,"experimental, Wiedemann-Franz: kappa_total - L*T/rho (degenerate 2.44e-8)",0,experimental,1.0,wf_subtracted,,,,,,,,,,Starrydata (experimental),10.1038/s41467-018-04958-3,https://doi.org/10.1038/s41467-018-04958-3,Starrydata all_curves.csv (release 'latest'),,,,,,,,D1,removed,derived (WF / total-minus-kappa_e) copy of a sample whose published kappa_L curve is in the corpus,data/external/KAPPA_POOL_MASTER.csv,,22953.0,ZrCoBi,,
VFeSb,9.8903777,,299.9077,"experimental, kappa_total - MEASURED kappa_e (no Lorenz assumption)",0,experimental,1.0,total_minus_measured_ke,,,,,,,,,,Starrydata (experimental),10.1016/j.jallcom.2019.153413,https://doi.org/10.1016/j.jallcom.2019.153413,Starrydata all_curves.csv (release 'latest'),,,,,,,,D1,removed,derived (WF / total-minus-kappa_e) copy of a sample whose published kappa_L curve is in the corpus,data/external/KAPPA_POOL_MASTER.csv,,29482.0,VFeSb,,
VFeSb,9.480096367204606,,324.5498,"experimental, kappa_total - MEASURED kappa_e (no Lorenz assumption)",0,experimental,1.0,total_minus_measured_ke,,,,,,,,,,Starrydata (experimental),10.1016/j.jallcom.2019.153413,https://doi.org/10.1016/j.jallcom.2019.153413,Starrydata all_curves.csv (release 'latest'),,,,,,,,D1,removed,derived (WF / total-minus-kappa_e) copy of a sample whose published kappa_L curve is in the corpus,data/external/KAPPA_POOL_MASTER.csv,,29482.0,VFeSb,,
VFeSb,8.687212252903597,,375.0979,"experimental, kappa_total - MEASURED kappa_e (no Lorenz assumption)",0,experimental,1.0,total_minus_measured_ke,,,,,,,,,,Starrydata (experimental),10.1016/j.jallcom.2019.153413,https://doi.org/10.1016/j.jallcom.2019.153413,Starrydata all_curves.csv (release 'latest'),,,,,,,,D1,removed,derived (WF / total-minus-kappa_e) copy of a sample whose published kappa_L curve is in the corpus,data/external/KAPPA_POOL_MASTER.csv,,29482.0,VFeSb,,
VFeSb,8.141559480075738,,425.014,"experimental, kappa_total - MEASURED kappa_e (no Lorenz assumption)",0,experimental,1.0,total_minus_measured_ke,,,,,,,,,,Starrydata (experimental),10.1016/j.jallcom.2019.153413,https://doi.org/10.1016/j.jallcom.2019.153413,Starrydata all_curves.csv (release 'latest'),,,,,,,,D1,removed,derived (WF / total-minus-kappa_e) copy of a sample whose published kappa_L curve is in the corpus,data/external/KAPPA_POOL_MASTER.csv,,29482.0,VFeSb,,
VFeSb,7.710734788620075,,474.9302,"experimental, kappa_total - MEASURED kappa_e (no Lorenz assumption)",0,experimental,1.0,total_minus_measured_ke,,,,,,,,,,Starrydata (experimental),10.1016/j.jallcom.2019.153413,https://doi.org/10.1016/j.jallcom.2019.153413,Starrydata all_curves.csv (release 'latest'),,,,,,,,D1,removed,derived (WF / total-minus-kappa_e) copy of a sample whose published kappa_L curve is in the corpus,data/external/KAPPA_POOL_MASTER.csv,,29482.0,VFeSb,,
VFeSb,7.376343682129987,,525.4782,"experimental, kappa_total - MEASURED kappa_e (no Lorenz assumption)",0,experimental,1.0,total_minus_measured_ke,,,,,,,,,,Starrydata (experimental),10.1016/j.jallcom.2019.153413,https://doi.org/10.1016/j.jallcom.2019.153413,Starrydata all_curves.csv (release 'latest'),,,,,,,,D1,removed,derived (WF / total-minus-kappa_e) copy of a sample whose published kappa_L curve is in the corpus,data/external/KAPPA_POOL_MASTER.csv,,29482.0,VFeSb,,
VFeSb,7.2075064,,574.7625,"experimental, kappa_total - MEASURED kappa_e (no Lorenz assumption)",0,experimental,1.0,total_minus_measured_ke,,,,,,,,,,Starrydata (experimental),10.1016/j.jallcom.2019.153413,https://doi.org/10.1016/j.jallcom.2019.153413,Starrydata all_curves.csv (release 'latest'),,,,,,,,D1,removed,derived (WF / total-minus-kappa_e) copy of a sample whose published kappa_L curve is in the corpus,data/external/KAPPA_POOL_MASTER.csv,,29482.0,VFeSb,,
ZrNiSn,6.133424915032206,,312.012,"experimental, kappa_total - MEASURED kappa_e (no Lorenz assumption)",0,experimental,1.0,total_minus_measured_ke,,,,,,,,,,Starrydata (experimental),10.1021/acsaem.9b01740,https://doi.org/10.1021/acsaem.9b01740,Starrydata all_curves.csv (release 'latest'),,,,,,,,D1,removed,derived (WF / total-minus-kappa_e) copy of a sample whose published kappa_L curve is in the corpus,data/external/KAPPA_POOL_MASTER.csv,,34936.0,ZrNiSn,,
ZrNiSn,5.878847259308637,,338.4384,"experimental, kappa_total - MEASURED kappa_e (no Lorenz assumption)",0,experimental,1.0,total_minus_measured_ke,,,,,,,,,,Starrydata (experimental),10.1021/acsaem.9b01740,https://doi.org/10.1021/acsaem.9b01740,Starrydata all_curves.csv (release 'latest'),,,,,,,,D1,removed,derived (WF / total-minus-kappa_e) copy of a sample whose published kappa_L curve is in the corpus,data/external/KAPPA_POOL_MASTER.csv,,34936.0,ZrNiSn,,
ZrNiSn,5.8356933473552495,,386.4865,"experimental, kappa_total - MEASURED kappa_e (no Lorenz assumption)",0,experimental,1.0,total_minus_measured_ke,,,,,,,,,,Starrydata (experimental),10.1021/acsaem.9b01740,https://doi.org/10.1021/acsaem.9b01740,Starrydata all_curves.csv (release 'latest'),,,,,,,,D1,removed,derived (WF / total-minus-kappa_e) copy of a sample whose published kappa_L curve is in the corpus,data/external/KAPPA_POOL_MASTER.csv,,34936.0,ZrNiSn,,
ZrNiSn,5.660942872510246,,439.3393,"experimental, kappa_total - MEASURED kappa_e (no Lorenz assumption)",0,experimental,1.0,total_minus_measured_ke,,,,,,,,,,Starrydata (experimental),10.1021/acsaem.9b01740,https://doi.org/10.1021/acsaem.9b01740,Starrydata all_curves.csv (release 'latest'),,,,,,,,D1,removed,derived (WF / total-minus-kappa_e) copy of a sample whose published kappa_L curve is in the corpus,data/external/KAPPA_POOL_MASTER.csv,,34936.0,ZrNiSn,,
ZrNiSn,5.349374710693789,,493.3934,"experimental, kappa_total - MEASURED kappa_e (no Lorenz assumption)",0,experimental,1.0,total_minus_measured_ke,,,,,,,,,,Starrydata (experimental),10.1021/acsaem.9b01740,https://doi.org/10.1021/acsaem.9b01740,Starrydata all_curves.csv (release 'latest'),,,,,,,,D1,removed,derived (WF / total-minus-kappa_e) copy of a sample whose published kappa_L curve is in the corpus,data/external/KAPPA_POOL_MASTER.csv,,34936.0,ZrNiSn,,
ZrNiSn,4.823320147940543,,542.6426,"experimental, kappa_total - MEASURED kappa_e (no Lorenz assumption)",0,experimental,1.0,total_minus_measured_ke,,,,,,,,,,Starrydata (experimental),10.1021/acsaem.9b01740,https://doi.org/10.1021/acsaem.9b01740,Starrydata all_curves.csv (release 'latest'),,,,,,,,D1,removed,derived (WF / total-minus-kappa_e) copy of a sample whose published kappa_L curve is in the corpus,data/external/KAPPA_POOL_MASTER.csv,,34936.0,ZrNiSn,,
ZrNiSn,4.551171484746291,,594.2943,"experimental, kappa_total - MEASURED kappa_e (no Lorenz assumption)",0,experimental,1.0,total_minus_measured_ke,,,,,,,,,,Starrydata (experimental),10.1021/acsaem.9b01740,https://doi.org/10.1021/acsaem.9b01740,Starrydata all_curves.csv (release 'latest'),,,,,,,,D1,removed,derived (WF / total-minus-kappa_e) copy of a sample whose published kappa_L curve is in the corpus,data/external/KAPPA_POOL_MASTER.csv,,34936.0,ZrNiSn,,
ZrNiSn,4.472783438296547,,641.1411,"experimental, kappa_total - MEASURED kappa_e (no Lorenz assumption)",0,experimental,1.0,total_minus_measured_ke,,,,,,,,,,Starrydata (experimental),10.1021/acsaem.9b01740,https://doi.org/10.1021/acsaem.9b01740,Starrydata all_curves.csv (release 'latest'),,,,,,,,D1,removed,derived (WF / total-minus-kappa_e) copy of a sample whose published kappa_L curve is in the corpus,data/external/KAPPA_POOL_MASTER.csv,,34936.0,ZrNiSn,,
ZrNiSn,4.277027031222273,,693.994,"experimental, kappa_total - MEASURED kappa_e (no Lorenz assumption)",0,experimental,1.0,total_minus_measured_ke,,,,,,,,,,Starrydata (experimental),10.1021/acsaem.9b01740,https://doi.org/10.1021/acsaem.9b01740,Starrydata all_curves.csv (release 'latest'),,,,,,,,D1,removed,derived (WF / total-minus-kappa_e) copy of a sample whose published kappa_L curve is in the corpus,data/external/KAPPA_POOL_MASTER.csv,,34936.0,ZrNiSn,,
ZrNiSn,4.123004236195553,,739.6396,"experimental, kappa_total - MEASURED kappa_e (no Lorenz assumption)",0,experimental,1.0,total_minus_measured_ke,,,,,,,,,,Starrydata (experimental),10.1021/acsaem.9b01740,https://doi.org/10.1021/acsaem.9b01740,Starrydata all_curves.csv (release 'latest'),,,,,,,,D1,removed,derived (WF / total-minus-kappa_e) copy of a sample whose published kappa_L curve is in the corpus,data/external/KAPPA_POOL_MASTER.csv,,34936.0,ZrNiSn,,
ZrNiSn,3.971758281848096,,790.0901,"experimental, kappa_total - MEASURED kappa_e (no Lorenz assumption)",0,experimental,1.0,total_minus_measured_ke,,,,,,,,,,Starrydata (experimental),10.1021/acsaem.9b01740,https://doi.org/10.1021/acsaem.9b01740,Starrydata all_curves.csv (release 'latest'),,,,,,,,D1,removed,derived (WF / total-minus-kappa_e) copy of a sample whose published kappa_L curve is in the corpus,data/external/KAPPA_POOL_MASTER.csv,,34936.0,ZrNiSn,,
ZrNiSn,3.83088403332837,,839.3393,"experimental, kappa_total - MEASURED kappa_e (no Lorenz assumption)",0,experimental,1.0,total_minus_measured_ke,,,,,,,,,,Starrydata (experimental),10.1021/acsaem.9b01740,https://doi.org/10.1021/acsaem.9b01740,Starrydata all_curves.csv (release 'latest'),,,,,,,,D1,removed,derived (WF / total-minus-kappa_e) copy of a sample whose published kappa_L curve is in the corpus,data/external/KAPPA_POOL_MASTER.csv,,34936.0,ZrNiSn,,
ZrNiSn,3.708974,,886.1862,"experimental, kappa_total - MEASURED kappa_e (no Lorenz assumption)",0,experimental,1.0,total_minus_measured_ke,,,,,,,,,,Starrydata (experimental),10.1021/acsaem.9b01740,https://doi.org/10.1021/acsaem.9b01740,Starrydata all_curves.csv (release 'latest'),,,,,,,,D1,removed,derived (WF / total-minus-kappa_e) copy of a sample whose published kappa_L curve is in the corpus,data/external/KAPPA_POOL_MASTER.csv,,34936.0,ZrNiSn,,
NbFeSb,12.18333806021275,,422.8823,"experimental, Wiedemann-Franz: kappa_total - L*T/rho (Kim2015 L(S=8uV/K))",0,experimental,1.0,wf_subtracted,,,,,,,,,,Starrydata (experimental),10.1016/j.actamat.2019.11.010,https://doi.org/10.1016/j.actamat.2019.11.010,Starrydata all_curves.csv (release 'latest'),,,,,,,,D1,removed,derived (WF / total-minus-kappa_e) copy of a sample whose published kappa_L curve is in the corpus,data/external/KAPPA_POOL_MASTER.csv,,35326.0,NbFeSb,,
NbFeSb,10.6883259836941,,474.3674,"experimental, Wiedemann-Franz: kappa_total - L*T/rho (Kim2015 L(S=8uV/K))",0,experimental,1.0,wf_subtracted,,,,,,,,,,Starrydata (experimental),10.1016/j.actamat.2019.11.010,https://doi.org/10.1016/j.actamat.2019.11.010,Starrydata all_curves.csv (release 'latest'),,,,,,,,D1,removed,derived (WF / total-minus-kappa_e) copy of a sample whose published kappa_L curve is in the corpus,data/external/KAPPA_POOL_MASTER.csv,,35326.0,NbFeSb,,
NbFeSb,10.06231881205644,,524.0924,"experimental, Wiedemann-Franz: kappa_total - L*T/rho (Kim2015 L(S=27uV/K))",0,experimental,1.0,wf_subtracted,,,,,,,,,,Starrydata (experimental),10.1016/j.actamat.2019.11.010,https://doi.org/10.1016/j.actamat.2019.11.010,Starrydata all_curves.csv (release 'latest'),,,,,,,,D1,removed,derived (WF / total-minus-kappa_e) copy of a sample whose published kappa_L curve is in the corpus,data/external/KAPPA_POOL_MASTER.csv,,35326.0,NbFeSb,,
NbFeSb,9.50608943390625,,573.3773,"experimental, Wiedemann-Franz: kappa_total - L*T/rho (Kim2015 L(S=35uV/K))",0,experimental,1.0,wf_subtracted,,,,,,,,,,Starrydata (experimental),10.1016/j.actamat.2019.11.010,https://doi.org/10.1016/j.actamat.2019.11.010,Starrydata all_curves.csv (release 'latest'),,,,,,,,D1,removed,derived (WF / total-minus-kappa_e) copy of a sample whose published kappa_L curve is in the corpus,data/external/KAPPA_POOL_MASTER.csv,,35326.0,NbFeSb,,
NbFeSb,9.08572167989089,,623.5424,"experimental, Wiedemann-Franz: kappa_total - L*T/rho (Kim2015 L(S=34uV/K))",0,experimental,1.0,wf_subtracted,,,,,,,,,,Starrydata (experimental),10.1016/j.actamat.2019.11.010,https://doi.org/10.1016/j.actamat.2019.11.010,Starrydata all_curves.csv (release 'latest'),,,,,,,,D1,removed,derived (WF / total-minus-kappa_e) copy of a sample whose published kappa_L curve is in the corpus,data/external/KAPPA_POOL_MASTER.csv,,35326.0,NbFeSb,,
NbFeSb,8.714812301760732,,673.7074,"experimental, Wiedemann-Franz: kappa_total - L*T/rho (Kim2015 L(S=25uV/K))",0,experimental,1.0,wf_subtracted,,,,,,,,,,Starrydata (experimental),10.1016/j.actamat.2019.11.010,https://doi.org/10.1016/j.actamat.2019.11.010,Starrydata all_curves.csv (release 'latest'),,,,,,,,D1,removed,derived (WF / total-minus-kappa_e) copy of a sample whose published kappa_L curve is in the corpus,data/external/KAPPA_POOL_MASTER.csv,,35326.0,NbFeSb,,
NbFeSb,8.247973692745548,,723.8724,"experimental, Wiedemann-Franz: kappa_total - L*T/rho (Kim2015 L(S=4uV/K))",0,experimental,1.0,wf_subtracted,,,,,,,,,,Starrydata (experimental),10.1016/j.actamat.2019.11.010,https://doi.org/10.1016/j.actamat.2019.11.010,Starrydata all_curves.csv (release 'latest'),,,,,,,,D1,removed,derived (WF / total-minus-kappa_e) copy of a sample whose published kappa_L curve is in the corpus,data/external/KAPPA_POOL_MASTER.csv,,35326.0,NbFeSb,,
NbFeSb,7.961279759438661,,773.1573,"experimental, Wiedemann-Franz: kappa_total - L*T/rho (Kim2015 L(S=8uV/K))",0,experimental,1.0,wf_subtracted,,,,,,,,,,Starrydata (experimental),10.1016/j.actamat.2019.11.010,https://doi.org/10.1016/j.actamat.2019.11.010,Starrydata all_curves.csv (release 'latest'),,,,,,,,D1,removed,derived (WF / total-minus-kappa_e) copy of a sample whose published kappa_L curve is in the corpus,data/external/KAPPA_POOL_MASTER.csv,,35326.0,NbFeSb,,
NbFeSb,7.575047158707628,,824.2024,"experimental, Wiedemann-Franz: kappa_total - L*T/rho (Kim2015 L(S=11uV/K))",0,experimental,1.0,wf_subtracted,,,,,,,,,,Starrydata (experimental),10.1016/j.actamat.2019.11.010,https://doi.org/10.1016/j.actamat.2019.11.010,Starrydata all_curves.csv (release 'latest'),,,,,,,,D1,removed,derived (WF / total-minus-kappa_e) copy of a sample whose published kappa_L curve is in the corpus,data/external/KAPPA_POOL_MASTER.csv,,35326.0,NbFeSb,,
NbFeSb,2.5026680999769204,,423.7624,"experimental, Wiedemann-Franz: kappa_total - L*T/rho (Kim2015 L(S=3uV/K))",0,experimental,1.0,wf_subtracted,,,,,,,,,,Starrydata (experimental),10.1016/j.actamat.2019.11.010,https://doi.org/10.1016/j.actamat.2019.11.010,Starrydata all_curves.csv (release 'latest'),,,,,,,,D1,removed,derived (WF / total-minus-kappa_e) copy of a sample whose published kappa_L curve is in the corpus,data/external/KAPPA_POOL_MASTER.csv,,35327.0,NbFeSb,,
NbFeSb,2.27026755554898,,474.3674,"experimental, Wiedemann-Franz: kappa_total - L*T/rho (Kim2015 L(S=1uV/K))",0,experimental,1.0,wf_subtracted,,,,,,,,,,Starrydata (experimental),10.1016/j.actamat.2019.11.010,https://doi.org/10.1016/j.actamat.2019.11.010,Starrydata all_curves.csv (release 'latest'),,,,,,,,D1,removed,derived (WF / total-minus-kappa_e) copy of a sample whose published kappa_L curve is in the corpus,data/external/KAPPA_POOL_MASTER.csv,,35327.0,NbFeSb,,
NbFeSb,2.2741719012793693,,523.2123,"experimental, Wiedemann-Franz: kappa_total - L*T/rho (Kim2015 L(S=7uV/K))",0,experimental,1.0,wf_subtracted,,,,,,,,,,Starrydata (experimental),10.1016/j.actamat.2019.11.010,https://doi.org/10.1016/j.actamat.2019.11.010,Starrydata all_curves.csv (release 'latest'),,,,,,,,D1,removed,derived (WF / total-minus-kappa_e) copy of a sample whose published kappa_L curve is in the corpus,data/external/KAPPA_POOL_MASTER.csv,,35327.0,NbFeSb,,
NbFeSb,2.174140718473103,,573.8174,"experimental, Wiedemann-Franz: kappa_total - L*T/rho (Kim2015 L(S=11uV/K))",0,experimental,1.0,wf_subtracted,,,,,,,,,,Starrydata (experimental),10.1016/j.actamat.2019.11.010,https://doi.org/10.1016/j.actamat.2019.11.010,Starrydata all_curves.csv (release 'latest'),,,,,,,,D1,removed,derived (WF / total-minus-kappa_e) copy of a sample whose published kappa_L curve is in the corpus,data/external/KAPPA_POOL_MASTER.csv,,35327.0,NbFeSb,,
NbFeSb,2.1238725062006125,,624.4224,"experimental, Wiedemann-Franz: kappa_total - L*T/rho (Kim2015 L(S=13uV/K))",0,experimental,1.0,wf_subtracted,,,,,,,,,,Starrydata (experimental),10.1016/j.actamat.2019.11.010,https://doi.org/10.1016/j.actamat.2019.11.010,Starrydata all_curves.csv (release 'latest'),,,,,,,,D1,removed,derived (WF / total-minus-kappa_e) copy of a sample whose published kappa_L curve is in the corpus,data/external/KAPPA_POOL_MASTER.csv,,35327.0,NbFeSb,,
NbFeSb,2.092674607384202,,673.7074,"experimental, Wiedemann-Franz: kappa_total - L*T/rho (Kim2015 L(S=9uV/K))",0,experimental,1.0,wf_subtracted,,,,,,,,,,Starrydata (experimental),10.1016/j.actamat.2019.11.010,https://doi.org/10.1016/j.actamat.2019.11.010,Starrydata all_curves.csv (release 'latest'),,,,,,,,D1,removed,derived (WF / total-minus-kappa_e) copy of a sample whose published kappa_L curve is in the corpus,data/external/KAPPA_POOL_MASTER.csv,,35327.0,NbFeSb,,
NbFeSb,2.0229405312715616,,724.3124,"experimental, Wiedemann-Franz: kappa_total - L*T/rho (Kim2015 L(S=3uV/K))",0,experimental,1.0,wf_subtracted,,,,,,,,,,Starrydata (experimental),10.1016/j.actamat.2019.11.010,https://doi.org/10.1016/j.actamat.2019.11.010,Starrydata all_curves.csv (release 'latest'),,,,,,,,D1,removed,derived (WF / total-minus-kappa_e) copy of a sample whose published kappa_L curve is in the corpus,data/external/KAPPA_POOL_MASTER.csv,,35327.0,NbFeSb,,
NbFeSb,1.9124712147907563,,773.5974,"experimental, Wiedemann-Franz: kappa_total - L*T/rho (Kim2015 L(S=6uV/K))",0,experimental,1.0,wf_subtracted,,,,,,,,,,Starrydata (experimental),10.1016/j.actamat.2019.11.010,https://doi.org/10.1016/j.actamat.2019.11.010,Starrydata all_curves.csv (release 'latest'),,,,,,,,D1,removed,derived (WF / total-minus-kappa_e) copy of a sample whose published kappa_L curve is in the corpus,data/external/KAPPA_POOL_MASTER.csv,,35327.0,NbFeSb,,
NbFeSb,2.21041156865775,,773.1573,"experimental, Wiedemann-Franz: kappa_total - L*T/rho (Kim2015 L(S=2uV/K))",0,experimental,1.0,wf_subtracted,,,,,,,,,,Starrydata (experimental),10.1016/j.actamat.2019.11.010,https://doi.org/10.1016/j.actamat.2019.11.010,Starrydata all_curves.csv (release 'latest'),,,,,,,,D1,removed,derived (WF / total-minus-kappa_e) copy of a sample whose published kappa_L curve is in the corpus,data/external/KAPPA_POOL_MASTER.csv,,35328.0,NbFeSb,,
NbFeSb,2.274383698883246,,723.4323,"experimental, Wiedemann-Franz: kappa_total - L*T/rho (Kim2015 L(S=2uV/K))",0,experimental,1.0,wf_subtracted,,,,,,,,,,Starrydata (experimental),10.1016/j.actamat.2019.11.010,https://doi.org/10.1016/j.actamat.2019.11.010,Starrydata all_curves.csv (release 'latest'),,,,,,,,D1,removed,derived (WF / total-minus-kappa_e) copy of a sample whose published kappa_L curve is in the corpus,data/external/KAPPA_POOL_MASTER.csv,,35328.0,NbFeSb,,
NbFeSb,2.3243730903917843,,673.2673,"experimental, Wiedemann-Franz: kappa_total - L*T/rho (Kim2015 L(S=2uV/K))",0,experimental,1.0,wf_subtracted,,,,,,,,,,Starrydata (experimental),10.1016/j.actamat.2019.11.010,https://doi.org/10.1016/j.actamat.2019.11.010,Starrydata all_curves.csv (release 'latest'),,,,,,,,D1,removed,derived (WF / total-minus-kappa_e) copy of a sample whose published kappa_L curve is in the corpus,data/external/KAPPA_POOL_MASTER.csv,,35328.0,NbFeSb,,
NbFeSb,2.3322074819003222,,623.1023,"experimental, Wiedemann-Franz: kappa_total - L*T/rho (Kim2015 L(S=2uV/K))",0,experimental,1.0,wf_subtracted,,,,,,,,,,Starrydata (experimental),10.1016/j.actamat.2019.11.010,https://doi.org/10.1016/j.actamat.2019.11.010,Starrydata all_curves.csv (release 'latest'),,,,,,,,D1,removed,derived (WF / total-minus-kappa_e) copy of a sample whose published kappa_L curve is in the corpus,data/external/KAPPA_POOL_MASTER.csv,,35328.0,NbFeSb,,
NbFeSb,2.4242826121258183,,573.3773,"experimental, Wiedemann-Franz: kappa_total - L*T/rho (Kim2015 L(S=2uV/K))",0,experimental,1.0,wf_subtracted,,,,,,,,,,Starrydata (experimental),10.1016/j.actamat.2019.11.010,https://doi.org/10.1016/j.actamat.2019.11.010,Starrydata all_curves.csv (release 'latest'),,,,,,,,D1,removed,derived (WF / total-minus-kappa_e) copy of a sample whose published kappa_L curve is in the corpus,data/external/KAPPA_POOL_MASTER.csv,,35328.0,NbFeSb,,
NbFeSb,2.853594730246478,,523.6524,"experimental, Wiedemann-Franz: kappa_total - L*T/rho (Kim2015 L(S=2uV/K))",0,experimental,1.0,wf_subtracted,,,,,,,,,,Starrydata (experimental),10.1016/j.actamat.2019.11.010,https://doi.org/10.1016/j.actamat.2019.11.010,Starrydata all_curves.csv (release 'latest'),,,,,,,,D1,removed,derived (WF / total-minus-kappa_e) copy of a sample whose published kappa_L curve is in the corpus,data/external/KAPPA_POOL_MASTER.csv,,35328.0,NbFeSb,,
NbFeSb,2.9739103951428945,,473.0473,"experimental, Wiedemann-Franz: kappa_total - L*T/rho (Kim2015 L(S=2uV/K))",0,experimental,1.0,wf_subtracted,,,,,,,,,,Starrydata (experimental),10.1016/j.actamat.2019.11.010,https://doi.org/10.1016/j.actamat.2019.11.010,Starrydata all_curves.csv (release 'latest'),,,,,,,,D1,removed,derived (WF / total-minus-kappa_e) copy of a sample whose published kappa_L curve is in the corpus,data/external/KAPPA_POOL_MASTER.csv,,35328.0,NbFeSb,,
NbFeSb,2.8552125253683904,,423.3223,"experimental, Wiedemann-Franz: kappa_total - L*T/rho (Kim2015 L(S=2uV/K))",0,experimental,1.0,wf_subtracted,,,,,,,,,,Starrydata (experimental),10.1016/j.actamat.2019.11.010,https://doi.org/10.1016/j.actamat.2019.11.010,Starrydata all_curves.csv (release 'latest'),,,,,,,,D1,removed,derived (WF / total-minus-kappa_e) copy of a sample whose published kappa_L curve is in the corpus,data/external/KAPPA_POOL_MASTER.csv,,35328.0,NbFeSb,,
NbFeSb,3.143188859418029,,422.8823,"experimental, Wiedemann-Franz: kappa_total - L*T/rho (Kim2015 L(S=1uV/K))",0,experimental,1.0,wf_subtracted,,,,,,,,,,Starrydata (experimental),10.1016/j.actamat.2019.11.010,https://doi.org/10.1016/j.actamat.2019.11.010,Starrydata all_curves.csv (release 'latest'),,,,,,,,D1,removed,derived (WF / total-minus-kappa_e) copy of a sample whose published kappa_L curve is in the corpus,data/external/KAPPA_POOL_MASTER.csv,,35329.0,NbFeSb,,
NbFeSb,3.1339956652841505,,473.4873,"experimental, Wiedemann-Franz: kappa_total - L*T/rho (Kim2015 L(S=6uV/K))",0,experimental,1.0,wf_subtracted,,,,,,,,,,Starrydata (experimental),10.1016/j.actamat.2019.11.010,https://doi.org/10.1016/j.actamat.2019.11.010,Starrydata all_curves.csv (release 'latest'),,,,,,,,D1,removed,derived (WF / total-minus-kappa_e) copy of a sample whose published kappa_L curve is in the corpus,data/external/KAPPA_POOL_MASTER.csv,,35329.0,NbFeSb,,
NbFeSb,3.103748199382801,,524.0924,"experimental, Wiedemann-Franz: kappa_total - L*T/rho (Kim2015 L(S=10uV/K))",0,experimental,1.0,wf_subtracted,,,,,,,,,,Starrydata (experimental),10.1016/j.actamat.2019.11.010,https://doi.org/10.1016/j.actamat.2019.11.010,Starrydata all_curves.csv (release 'latest'),,,,,,,,D1,removed,derived (WF / total-minus-kappa_e) copy of a sample whose published kappa_L curve is in the corpus,data/external/KAPPA_POOL_MASTER.csv,,35329.0,NbFeSb,,
NbFeSb,2.9420355094469817,,573.3773,"experimental, Wiedemann-Franz: kappa_total - L*T/rho (Kim2015 L(S=15uV/K))",0,experimental,1.0,wf_subtracted,,,,,,,,,,Starrydata (experimental),10.1016/j.actamat.2019.11.010,https://doi.org/10.1016/j.actamat.2019.11.010,Starrydata all_curves.csv (release 'latest'),,,,,,,,D1,removed,derived (WF / total-minus-kappa_e) copy of a sample whose published kappa_L curve is in the corpus,data/external/KAPPA_POOL_MASTER.csv,,35329.0,NbFeSb,,
NbFeSb,2.871418949176374,,623.5424,"experimental, Wiedemann-Franz: kappa_total - L*T/rho (Kim2015 L(S=16uV/K))",0,experimental,1.0,wf_subtracted,,,,,,,,,,Starrydata (experimental),10.1016/j.actamat.2019.11.010,https://doi.org/10.1016/j.actamat.2019.11.010,Starrydata all_curves.csv (release 'latest'),,,,,,,,D1,removed,derived (WF / total-minus-kappa_e) copy of a sample whose published kappa_L curve is in the corpus,data/external/KAPPA_POOL_MASTER.csv,,35329.0,NbFeSb,,
NbFeSb,3.011015873585956,,674.1474,"experimental, Wiedemann-Franz: kappa_total - L*T/rho (Kim2015 L(S=13uV/K))",0,experimental,1.0,wf_subtracted,,,,,,,,,,Starrydata (experimental),10.1016/j.actamat.2019.11.010,https://doi.org/10.1016/j.actamat.2019.11.010,Starrydata all_curves.csv (release 'latest'),,,,,,,,D1,removed,derived (WF / total-minus-kappa_e) copy of a sample whose published kappa_L curve is in the corpus,data/external/KAPPA_POOL_MASTER.csv,,35329.0,NbFeSb,,
NbFeSb,2.478891743858384,,723.8724,"experimental, Wiedemann-Franz: kappa_total - L*T/rho (Kim2015 L(S=5uV/K))",0,experimental,1.0,wf_subtracted,,,,,,,,,,Starrydata (experimental),10.1016/j.actamat.2019.11.010,https://doi.org/10.1016/j.actamat.2019.11.010,Starrydata all_curves.csv (release 'latest'),,,,,,,,D1,removed,derived (WF / total-minus-kappa_e) copy of a sample whose published kappa_L curve is in the corpus,data/external/KAPPA_POOL_MASTER.csv,,35329.0,NbFeSb,,
NbFeSb,2.358259007273758,,773.5974,"experimental, Wiedemann-Franz: kappa_total - L*T/rho (Kim2015 L(S=3uV/K))",0,experimental,1.0,wf_subtracted,,,,,,,,,,Starrydata (experimental),10.1016/j.actamat.2019.11.010,https://doi.org/10.1016/j.actamat.2019.11.010,Starrydata all_curves.csv (release 'latest'),,,,,,,,D1,removed,derived (WF / total-minus-kappa_e) copy of a sample whose published kappa_L curve is in the corpus,data/external/KAPPA_POOL_MASTER.csv,,35329.0,NbFeSb,,
NbFeSb,1.910962746908412,,823.3223,"experimental, Wiedemann-Franz: kappa_total - L*T/rho (Kim2015 L(S=5uV/K))",0,experimental,1.0,wf_subtracted,,,,,,,,,,Starrydata (experimental),10.1016/j.actamat.2019.11.010,https://doi.org/10.1016/j.actamat.2019.11.010,Starrydata all_curves.csv (release 'latest'),,,,,,,,D1,removed,derived (WF / total-minus-kappa_e) copy of a sample whose published kappa_L curve is in the corpus,data/external/KAPPA_POOL_MASTER.csv,,35329.0,NbFeSb,,
VCoSb,2.415612401080738,,302.8866,"experimental, kappa_total - MEASURED kappa_e (no Lorenz assumption)",0,experimental,1.0,total_minus_measured_ke,,,,,,,,,,Starrydata (experimental),10.1002/andp.201900440,https://doi.org/10.1002/andp.201900440,Starrydata all_curves.csv (release 'latest'),,,,,,,,D1,removed,derived (WF / total-minus-kappa_e) copy of a sample whose published kappa_L curve is in the corpus,data/external/KAPPA_POOL_MASTER.csv,,35590.0,VCoSb,,
VCoSb,2.4010441919619465,,375.0515,"experimental, kappa_total - MEASURED kappa_e (no Lorenz assumption)",0,experimental,1.0,total_minus_measured_ke,,,,,,,,,,Starrydata (experimental),10.1002/andp.201900440,https://doi.org/10.1002/andp.201900440,Starrydata all_curves.csv (release 'latest'),,,,,,,,D1,removed,derived (WF / total-minus-kappa_e) copy of a sample whose published kappa_L curve is in the corpus,data/external/KAPPA_POOL_MASTER.csv,,35590.0,VCoSb,,
VCoSb,2.2216249855217125,,476.0825,"experimental, kappa_total - MEASURED kappa_e (no Lorenz assumption)",0,experimental,1.0,total_minus_measured_ke,,,,,,,,,,Starrydata (experimental),10.1002/andp.201900440,https://doi.org/10.1002/andp.201900440,Starrydata all_curves.csv (release 'latest'),,,,,,,,D1,removed,derived (WF / total-minus-kappa_e) copy of a sample whose published kappa_L curve is in the corpus,data/external/KAPPA_POOL_MASTER.csv,,35590.0,VCoSb,,
VCoSb,2.158205207814797,,571.3402,"experimental, kappa_total - MEASURED kappa_e (no Lorenz assumption)",0,experimental,1.0,total_minus_measured_ke,,,,,,,,,,Starrydata (experimental),10.1002/andp.201900440,https://doi.org/10.1002/andp.201900440,Starrydata all_curves.csv (release 'latest'),,,,,,,,D1,removed,derived (WF / total-minus-kappa_e) copy of a sample whose published kappa_L curve is in the corpus,data/external/KAPPA_POOL_MASTER.csv,,35590.0,VCoSb,,
VCoSb,2.2199403890004787,,673.8144,"experimental, kappa_total - MEASURED kappa_e (no Lorenz assumption)",0,experimental,1.0,total_minus_measured_ke,,,,,,,,,,Starrydata (experimental),10.1002/andp.201900440,https://doi.org/10.1002/andp.201900440,Starrydata all_curves.csv (release 'latest'),,,,,,,,D1,removed,derived (WF / total-minus-kappa_e) copy of a sample whose published kappa_L curve is in the corpus,data/external/KAPPA_POOL_MASTER.csv,,35590.0,VCoSb,,
VCoSb,2.1485615099022493,,771.9588,"experimental, kappa_total - MEASURED kappa_e (no Lorenz assumption)",0,experimental,1.0,total_minus_measured_ke,,,,,,,,,,Starrydata (experimental),10.1002/andp.201900440,https://doi.org/10.1002/andp.201900440,Starrydata all_curves.csv (release 'latest'),,,,,,,,D1,removed,derived (WF / total-minus-kappa_e) copy of a sample whose published kappa_L curve is in the corpus,data/external/KAPPA_POOL_MASTER.csv,,35590.0,VCoSb,,
VCoSb,1.9222276214255625,,872.9897,"experimental, kappa_total - MEASURED kappa_e (no Lorenz assumption)",0,experimental,1.0,total_minus_measured_ke,,,,,,,,,,Starrydata (experimental),10.1002/andp.201900440,https://doi.org/10.1002/andp.201900440,Starrydata all_curves.csv (release 'latest'),,,,,,,,D1,removed,derived (WF / total-minus-kappa_e) copy of a sample whose published kappa_L curve is in the corpus,data/external/KAPPA_POOL_MASTER.csv,,35590.0,VCoSb,,
VCoSb,2.0158428891631885,,974.0206,"experimental, kappa_total - MEASURED kappa_e (no Lorenz assumption)",0,experimental,1.0,total_minus_measured_ke,,,,,,,,,,Starrydata (experimental),10.1002/andp.201900440,https://doi.org/10.1002/andp.201900440,Starrydata all_curves.csv (release 'latest'),,,,,,,,D1,removed,derived (WF / total-minus-kappa_e) copy of a sample whose published kappa_L curve is in the corpus,data/external/KAPPA_POOL_MASTER.csv,,35590.0,VCoSb,,
ZrNiSn,5.905151112623374,,322.7488,"experimental, Wiedemann-Franz: kappa_total - L*T/rho (Kim2015 L(S=218uV/K))",0,experimental,1.0,wf_subtracted,,,,,,,,,,Starrydata (experimental),10.1016/j.nanoen.2020.105372,https://doi.org/10.1016/j.nanoen.2020.105372,Starrydata all_curves.csv (release 'latest'),,,,,,,,D1,removed,derived (WF / total-minus-kappa_e) copy of a sample whose published kappa_L curve is in the corpus,data/external/KAPPA_POOL_MASTER.csv,,36363.0,ZrNiSn,,
ZrNiSn,5.386941515671122,,372.5259,"experimental, Wiedemann-Franz: kappa_total - L*T/rho (Kim2015 L(S=228uV/K))",0,experimental,1.0,wf_subtracted,,,,,,,,,,Starrydata (experimental),10.1016/j.nanoen.2020.105372,https://doi.org/10.1016/j.nanoen.2020.105372,Starrydata all_curves.csv (release 'latest'),,,,,,,,D1,removed,derived (WF / total-minus-kappa_e) copy of a sample whose published kappa_L curve is in the corpus,data/external/KAPPA_POOL_MASTER.csv,,36363.0,ZrNiSn,,
ZrNiSn,5.106297359927573,,422.8956,"experimental, Wiedemann-Franz: kappa_total - L*T/rho (Kim2015 L(S=235uV/K))",0,experimental,1.0,wf_subtracted,,,,,,,,,,Starrydata (experimental),10.1016/j.nanoen.2020.105372,https://doi.org/10.1016/j.nanoen.2020.105372,Starrydata all_curves.csv (release 'latest'),,,,,,,,D1,removed,derived (WF / total-minus-kappa_e) copy of a sample whose published kappa_L curve is in the corpus,data/external/KAPPA_POOL_MASTER.csv,,36363.0,ZrNiSn,,
ZrNiSn,4.817498934352786,,473.2652,"experimental, Wiedemann-Franz: kappa_total - L*T/rho (Kim2015 L(S=238uV/K))",0,experimental,1.0,wf_subtracted,,,,,,,,,,Starrydata (experimental),10.1016/j.nanoen.2020.105372,https://doi.org/10.1016/j.nanoen.2020.105372,Starrydata all_curves.csv (release 'latest'),,,,,,,,D1,removed,derived (WF / total-minus-kappa_e) copy of a sample whose published kappa_L curve is in the corpus,data/external/KAPPA_POOL_MASTER.csv,,36363.0,ZrNiSn,,
ZrNiSn,4.556465987580937,,523.0423,"experimental, Wiedemann-Franz: kappa_total - L*T/rho (Kim2015 L(S=240uV/K))",0,experimental,1.0,wf_subtracted,,,,,,,,,,Starrydata (experimental),10.1016/j.nanoen.2020.105372,https://doi.org/10.1016/j.nanoen.2020.105372,Starrydata all_curves.csv (release 'latest'),,,,,,,,D1,removed,derived (WF / total-minus-kappa_e) copy of a sample whose published kappa_L curve is in the corpus,data/external/KAPPA_POOL_MASTER.csv,,36363.0,ZrNiSn,,
ZrNiSn,4.370172351773499,,572.8194,"experimental, Wiedemann-Franz: kappa_total - L*T/rho (Kim2015 L(S=241uV/K))",0,experimental,1.0,wf_subtracted,,,,,,,,,,Starrydata (experimental),10.1016/j.nanoen.2020.105372,https://doi.org/10.1016/j.nanoen.2020.105372,Starrydata all_curves.csv (release 'latest'),,,,,,,,D1,removed,derived (WF / total-minus-kappa_e) copy of a sample whose published kappa_L curve is in the corpus,data/external/KAPPA_POOL_MASTER.csv,,36363.0,ZrNiSn,,
ZrNiSn,4.1909185232543065,,622.5964,"experimental, Wiedemann-Franz: kappa_total - L*T/rho (Kim2015 L(S=241uV/K))",0,experimental,1.0,wf_subtracted,,,,,,,,,,Starrydata (experimental),10.1016/j.nanoen.2020.105372,https://doi.org/10.1016/j.nanoen.2020.105372,Starrydata all_curves.csv (release 'latest'),,,,,,,,D1,removed,derived (WF / total-minus-kappa_e) copy of a sample whose published kappa_L curve is in the corpus,data/external/KAPPA_POOL_MASTER.csv,,36363.0,ZrNiSn,,
ZrNiSn,4.032585414094594,,672.3735,"experimental, Wiedemann-Franz: kappa_total - L*T/rho (Kim2015 L(S=240uV/K))",0,experimental,1.0,wf_subtracted,,,,,,,,,,Starrydata (experimental),10.1016/j.nanoen.2020.105372,https://doi.org/10.1016/j.nanoen.2020.105372,Starrydata all_curves.csv (release 'latest'),,,,,,,,D1,removed,derived (WF / total-minus-kappa_e) copy of a sample whose published kappa_L curve is in the corpus,data/external/KAPPA_POOL_MASTER.csv,,36363.0,ZrNiSn,,
ZrNiSn,3.91577638812288,,722.7432,"experimental, Wiedemann-Franz: kappa_total - L*T/rho (Kim2015 L(S=236uV/K))",0,experimental,1.0,wf_subtracted,,,,,,,,,,Starrydata (experimental),10.1016/j.nanoen.2020.105372,https://doi.org/10.1016/j.nanoen.2020.105372,Starrydata all_curves.csv (release 'latest'),,,,,,,,D1,removed,derived (WF / total-minus-kappa_e) copy of a sample whose published kappa_L curve is in the corpus,data/external/KAPPA_POOL_MASTER.csv,,36363.0,ZrNiSn,,
ZrNiSn,3.861372428785848,,772.5203,"experimental, Wiedemann-Franz: kappa_total - L*T/rho (Kim2015 L(S=230uV/K))",0,experimental,1.0,wf_subtracted,,,,,,,,,,Starrydata (experimental),10.1016/j.nanoen.2020.105372,https://doi.org/10.1016/j.nanoen.2020.105372,Starrydata all_curves.csv (release 'latest'),,,,,,,,D1,removed,derived (WF / total-minus-kappa_e) copy of a sample whose published kappa_L curve is in the corpus,data/external/KAPPA_POOL_MASTER.csv,,36363.0,ZrNiSn,,
ZrNiSn,3.8267701730455648,,822.8899,"experimental, Wiedemann-Franz: kappa_total - L*T/rho (Kim2015 L(S=231uV/K))",0,experimental,1.0,wf_subtracted,,,,,,,,,,Starrydata (experimental),10.1016/j.nanoen.2020.105372,https://doi.org/10.1016/j.nanoen.2020.105372,Starrydata all_curves.csv (release 'latest'),,,,,,,,D1,removed,derived (WF / total-minus-kappa_e) copy of a sample whose published kappa_L curve is in the corpus,data/external/KAPPA_POOL_MASTER.csv,,36363.0,ZrNiSn,,
ZrNiSn,3.920877024696532,,873.2596,"experimental, Wiedemann-Franz: kappa_total - L*T/rho (Kim2015 L(S=231uV/K))",0,experimental,1.0,wf_subtracted,,,,,,,,,,Starrydata (experimental),10.1016/j.nanoen.2020.105372,https://doi.org/10.1016/j.nanoen.2020.105372,Starrydata all_curves.csv (release 'latest'),,,,,,,,D1,removed,derived (WF / total-minus-kappa_e) copy of a sample whose published kappa_L curve is in the corpus,data/external/KAPPA_POOL_MASTER.csv,,36363.0,ZrNiSn,,
ZrNiSn,4.05024262445944,,922.4441,"experimental, Wiedemann-Franz: kappa_total - L*T/rho (Kim2015 L(S=231uV/K))",0,experimental,1.0,wf_subtracted,,,,,,,,,,Starrydata (experimental),10.1016/j.nanoen.2020.105372,https://doi.org/10.1016/j.nanoen.2020.105372,Starrydata all_curves.csv (release 'latest'),,,,,,,,D1,removed,derived (WF / total-minus-kappa_e) copy of a sample whose published kappa_L curve is in the corpus,data/external/KAPPA_POOL_MASTER.csv,,36363.0,ZrNiSn,,
ZrNiSn,6.104064561658294,,322.7488,"experimental, Wiedemann-Franz: kappa_total - L*T/rho (Kim2015 L(S=209uV/K))",0,experimental,1.0,wf_subtracted,,,,,,,,,,Starrydata (experimental),10.1016/j.nanoen.2020.105372,https://doi.org/10.1016/j.nanoen.2020.105372,Starrydata all_curves.csv (release 'latest'),,,,,,,,D1,removed,derived (WF / total-minus-kappa_e) copy of a sample whose published kappa_L curve is in the corpus,data/external/KAPPA_POOL_MASTER.csv,,36364.0,ZrNiSn,,
ZrNiSn,5.679003903959724,,372.5259,"experimental, Wiedemann-Franz: kappa_total - L*T/rho (Kim2015 L(S=219uV/K))",0,experimental,1.0,wf_subtracted,,,,,,,,,,Starrydata (experimental),10.1016/j.nanoen.2020.105372,https://doi.org/10.1016/j.nanoen.2020.105372,Starrydata all_curves.csv (release 'latest'),,,,,,,,D1,removed,derived (WF / total-minus-kappa_e) copy of a sample whose published kappa_L curve is in the corpus,data/external/KAPPA_POOL_MASTER.csv,,36364.0,ZrNiSn,,
ZrNiSn,5.047099873923242,,472.0801,"experimental, Wiedemann-Franz: kappa_total - L*T/rho (Kim2015 L(S=233uV/K))",0,experimental,1.0,wf_subtracted,,,,,,,,,,Starrydata (experimental),10.1016/j.nanoen.2020.105372,https://doi.org/10.1016/j.nanoen.2020.105372,Starrydata all_curves.csv (release 'latest'),,,,,,,,D1,removed,derived (WF / total-minus-kappa_e) copy of a sample whose published kappa_L curve is in the corpus,data/external/KAPPA_POOL_MASTER.csv,,36364.0,ZrNiSn,,
ZrNiSn,4.84650592568894,,523.0423,"experimental, Wiedemann-Franz: kappa_total - L*T/rho (Kim2015 L(S=238uV/K))",0,experimental,1.0,wf_subtracted,,,,,,,,,,Starrydata (experimental),10.1016/j.nanoen.2020.105372,https://doi.org/10.1016/j.nanoen.2020.105372,Starrydata all_curves.csv (release 'latest'),,,,,,,,D1,removed,derived (WF / total-minus-kappa_e) copy of a sample whose published kappa_L curve is in the corpus,data/external/KAPPA_POOL_MASTER.csv,,36364.0,ZrNiSn,,
ZrNiSn,4.610478190158791,,572.8194,"experimental, Wiedemann-Franz: kappa_total - L*T/rho (Kim2015 L(S=239uV/K))",0,experimental,1.0,wf_subtracted,,,,,,,,,,Starrydata (experimental),10.1016/j.nanoen.2020.105372,https://doi.org/10.1016/j.nanoen.2020.105372,Starrydata all_curves.csv (release 'latest'),,,,,,,,D1,removed,derived (WF / total-minus-kappa_e) copy of a sample whose published kappa_L curve is in the corpus,data/external/KAPPA_POOL_MASTER.csv,,36364.0,ZrNiSn,,
ZrNiSn,4.219307965873885,,772.2224,"experimental, Wiedemann-Franz: kappa_total - L*T/rho (Kim2015 L(S=232uV/K))",0,experimental,1.0,wf_subtracted,,,,,,,,,,Starrydata (experimental),10.1016/j.nanoen.2020.105372,https://doi.org/10.1016/j.nanoen.2020.105372,Starrydata all_curves.csv (release 'latest'),,,,,,,,D1,removed,derived (WF / total-minus-kappa_e) copy of a sample whose published kappa_L curve is in the corpus,data/external/KAPPA_POOL_MASTER.csv,,36364.0,ZrNiSn,,
ZrNiSn,4.175586709037914,,822.8899,"experimental, Wiedemann-Franz: kappa_total - L*T/rho (Kim2015 L(S=227uV/K))",0,experimental,1.0,wf_subtracted,,,,,,,,,,Starrydata (experimental),10.1016/j.nanoen.2020.105372,https://doi.org/10.1016/j.nanoen.2020.105372,Starrydata all_curves.csv (release 'latest'),,,,,,,,D1,removed,derived (WF / total-minus-kappa_e) copy of a sample whose published kappa_L curve is in the corpus,data/external/KAPPA_POOL_MASTER.csv,,36364.0,ZrNiSn,,
ZrNiSn,4.266124561685308,,872.667,"experimental, Wiedemann-Franz: kappa_total - L*T/rho (Kim2015 L(S=222uV/K))",0,experimental,1.0,wf_subtracted,,,,,,,,,,Starrydata (experimental),10.1016/j.nanoen.2020.105372,https://doi.org/10.1016/j.nanoen.2020.105372,Starrydata all_curves.csv (release 'latest'),,,,,,,,D1,removed,derived (WF / total-minus-kappa_e) copy of a sample whose published kappa_L curve is in the corpus,data/external/KAPPA_POOL_MASTER.csv,,36364.0,ZrNiSn,,
ZrNiSn,4.434579625935319,,922.4441,"experimental, Wiedemann-Franz: kappa_total - L*T/rho (Kim2015 L(S=217uV/K))",0,experimental,1.0,wf_subtracted,,,,,,,,,,Starrydata (experimental),10.1016/j.nanoen.2020.105372,https://doi.org/10.1016/j.nanoen.2020.105372,Starrydata all_curves.csv (release 'latest'),,,,,,,,D1,removed,derived (WF / total-minus-kappa_e) copy of a sample whose published kappa_L curve is in the corpus,data/external/KAPPA_POOL_MASTER.csv,,36364.0,ZrNiSn,,
ZrNiSn,5.265615610655795,,421.9944,"experimental, Wiedemann-Franz: kappa_total - L*T/rho (Kim2015 L(S=228uV/K))",0,experimental,1.0,wf_subtracted,,,,,,,,,,Starrydata (experimental),10.1016/j.nanoen.2020.105372,https://doi.org/10.1016/j.nanoen.2020.105372,Starrydata all_curves.csv (release 'latest'),,,,,,,,D1,removed,derived (WF / total-minus-kappa_e) copy of a sample whose published kappa_L curve is in the corpus,data/external/KAPPA_POOL_MASTER.csv,,36364.0,ZrNiSn,,
ZrNiSn,4.484521520322584,,622.9264,"experimental, Wiedemann-Franz: kappa_total - L*T/rho (Kim2015 L(S=239uV/K))",0,experimental,1.0,wf_subtracted,,,,,,,,,,Starrydata (experimental),10.1016/j.nanoen.2020.105372,https://doi.org/10.1016/j.nanoen.2020.105372,Starrydata all_curves.csv (release 'latest'),,,,,,,,D1,removed,derived (WF / total-minus-kappa_e) copy of a sample whose published kappa_L curve is in the corpus,data/external/KAPPA_POOL_MASTER.csv,,36364.0,ZrNiSn,,
ZrNiSn,4.366104415604664,,673.1594,"experimental, Wiedemann-Franz: kappa_total - L*T/rho (Kim2015 L(S=238uV/K))",0,experimental,1.0,wf_subtracted,,,,,,,,,,Starrydata (experimental),10.1016/j.nanoen.2020.105372,https://doi.org/10.1016/j.nanoen.2020.105372,Starrydata all_curves.csv (release 'latest'),,,,,,,,D1,removed,derived (WF / total-minus-kappa_e) copy of a sample whose published kappa_L curve is in the corpus,data/external/KAPPA_POOL_MASTER.csv,,36364.0,ZrNiSn,,
ZrNiSn,4.266234406540104,,724.0447,"experimental, Wiedemann-Franz: kappa_total - L*T/rho (Kim2015 L(S=236uV/K))",0,experimental,1.0,wf_subtracted,,,,,,,,,,Starrydata (experimental),10.1016/j.nanoen.2020.105372,https://doi.org/10.1016/j.nanoen.2020.105372,Starrydata all_curves.csv (release 'latest'),,,,,,,,D1,removed,derived (WF / total-minus-kappa_e) copy of a sample whose published kappa_L curve is in the corpus,data/external/KAPPA_POOL_MASTER.csv,,36364.0,ZrNiSn,,
ZrNiSn,6.119451844095323,,322.7488,"experimental, Wiedemann-Franz: kappa_total - L*T/rho (Kim2015 L(S=202uV/K))",0,experimental,1.0,wf_subtracted,,,,,,,,,,Starrydata (experimental),10.1016/j.nanoen.2020.105372,https://doi.org/10.1016/j.nanoen.2020.105372,Starrydata all_curves.csv (release 'latest'),,,,,,,,D1,removed,derived (WF / total-minus-kappa_e) copy of a sample whose published kappa_L curve is in the corpus,data/external/KAPPA_POOL_MASTER.csv,,36365.0,ZrNiSn,,
ZrNiSn,5.670018298141233,,372.5259,"experimental, Wiedemann-Franz: kappa_total - L*T/rho (Kim2015 L(S=216uV/K))",0,experimental,1.0,wf_subtracted,,,,,,,,,,Starrydata (experimental),10.1016/j.nanoen.2020.105372,https://doi.org/10.1016/j.nanoen.2020.105372,Starrydata all_curves.csv (release 'latest'),,,,,,,,D1,removed,derived (WF / total-minus-kappa_e) copy of a sample whose published kappa_L curve is in the corpus,data/external/KAPPA_POOL_MASTER.csv,,36365.0,ZrNiSn,,
ZrNiSn,5.315832313361027,,422.8956,"experimental, Wiedemann-Franz: kappa_total - L*T/rho (Kim2015 L(S=226uV/K))",0,experimental,1.0,wf_subtracted,,,,,,,,,,Starrydata (experimental),10.1016/j.nanoen.2020.105372,https://doi.org/10.1016/j.nanoen.2020.105372,Starrydata all_curves.csv (release 'latest'),,,,,,,,D1,removed,derived (WF / total-minus-kappa_e) copy of a sample whose published kappa_L curve is in the corpus,data/external/KAPPA_POOL_MASTER.csv,,36365.0,ZrNiSn,,
ZrNiSn,5.070248202760646,,473.2652,"experimental, Wiedemann-Franz: kappa_total - L*T/rho (Kim2015 L(S=232uV/K))",0,experimental,1.0,wf_subtracted,,,,,,,,,,Starrydata (experimental),10.1016/j.nanoen.2020.105372,https://doi.org/10.1016/j.nanoen.2020.105372,Starrydata all_curves.csv (release 'latest'),,,,,,,,D1,removed,derived (WF / total-minus-kappa_e) copy of a sample whose published kappa_L curve is in the corpus,data/external/KAPPA_POOL_MASTER.csv,,36365.0,ZrNiSn,,
ZrNiSn,4.873882213041842,,523.0423,"experimental, Wiedemann-Franz: kappa_total - L*T/rho (Kim2015 L(S=234uV/K))",0,experimental,1.0,wf_subtracted,,,,,,,,,,Starrydata (experimental),10.1016/j.nanoen.2020.105372,https://doi.org/10.1016/j.nanoen.2020.105372,Starrydata all_curves.csv (release 'latest'),,,,,,,,D1,removed,derived (WF / total-minus-kappa_e) copy of a sample whose published kappa_L curve is in the corpus,data/external/KAPPA_POOL_MASTER.csv,,36365.0,ZrNiSn,,
ZrNiSn,4.679759606127564,,572.8194,"experimental, Wiedemann-Franz: kappa_total - L*T/rho (Kim2015 L(S=235uV/K))",0,experimental,1.0,wf_subtracted,,,,,,,,,,Starrydata (experimental),10.1016/j.nanoen.2020.105372,https://doi.org/10.1016/j.nanoen.2020.105372,Starrydata all_curves.csv (release 'latest'),,,,,,,,D1,removed,derived (WF / total-minus-kappa_e) copy of a sample whose published kappa_L curve is in the corpus,data/external/KAPPA_POOL_MASTER.csv,,36365.0,ZrNiSn,,
ZrNiSn,4.563748852216405,,622.5964,"experimental, Wiedemann-Franz: kappa_total - L*T/rho (Kim2015 L(S=236uV/K))",0,experimental,1.0,wf_subtracted,,,,,,,,,,Starrydata (experimental),10.1016/j.nanoen.2020.105372,https://doi.org/10.1016/j.nanoen.2020.105372,Starrydata all_curves.csv (release 'latest'),,,,,,,,D1,removed,derived (WF / total-minus-kappa_e) copy of a sample whose published kappa_L curve is in the corpus,data/external/KAPPA_POOL_MASTER.csv,,36365.0,ZrNiSn,,
ZrNiSn,4.48080201488422,,672.3735,"experimental, Wiedemann-Franz: kappa_total - L*T/rho (Kim2015 L(S=235uV/K))",0,experimental,1.0,wf_subtracted,,,,,,,,,,Starrydata (experimental),10.1016/j.nanoen.2020.105372,https://doi.org/10.1016/j.nanoen.2020.105372,Starrydata all_curves.csv (release 'latest'),,,,,,,,D1,removed,derived (WF / total-minus-kappa_e) copy of a sample whose published kappa_L curve is in the corpus,data/external/KAPPA_POOL_MASTER.csv,,36365.0,ZrNiSn,,
ZrNiSn,4.402594426922666,,722.7432,"experimental, Wiedemann-Franz: kappa_total - L*T/rho (Kim2015 L(S=234uV/K))",0,experimental,1.0,wf_subtracted,,,,,,,,,,Starrydata (experimental),10.1016/j.nanoen.2020.105372,https://doi.org/10.1016/j.nanoen.2020.105372,Starrydata all_curves.csv (release 'latest'),,,,,,,,D1,removed,derived (WF / total-minus-kappa_e) copy of a sample whose published kappa_L curve is in the corpus,data/external/KAPPA_POOL_MASTER.csv,,36365.0,ZrNiSn,,
ZrNiSn,4.370649553130986,,772.5203,"experimental, Wiedemann-Franz: kappa_total - L*T/rho (Kim2015 L(S=230uV/K))",0,experimental,1.0,wf_subtracted,,,,,,,,,,Starrydata (experimental),10.1016/j.nanoen.2020.105372,https://doi.org/10.1016/j.nanoen.2020.105372,Starrydata all_curves.csv (release 'latest'),,,,,,,,D1,removed,derived (WF / total-minus-kappa_e) copy of a sample whose published kappa_L curve is in the corpus,data/external/KAPPA_POOL_MASTER.csv,,36365.0,ZrNiSn,,
ZrNiSn,4.3767933697106,,822.8899,"experimental, Wiedemann-Franz: kappa_total - L*T/rho (Kim2015 L(S=227uV/K))",0,experimental,1.0,wf_subtracted,,,,,,,,,,Starrydata (experimental),10.1016/j.nanoen.2020.105372,https://doi.org/10.1016/j.nanoen.2020.105372,Starrydata all_curves.csv (release 'latest'),,,,,,,,D1,removed,derived (WF / total-minus-kappa_e) copy of a sample whose published kappa_L curve is in the corpus,data/external/KAPPA_POOL_MASTER.csv,,36365.0,ZrNiSn,,
ZrNiSn,4.52818848627436,,872.667,"experimental, Wiedemann-Franz: kappa_total - L*T/rho (Kim2015 L(S=223uV/K))",0,experimental,1.0,wf_subtracted,,,,,,,,,,Starrydata (experimental),10.1016/j.nanoen.2020.105372,https://doi.org/10.1016/j.nanoen.2020.105372,Starrydata all_curves.csv (release 'latest'),,,,,,,,D1,removed,derived (WF / total-minus-kappa_e) copy of a sample whose published kappa_L curve is in the corpus,data/external/KAPPA_POOL_MASTER.csv,,36365.0,ZrNiSn,,
ZrNiSn,4.7025134851669765,,922.4441,"experimental, Wiedemann-Franz: kappa_total - L*T/rho (Kim2015 L(S=218uV/K))",0,experimental,1.0,wf_subtracted,,,,,,,,,,Starrydata (experimental),10.1016/j.nanoen.2020.105372,https://doi.org/10.1016/j.nanoen.2020.105372,Starrydata all_curves.csv (release 'latest'),,,,,,,,D1,removed,derived (WF / total-minus-kappa_e) copy of a sample whose published kappa_L curve is in the corpus,data/external/KAPPA_POOL_MASTER.csv,,36365.0,ZrNiSn,,
NbCoSn,5.98051605374845,,292.7926,"experimental, Wiedemann-Franz: kappa_total - L*T/rho (Kim2015 L(S=141uV/K))",0,experimental,1.0,wf_subtracted,,,,,,,,,,Starrydata (experimental),10.1039/d0ta04644b,https://doi.org/10.1039/d0ta04644b,Starrydata all_curves.csv (release 'latest'),,,,,,,,D1,removed,derived (WF / total-minus-kappa_e) copy of a sample whose published kappa_L curve is in the corpus,data/external/KAPPA_POOL_MASTER.csv,,38568.0,NbCoSn,,
NbCoSn,5.901954188886261,,320.1614,"experimental, Wiedemann-Franz: kappa_total - L*T/rho (Kim2015 L(S=143uV/K))",0,experimental,1.0,wf_subtracted,,,,,,,,,,Starrydata (experimental),10.1039/d0ta04644b,https://doi.org/10.1039/d0ta04644b,Starrydata all_curves.csv (release 'latest'),,,,,,,,D1,removed,derived (WF / total-minus-kappa_e) copy of a sample whose published kappa_L curve is in the corpus,data/external/KAPPA_POOL_MASTER.csv,,38568.0,NbCoSn,,
NbCoSn,5.66494391990902,,365.3764,"experimental, Wiedemann-Franz: kappa_total - L*T/rho (Kim2015 L(S=168uV/K))",0,experimental,1.0,wf_subtracted,,,,,,,,,,Starrydata (experimental),10.1039/d0ta04644b,https://doi.org/10.1039/d0ta04644b,Starrydata all_curves.csv (release 'latest'),,,,,,,,D1,removed,derived (WF / total-minus-kappa_e) copy of a sample whose published kappa_L curve is in the corpus,data/external/KAPPA_POOL_MASTER.csv,,38568.0,NbCoSn,,
NbCoSn,5.423425440110294,,421.3126,"experimental, Wiedemann-Franz: kappa_total - L*T/rho (Kim2015 L(S=198uV/K))",0,experimental,1.0,wf_subtracted,,,,,,,,,,Starrydata (experimental),10.1039/d0ta04644b,https://doi.org/10.1039/d0ta04644b,Starrydata all_curves.csv (release 'latest'),,,,,,,,D1,removed,derived (WF / total-minus-kappa_e) copy of a sample whose published kappa_L curve is in the corpus,data/external/KAPPA_POOL_MASTER.csv,,38568.0,NbCoSn,,
NbCoSn,5.190696515660727,,471.2823,"experimental, Wiedemann-Franz: kappa_total - L*T/rho (Kim2015 L(S=224uV/K))",0,experimental,1.0,wf_subtracted,,,,,,,,,,Starrydata (experimental),10.1039/d0ta04644b,https://doi.org/10.1039/d0ta04644b,Starrydata all_curves.csv (release 'latest'),,,,,,,,D1,removed,derived (WF / total-minus-kappa_e) copy of a sample whose published kappa_L curve is in the corpus,data/external/KAPPA_POOL_MASTER.csv,,38568.0,NbCoSn,,
NbCoSn,4.993888638782014,,521.687,"experimental, Wiedemann-Franz: kappa_total - L*T/rho (Kim2015 L(S=241uV/K))",0,experimental,1.0,wf_subtracted,,,,,,,,,,Starrydata (experimental),10.1039/d0ta04644b,https://doi.org/10.1039/d0ta04644b,Starrydata all_curves.csv (release 'latest'),,,,,,,,D1,removed,derived (WF / total-minus-kappa_e) copy of a sample whose published kappa_L curve is in the corpus,data/external/KAPPA_POOL_MASTER.csv,,38568.0,NbCoSn,,
NbCoSn,4.850135656016617,,569.5435,"experimental, Wiedemann-Franz: kappa_total - L*T/rho (Kim2015 L(S=247uV/K))",0,experimental,1.0,wf_subtracted,,,,,,,,,,Starrydata (experimental),10.1039/d0ta04644b,https://doi.org/10.1039/d0ta04644b,Starrydata all_curves.csv (release 'latest'),,,,,,,,D1,removed,derived (WF / total-minus-kappa_e) copy of a sample whose published kappa_L curve is in the corpus,data/external/KAPPA_POOL_MASTER.csv,,38568.0,NbCoSn,,
NbCoSn,4.638080553032229,,625.4796,"experimental, Wiedemann-Franz: kappa_total - L*T/rho (Kim2015 L(S=258uV/K))",0,experimental,1.0,wf_subtracted,,,,,,,,,,Starrydata (experimental),10.1039/d0ta04644b,https://doi.org/10.1039/d0ta04644b,Starrydata all_curves.csv (release 'latest'),,,,,,,,D1,removed,derived (WF / total-minus-kappa_e) copy of a sample whose published kappa_L curve is in the corpus,data/external/KAPPA_POOL_MASTER.csv,,38568.0,NbCoSn,,
NbCoSn,4.488562829112828,,673.9576,"experimental, Wiedemann-Franz: kappa_total - L*T/rho (Kim2015 L(S=258uV/K))",0,experimental,1.0,wf_subtracted,,,,,,,,,,Starrydata (experimental),10.1039/d0ta04644b,https://doi.org/10.1039/d0ta04644b,Starrydata all_curves.csv (release 'latest'),,,,,,,,D1,removed,derived (WF / total-minus-kappa_e) copy of a sample whose published kappa_L curve is in the corpus,data/external/KAPPA_POOL_MASTER.csv,,38568.0,NbCoSn,,
NbCoSn,4.3452860294236,,716.842,"experimental, Wiedemann-Franz: kappa_total - L*T/rho (Kim2015 L(S=252uV/K))",0,experimental,1.0,wf_subtracted,,,,,,,,,,Starrydata (experimental),10.1039/d0ta04644b,https://doi.org/10.1039/d0ta04644b,Starrydata all_curves.csv (release 'latest'),,,,,,,,D1,removed,derived (WF / total-minus-kappa_e) copy of a sample whose published kappa_L curve is in the corpus,data/external/KAPPA_POOL_MASTER.csv,,38568.0,NbCoSn,,
NbCoSn,4.199882756073069,,771.6595,"experimental, Wiedemann-Franz: kappa_total - L*T/rho (Kim2015 L(S=258uV/K))",0,experimental,1.0,wf_subtracted,,,,,,,,,,Starrydata (experimental),10.1039/d0ta04644b,https://doi.org/10.1039/d0ta04644b,Starrydata all_curves.csv (release 'latest'),,,,,,,,D1,removed,derived (WF / total-minus-kappa_e) copy of a sample whose published kappa_L curve is in the corpus,data/external/KAPPA_POOL_MASTER.csv,,38568.0,NbCoSn,,
NbCoSn,4.107522910309408,,816.5949,"experimental, Wiedemann-Franz: kappa_total - L*T/rho (Kim2015 L(S=260uV/K))",0,experimental,1.0,wf_subtracted,,,,,,,,,,Starrydata (experimental),10.1039/d0ta04644b,https://doi.org/10.1039/d0ta04644b,Starrydata all_curves.csv (release 'latest'),,,,,,,,D1,removed,derived (WF / total-minus-kappa_e) copy of a sample whose published kappa_L curve is in the corpus,data/external/KAPPA_POOL_MASTER.csv,,38568.0,NbCoSn,,
NbCoSn,3.9336793046725536,,879.0569,"experimental, Wiedemann-Franz: kappa_total - L*T/rho (Kim2015 L(S=266uV/K))",0,experimental,1.0,wf_subtracted,,,,,,,,,,Starrydata (experimental),10.1039/d0ta04644b,https://doi.org/10.1039/d0ta04644b,Starrydata all_curves.csv (release 'latest'),,,,,,,,D1,removed,derived (WF / total-minus-kappa_e) copy of a sample whose published kappa_L curve is in the corpus,data/external/KAPPA_POOL_MASTER.csv,,38568.0,NbCoSn,,
TiNiSn,5.618538901466448,,309.1023,"experimental, Wiedemann-Franz: kappa_total - L*T/rho (Kim2015 L(S=231uV/K))",0,experimental,1.0,wf_subtracted,,,,,,,,,,Starrydata (experimental),10.1016/j.scriptamat.2020.09.010,https://doi.org/10.1016/j.scriptamat.2020.09.010,Starrydata all_curves.csv (release 'latest'),,,,,,,,D1,removed,derived (WF / total-minus-kappa_e) copy of a sample whose published kappa_L curve is in the corpus,data/external/KAPPA_POOL_MASTER.csv,,38664.0,TiNiSn,,
TiNiSn,5.350260253679109,,330.1493,"experimental, Wiedemann-Franz: kappa_total - L*T/rho (Kim2015 L(S=258uV/K))",0,experimental,1.0,wf_subtracted,,,,,,,,,,Starrydata (experimental),10.1016/j.scriptamat.2020.09.010,https://doi.org/10.1016/j.scriptamat.2020.09.010,Starrydata all_curves.csv (release 'latest'),,,,,,,,D1,removed,derived (WF / total-minus-kappa_e) copy of a sample whose published kappa_L curve is in the corpus,data/external/KAPPA_POOL_MASTER.csv,,38664.0,TiNiSn,,
TiNiSn,4.593859179900008,,422.7558,"experimental, Wiedemann-Franz: kappa_total - L*T/rho (Kim2015 L(S=303uV/K))",0,experimental,1.0,wf_subtracted,,,,,,,,,,Starrydata (experimental),10.1016/j.scriptamat.2020.09.010,https://doi.org/10.1016/j.scriptamat.2020.09.010,Starrydata all_curves.csv (release 'latest'),,,,,,,,D1,removed,derived (WF / total-minus-kappa_e) copy of a sample whose published kappa_L curve is in the corpus,data/external/KAPPA_POOL_MASTER.csv,,38664.0,TiNiSn,,
TiNiSn,3.842366476596633,,572.4897,"experimental, Wiedemann-Franz: kappa_total - L*T/rho (Kim2015 L(S=291uV/K))",0,experimental,1.0,wf_subtracted,,,,,,,,,,Starrydata (experimental),10.1016/j.scriptamat.2020.09.010,https://doi.org/10.1016/j.scriptamat.2020.09.010,Starrydata all_curves.csv (release 'latest'),,,,,,,,D1,removed,derived (WF / total-minus-kappa_e) copy of a sample whose published kappa_L curve is in the corpus,data/external/KAPPA_POOL_MASTER.csv,,38664.0,TiNiSn,,
TiNiSn,3.779014745545495,,675.3191,"experimental, Wiedemann-Franz: kappa_total - L*T/rho (Kim2015 L(S=267uV/K))",0,experimental,1.0,wf_subtracted,,,,,,,,,,Starrydata (experimental),10.1016/j.scriptamat.2020.09.010,https://doi.org/10.1016/j.scriptamat.2020.09.010,Starrydata all_curves.csv (release 'latest'),,,,,,,,D1,removed,derived (WF / total-minus-kappa_e) copy of a sample whose published kappa_L curve is in the corpus,data/external/KAPPA_POOL_MASTER.csv,,38664.0,TiNiSn,,
TiNiSn,3.759101688688357,,724.629,"experimental, Wiedemann-Franz: kappa_total - L*T/rho (Kim2015 L(S=254uV/K))",0,experimental,1.0,wf_subtracted,,,,,,,,,,Starrydata (experimental),10.1016/j.scriptamat.2020.09.010,https://doi.org/10.1016/j.scriptamat.2020.09.010,Starrydata all_curves.csv (release 'latest'),,,,,,,,D1,removed,derived (WF / total-minus-kappa_e) copy of a sample whose published kappa_L curve is in the corpus,data/external/KAPPA_POOL_MASTER.csv,,38664.0,TiNiSn,,
TiNiSn,4.944406190901396,,373.0435,"experimental, Wiedemann-Franz: kappa_total - L*T/rho (Kim2015 L(S=290uV/K))",0,experimental,1.0,wf_subtracted,,,,,,,,,,Starrydata (experimental),10.1016/j.scriptamat.2020.09.010,https://doi.org/10.1016/j.scriptamat.2020.09.010,Starrydata all_curves.csv (release 'latest'),,,,,,,,D1,removed,derived (WF / total-minus-kappa_e) copy of a sample whose published kappa_L curve is in the corpus,data/external/KAPPA_POOL_MASTER.csv,,38664.0,TiNiSn,,
TiNiSn,4.279257566438102,,474.7826,"experimental, Wiedemann-Franz: kappa_total - L*T/rho (Kim2015 L(S=304uV/K))",0,experimental,1.0,wf_subtracted,,,,,,,,,,Starrydata (experimental),10.1016/j.scriptamat.2020.09.010,https://doi.org/10.1016/j.scriptamat.2020.09.010,Starrydata all_curves.csv (release 'latest'),,,,,,,,D1,removed,derived (WF / total-minus-kappa_e) copy of a sample whose published kappa_L curve is in the corpus,data/external/KAPPA_POOL_MASTER.csv,,38664.0,TiNiSn,,
TiNiSn,4.044070956295656,,525.2174,"experimental, Wiedemann-Franz: kappa_total - L*T/rho (Kim2015 L(S=297uV/K))",0,experimental,1.0,wf_subtracted,,,,,,,,,,Starrydata (experimental),10.1016/j.scriptamat.2020.09.010,https://doi.org/10.1016/j.scriptamat.2020.09.010,Starrydata all_curves.csv (release 'latest'),,,,,,,,D1,removed,derived (WF / total-minus-kappa_e) copy of a sample whose published kappa_L curve is in the corpus,data/external/KAPPA_POOL_MASTER.csv,,38664.0,TiNiSn,,
TiNiSn,3.7816654748364944,,623.4783,"experimental, Wiedemann-Franz: kappa_total - L*T/rho (Kim2015 L(S=282uV/K))",0,experimental,1.0,wf_subtracted,,,,,,,,,,Starrydata (experimental),10.1016/j.scriptamat.2020.09.010,https://doi.org/10.1016/j.scriptamat.2020.09.010,Starrydata all_curves.csv (release 'latest'),,,,,,,,D1,removed,derived (WF / total-minus-kappa_e) copy of a sample whose published kappa_L curve is in the corpus,data/external/KAPPA_POOL_MASTER.csv,,38664.0,TiNiSn,,
TiNiSn,3.8745821809116814,,773.0435,"experimental, Wiedemann-Franz: kappa_total - L*T/rho (Kim2015 L(S=238uV/K))",0,experimental,1.0,wf_subtracted,,,,,,,,,,Starrydata (experimental),10.1016/j.scriptamat.2020.09.010,https://doi.org/10.1016/j.scriptamat.2020.09.010,Starrydata all_curves.csv (release 'latest'),,,,,,,,D1,removed,derived (WF / total-minus-kappa_e) copy of a sample whose published kappa_L curve is in the corpus,data/external/KAPPA_POOL_MASTER.csv,,38664.0,TiNiSn,,
Li2ZnGe,2.40780985366854,,270.6538,"experimental, Wiedemann-Franz: kappa_total - L*T/rho (Kim2015 L(S=51uV/K))",0,experimental,1.0,wf_subtracted,,,,,,,,,,Starrydata (experimental),10.1016/j.jallcom.2017.12.211,https://doi.org/10.1016/j.jallcom.2017.12.211,Starrydata all_curves.csv (release 'latest'),,,,,,,,D1,removed,derived (WF / total-minus-kappa_e) copy of a sample whose published kappa_L curve is in the corpus,data/external/KAPPA_POOL_MASTER.csv,,39009.0,Li2ZnGe,,
Li2ZnGe,1.7493641705207563,,362.1288,"experimental, Wiedemann-Franz: kappa_total - L*T/rho (Kim2015 L(S=68uV/K))",0,experimental,1.0,wf_subtracted,,,,,,,,,,Starrydata (experimental),10.1016/j.jallcom.2017.12.211,https://doi.org/10.1016/j.jallcom.2017.12.211,Starrydata all_curves.csv (release 'latest'),,,,,,,,D1,removed,derived (WF / total-minus-kappa_e) copy of a sample whose published kappa_L curve is in the corpus,data/external/KAPPA_POOL_MASTER.csv,,39009.0,Li2ZnGe,,
Li2ZnGe,1.408497791131778,,453.6038,"experimental, Wiedemann-Franz: kappa_total - L*T/rho (Kim2015 L(S=84uV/K))",0,experimental,1.0,wf_subtracted,,,,,,,,,,Starrydata (experimental),10.1016/j.jallcom.2017.12.211,https://doi.org/10.1016/j.jallcom.2017.12.211,Starrydata all_curves.csv (release 'latest'),,,,,,,,D1,removed,derived (WF / total-minus-kappa_e) copy of a sample whose published kappa_L curve is in the corpus,data/external/KAPPA_POOL_MASTER.csv,,39009.0,Li2ZnGe,,
Li2ZnGe,1.2346711731467988,,546.838,"experimental, Wiedemann-Franz: kappa_total - L*T/rho (Kim2015 L(S=98uV/K))",0,experimental,1.0,wf_subtracted,,,,,,,,,,Starrydata (experimental),10.1016/j.jallcom.2017.12.211,https://doi.org/10.1016/j.jallcom.2017.12.211,Starrydata all_curves.csv (release 'latest'),,,,,,,,D1,removed,derived (WF / total-minus-kappa_e) copy of a sample whose published kappa_L curve is in the corpus,data/external/KAPPA_POOL_MASTER.csv,,39009.0,Li2ZnGe,,
Li2ZnGe,1.306350155069063,,640.0721,"experimental, Wiedemann-Franz: kappa_total - L*T/rho (Kim2015 L(S=111uV/K))",0,experimental,1.0,wf_subtracted,,,,,,,,,,Starrydata (experimental),10.1016/j.jallcom.2017.12.211,https://doi.org/10.1016/j.jallcom.2017.12.211,Starrydata all_curves.csv (release 'latest'),,,,,,,,D1,removed,derived (WF / total-minus-kappa_e) copy of a sample whose published kappa_L curve is in the corpus,data/external/KAPPA_POOL_MASTER.csv,,39009.0,Li2ZnGe,,
Li2ZnGe,1.4105001275983544,,731.5472,"experimental, Wiedemann-Franz: kappa_total - L*T/rho (Kim2015 L(S=122uV/K))",0,experimental,1.0,wf_subtracted,,,,,,,,,,Starrydata (experimental),10.1016/j.jallcom.2017.12.211,https://doi.org/10.1016/j.jallcom.2017.12.211,Starrydata all_curves.csv (release 'latest'),,,,,,,,D1,removed,derived (WF / total-minus-kappa_e) copy of a sample whose published kappa_L curve is in the corpus,data/external/KAPPA_POOL_MASTER.csv,,39009.0,Li2ZnGe,,
Li2ZnGe,1.6363098627726038,,823.0222,"experimental, Wiedemann-Franz: kappa_total - L*T/rho (Kim2015 L(S=131uV/K))",0,experimental,1.0,wf_subtracted,,,,,,,,,,Starrydata (experimental),10.1016/j.jallcom.2017.12.211,https://doi.org/10.1016/j.jallcom.2017.12.211,Starrydata all_curves.csv (release 'latest'),,,,,,,,D1,removed,derived (WF / total-minus-kappa_e) copy of a sample whose published kappa_L curve is in the corpus,data/external/KAPPA_POOL_MASTER.csv,,39009.0,Li2ZnGe,,
Li2ZnGe,1.9168755821021428,,914.4972,"experimental, Wiedemann-Franz: kappa_total - L*T/rho (Kim2015 L(S=138uV/K))",0,experimental,1.0,wf_subtracted,,,,,,,,,,Starrydata (experimental),10.1016/j.jallcom.2017.12.211,https://doi.org/10.1016/j.jallcom.2017.12.211,Starrydata all_curves.csv (release 'latest'),,,,,,,,D1,removed,derived (WF / total-minus-kappa_e) copy of a sample whose published kappa_L curve is in the corpus,data/external/KAPPA_POOL_MASTER.csv,,39009.0,Li2ZnGe,,
Li2ZnGe,2.2985947677202767,,1009.49,"experimental, Wiedemann-Franz: kappa_total - L*T/rho (Kim2015 L(S=144uV/K))",0,experimental,1.0,wf_subtracted,,,,,,,,,,Starrydata (experimental),10.1016/j.jallcom.2017.12.211,https://doi.org/10.1016/j.jallcom.2017.12.211,Starrydata all_curves.csv (release 'latest'),,,,,,,,D1,removed,derived (WF / total-minus-kappa_e) copy of a sample whose published kappa_L curve is in the corpus,data/external/KAPPA_POOL_MASTER.csv,,39009.0,Li2ZnGe,,
Li2ZnGe,2.722412336834989,,1100.965,"experimental, Wiedemann-Franz: kappa_total - L*T/rho (Kim2015 L(S=148uV/K))",0,experimental,1.0,wf_subtracted,,,,,,,,,,Starrydata (experimental),10.1016/j.jallcom.2017.12.211,https://doi.org/10.1016/j.jallcom.2017.12.211,Starrydata all_curves.csv (release 'latest'),,,,,,,,D1,removed,derived (WF / total-minus-kappa_e) copy of a sample whose published kappa_L curve is in the corpus,data/external/KAPPA_POOL_MASTER.csv,,39009.0,Li2ZnGe,,
Li2ZnGe,2.8649500437546727,,1190.681,"experimental, Wiedemann-Franz: kappa_total - L*T/rho (Kim2015 L(S=151uV/K))",0,experimental,1.0,wf_subtracted,,,,,,,,,,Starrydata (experimental),10.1016/j.jallcom.2017.12.211,https://doi.org/10.1016/j.jallcom.2017.12.211,Starrydata all_curves.csv (release 'latest'),,,,,,,,D1,removed,derived (WF / total-minus-kappa_e) copy of a sample whose published kappa_L curve is in the corpus,data/external/KAPPA_POOL_MASTER.csv,,39009.0,Li2ZnGe,,
HfNiSn,5.466132423800682,,309.6152,"experimental, Wiedemann-Franz: kappa_total - L*T/rho (Kim2015 L(S=181uV/K))",0,experimental,1.0,wf_subtracted,,,,,,,,,,Starrydata (experimental),10.1007/s11664-009-1032-8,https://doi.org/10.1007/s11664-009-1032-8,Starrydata all_curves.csv (release 'latest'),,,,,,,,D1,removed,derived (WF / total-minus-kappa_e) copy of a sample whose published kappa_L curve is in the corpus,data/external/KAPPA_POOL_MASTER.csv,,1278.0,HfNiSn,,
HfNiSn,4.969748768200431,,365.373,"experimental, Wiedemann-Franz: kappa_total - L*T/rho (Kim2015 L(S=205uV/K))",0,experimental,1.0,wf_subtracted,,,,,,,,,,Starrydata (experimental),10.1007/s11664-009-1032-8,https://doi.org/10.1007/s11664-009-1032-8,Starrydata all_curves.csv (release 'latest'),,,,,,,,D1,removed,derived (WF / total-minus-kappa_e) copy of a sample whose published kappa_L curve is in the corpus,data/external/KAPPA_POOL_MASTER.csv,,1278.0,HfNiSn,,
HfNiSn,4.365064979916674,,477.6518,"experimental, Wiedemann-Franz: kappa_total - L*T/rho (Kim2015 L(S=232uV/K))",0,experimental,1.0,wf_subtracted,,,,,,,,,,Starrydata (experimental),10.1007/s11664-009-1032-8,https://doi.org/10.1007/s11664-009-1032-8,Starrydata all_curves.csv (release 'latest'),,,,,,,,D1,removed,derived (WF / total-minus-kappa_e) copy of a sample whose published kappa_L curve is in the corpus,data/external/KAPPA_POOL_MASTER.csv,,1278.0,HfNiSn,,
HfNiSn,4.020155458373132,,572.6843,"experimental, Wiedemann-Franz: kappa_total - L*T/rho (Kim2015 L(S=236uV/K))",0,experimental,1.0,wf_subtracted,,,,,,,,,,Starrydata (experimental),10.1007/s11664-009-1032-8,https://doi.org/10.1007/s11664-009-1032-8,Starrydata all_curves.csv (release 'latest'),,,,,,,,D1,removed,derived (WF / total-minus-kappa_e) copy of a sample whose published kappa_L curve is in the corpus,data/external/KAPPA_POOL_MASTER.csv,,1278.0,HfNiSn,,
HfNiSn,3.892821866296859,,664.639,"experimental, Wiedemann-Franz: kappa_total - L*T/rho (Kim2015 L(S=225uV/K))",0,experimental,1.0,wf_subtracted,,,,,,,,,,Starrydata (experimental),10.1007/s11664-009-1032-8,https://doi.org/10.1007/s11664-009-1032-8,Starrydata all_curves.csv (release 'latest'),,,,,,,,D1,removed,derived (WF / total-minus-kappa_e) copy of a sample whose published kappa_L curve is in the corpus,data/external/KAPPA_POOL_MASTER.csv,,1278.0,HfNiSn,,
HfNiSn,3.8016421201408015,,774.5013,"experimental, Wiedemann-Franz: kappa_total - L*T/rho (Kim2015 L(S=205uV/K))",0,experimental,1.0,wf_subtracted,,,,,,,,,,Starrydata (experimental),10.1007/s11664-009-1032-8,https://doi.org/10.1007/s11664-009-1032-8,Starrydata all_curves.csv (release 'latest'),,,,,,,,D1,removed,derived (WF / total-minus-kappa_e) copy of a sample whose published kappa_L curve is in the corpus,data/external/KAPPA_POOL_MASTER.csv,,1278.0,HfNiSn,,
HfNiSn,3.890464531426157,,881.2093,"experimental, Wiedemann-Franz: kappa_total - L*T/rho (Kim2015 L(S=177uV/K))",0,experimental,1.0,wf_subtracted,,,,,,,,,,Starrydata (experimental),10.1007/s11664-009-1032-8,https://doi.org/10.1007/s11664-009-1032-8,Starrydata all_curves.csv (release 'latest'),,,,,,,,D1,removed,derived (WF / total-minus-kappa_e) copy of a sample whose published kappa_L curve is in the corpus,data/external/KAPPA_POOL_MASTER.csv,,1278.0,HfNiSn,,
ZrNiSn,5.753405664100421,,303.0779,"experimental, Wiedemann-Franz: kappa_total - L*T/rho (Kim2015 L(S=256uV/K))",0,experimental,1.0,wf_subtracted,,,,,,,,,,Starrydata (experimental),10.1007/s11664-009-1032-8,https://doi.org/10.1007/s11664-009-1032-8,Starrydata all_curves.csv (release 'latest'),,,,,,,,D1,removed,derived (WF / total-minus-kappa_e) copy of a sample whose published kappa_L curve is in the corpus,data/external/KAPPA_POOL_MASTER.csv,,1279.0,ZrNiSn,,
ZrNiSn,5.178876813564087,,376.3872,"experimental, Wiedemann-Franz: kappa_total - L*T/rho (Kim2015 L(S=256uV/K))",0,experimental,1.0,wf_subtracted,,,,,,,,,,Starrydata (experimental),10.1007/s11664-009-1032-8,https://doi.org/10.1007/s11664-009-1032-8,Starrydata all_curves.csv (release 'latest'),,,,,,,,D1,removed,derived (WF / total-minus-kappa_e) copy of a sample whose published kappa_L curve is in the corpus,data/external/KAPPA_POOL_MASTER.csv,,1279.0,ZrNiSn,,
ZrNiSn,4.615069517920266,,478.1097,"experimental, Wiedemann-Franz: kappa_total - L*T/rho (Kim2015 L(S=252uV/K))",0,experimental,1.0,wf_subtracted,,,,,,,,,,Starrydata (experimental),10.1007/s11664-009-1032-8,https://doi.org/10.1007/s11664-009-1032-8,Starrydata all_curves.csv (release 'latest'),,,,,,,,D1,removed,derived (WF / total-minus-kappa_e) copy of a sample whose published kappa_L curve is in the corpus,data/external/KAPPA_POOL_MASTER.csv,,1279.0,ZrNiSn,,
ZrNiSn,4.241480576006487,,576.6779,"experimental, Wiedemann-Franz: kappa_total - L*T/rho (Kim2015 L(S=244uV/K))",0,experimental,1.0,wf_subtracted,,,,,,,,,,Starrydata (experimental),10.1007/s11664-009-1032-8,https://doi.org/10.1007/s11664-009-1032-8,Starrydata all_curves.csv (release 'latest'),,,,,,,,D1,removed,derived (WF / total-minus-kappa_e) copy of a sample whose published kappa_L curve is in the corpus,data/external/KAPPA_POOL_MASTER.csv,,1279.0,ZrNiSn,,
ZrNiSn,3.985143891950637,,671.9903,"experimental, Wiedemann-Franz: kappa_total - L*T/rho (Kim2015 L(S=231uV/K))",0,experimental,1.0,wf_subtracted,,,,,,,,,,Starrydata (experimental),10.1007/s11664-009-1032-8,https://doi.org/10.1007/s11664-009-1032-8,Starrydata all_curves.csv (release 'latest'),,,,,,,,D1,removed,derived (WF / total-minus-kappa_e) copy of a sample whose published kappa_L curve is in the corpus,data/external/KAPPA_POOL_MASTER.csv,,1279.0,ZrNiSn,,
ZrNiSn,3.795063939573136,,781.6236,"experimental, Wiedemann-Franz: kappa_total - L*T/rho (Kim2015 L(S=212uV/K))",0,experimental,1.0,wf_subtracted,,,,,,,,,,Starrydata (experimental),10.1007/s11664-009-1032-8,https://doi.org/10.1007/s11664-009-1032-8,Starrydata all_curves.csv (release 'latest'),,,,,,,,D1,removed,derived (WF / total-minus-kappa_e) copy of a sample whose published kappa_L curve is in the corpus,data/external/KAPPA_POOL_MASTER.csv,,1279.0,ZrNiSn,,
ZrNiSn,3.745645540142947,,880.9677,"experimental, Wiedemann-Franz: kappa_total - L*T/rho (Kim2015 L(S=188uV/K))",0,experimental,1.0,wf_subtracted,,,,,,,,,,Starrydata (experimental),10.1007/s11664-009-1032-8,https://doi.org/10.1007/s11664-009-1032-8,Starrydata all_curves.csv (release 'latest'),,,,,,,,D1,removed,derived (WF / total-minus-kappa_e) copy of a sample whose published kappa_L curve is in the corpus,data/external/KAPPA_POOL_MASTER.csv,,1279.0,ZrNiSn,,
ZrNiSn,3.8837780172120704,,927.3266,"experimental, Wiedemann-Franz: kappa_total - L*T/rho (Kim2015 L(S=177uV/K))",0,experimental,1.0,wf_subtracted,,,,,,,,,,Starrydata (experimental),10.1007/s11664-009-1032-8,https://doi.org/10.1007/s11664-009-1032-8,Starrydata all_curves.csv (release 'latest'),,,,,,,,D1,removed,derived (WF / total-minus-kappa_e) copy of a sample whose published kappa_L curve is in the corpus,data/external/KAPPA_POOL_MASTER.csv,,1279.0,ZrNiSn,,
ZrNiSn,3.929430410682136,,980.7188,"experimental, Wiedemann-Franz: kappa_total - L*T/rho (Kim2015 L(S=164uV/K))",0,experimental,1.0,wf_subtracted,,,,,,,,,,Starrydata (experimental),10.1007/s11664-009-1032-8,https://doi.org/10.1007/s11664-009-1032-8,Starrydata all_curves.csv (release 'latest'),,,,,,,,D1,removed,derived (WF / total-minus-kappa_e) copy of a sample whose published kappa_L curve is in the corpus,data/external/KAPPA_POOL_MASTER.csv,,1279.0,ZrNiSn,,
HfNiSn,4.905122189590802,,308.7758,"experimental, Wiedemann-Franz: kappa_total - L*T/rho (Kim2015 L(S=132uV/K))",0,experimental,1.0,wf_subtracted,,,,,,,,,,Starrydata (experimental),10.1007/s11664-009-1032-8,https://doi.org/10.1007/s11664-009-1032-8,Starrydata all_curves.csv (release 'latest'),,,,,,,,D1,removed,derived (WF / total-minus-kappa_e) copy of a sample whose published kappa_L curve is in the corpus,data/external/KAPPA_POOL_MASTER.csv,,1282.0,HfNiSn,,
HfNiSn,4.43427788386642,,378.7529,"experimental, Wiedemann-Franz: kappa_total - L*T/rho (Kim2015 L(S=163uV/K))",0,experimental,1.0,wf_subtracted,,,,,,,,,,Starrydata (experimental),10.1007/s11664-009-1032-8,https://doi.org/10.1007/s11664-009-1032-8,Starrydata all_curves.csv (release 'latest'),,,,,,,,D1,removed,derived (WF / total-minus-kappa_e) copy of a sample whose published kappa_L curve is in the corpus,data/external/KAPPA_POOL_MASTER.csv,,1282.0,HfNiSn,,
HfNiSn,4.017042860588078,,480.6788,"experimental, Wiedemann-Franz: kappa_total - L*T/rho (Kim2015 L(S=194uV/K))",0,experimental,1.0,wf_subtracted,,,,,,,,,,Starrydata (experimental),10.1007/s11664-009-1032-8,https://doi.org/10.1007/s11664-009-1032-8,Starrydata all_curves.csv (release 'latest'),,,,,,,,D1,removed,derived (WF / total-minus-kappa_e) copy of a sample whose published kappa_L curve is in the corpus,data/external/KAPPA_POOL_MASTER.csv,,1282.0,HfNiSn,,
HfNiSn,3.7722478547807534,,575.8894,"experimental, Wiedemann-Franz: kappa_total - L*T/rho (Kim2015 L(S=209uV/K))",0,experimental,1.0,wf_subtracted,,,,,,,,,,Starrydata (experimental),10.1007/s11664-009-1032-8,https://doi.org/10.1007/s11664-009-1032-8,Starrydata all_curves.csv (release 'latest'),,,,,,,,D1,removed,derived (WF / total-minus-kappa_e) copy of a sample whose published kappa_L curve is in the corpus,data/external/KAPPA_POOL_MASTER.csv,,1282.0,HfNiSn,,
HfNiSn,3.59797417932496,,678.3495,"experimental, Wiedemann-Franz: kappa_total - L*T/rho (Kim2015 L(S=209uV/K))",0,experimental,1.0,wf_subtracted,,,,,,,,,,Starrydata (experimental),10.1007/s11664-009-1032-8,https://doi.org/10.1007/s11664-009-1032-8,Starrydata all_curves.csv (release 'latest'),,,,,,,,D1,removed,derived (WF / total-minus-kappa_e) copy of a sample whose published kappa_L curve is in the corpus,data/external/KAPPA_POOL_MASTER.csv,,1282.0,HfNiSn,,
HfNiSn,3.5727431878760765,,781.2166,"experimental, Wiedemann-Franz: kappa_total - L*T/rho (Kim2015 L(S=190uV/K))",0,experimental,1.0,wf_subtracted,,,,,,,,,,Starrydata (experimental),10.1007/s11664-009-1032-8,https://doi.org/10.1007/s11664-009-1032-8,Starrydata all_curves.csv (release 'latest'),,,,,,,,D1,removed,derived (WF / total-minus-kappa_e) copy of a sample whose published kappa_L curve is in the corpus,data/external/KAPPA_POOL_MASTER.csv,,1282.0,HfNiSn,,
HfNiSn,3.641644404549983,,877.2412,"experimental, Wiedemann-Franz: kappa_total - L*T/rho (Kim2015 L(S=161uV/K))",0,experimental,1.0,wf_subtracted,,,,,,,,,,Starrydata (experimental),10.1007/s11664-009-1032-8,https://doi.org/10.1007/s11664-009-1032-8,Starrydata all_curves.csv (release 'latest'),,,,,,,,D1,removed,derived (WF / total-minus-kappa_e) copy of a sample whose published kappa_L curve is in the corpus,data/external/KAPPA_POOL_MASTER.csv,,1282.0,HfNiSn,,
ZrNiSn,4.8507268217158295,,294.8109,"experimental, Wiedemann-Franz: kappa_total - L*T/rho (Kim2015 L(S=146uV/K))",0,experimental,1.0,wf_subtracted,,,,,,,,,,Starrydata (experimental),10.1007/s11664-009-1032-8,https://doi.org/10.1007/s11664-009-1032-8,Starrydata all_curves.csv (release 'latest'),,,,,,,,D1,removed,derived (WF / total-minus-kappa_e) copy of a sample whose published kappa_L curve is in the corpus,data/external/KAPPA_POOL_MASTER.csv,,1283.0,ZrNiSn,,
ZrNiSn,4.508573079073338,,375.6496,"experimental, Wiedemann-Franz: kappa_total - L*T/rho (Kim2015 L(S=165uV/K))",0,experimental,1.0,wf_subtracted,,,,,,,,,,Starrydata (experimental),10.1007/s11664-009-1032-8,https://doi.org/10.1007/s11664-009-1032-8,Starrydata all_curves.csv (release 'latest'),,,,,,,,D1,removed,derived (WF / total-minus-kappa_e) copy of a sample whose published kappa_L curve is in the corpus,data/external/KAPPA_POOL_MASTER.csv,,1283.0,ZrNiSn,,
ZrNiSn,4.106165548064715,,474.0906,"experimental, Wiedemann-Franz: kappa_total - L*T/rho (Kim2015 L(S=183uV/K))",0,experimental,1.0,wf_subtracted,,,,,,,,,,Starrydata (experimental),10.1007/s11664-009-1032-8,https://doi.org/10.1007/s11664-009-1032-8,Starrydata all_curves.csv (release 'latest'),,,,,,,,D1,removed,derived (WF / total-minus-kappa_e) copy of a sample whose published kappa_L curve is in the corpus,data/external/KAPPA_POOL_MASTER.csv,,1283.0,ZrNiSn,,
ZrNiSn,3.661395526405551,,586.7001,"experimental, Wiedemann-Franz: kappa_total - L*T/rho (Kim2015 L(S=197uV/K))",0,experimental,1.0,wf_subtracted,,,,,,,,,,Starrydata (experimental),10.1007/s11664-009-1032-8,https://doi.org/10.1007/s11664-009-1032-8,Starrydata all_curves.csv (release 'latest'),,,,,,,,D1,removed,derived (WF / total-minus-kappa_e) copy of a sample whose published kappa_L curve is in the corpus,data/external/KAPPA_POOL_MASTER.csv,,1283.0,ZrNiSn,,
ZrNiSn,3.497693195845901,,671.4815,"experimental, Wiedemann-Franz: kappa_total - L*T/rho (Kim2015 L(S=203uV/K))",0,experimental,1.0,wf_subtracted,,,,,,,,,,Starrydata (experimental),10.1007/s11664-009-1032-8,https://doi.org/10.1007/s11664-009-1032-8,Starrydata all_curves.csv (release 'latest'),,,,,,,,D1,removed,derived (WF / total-minus-kappa_e) copy of a sample whose published kappa_L curve is in the corpus,data/external/KAPPA_POOL_MASTER.csv,,1283.0,ZrNiSn,,
ZrNiSn,3.323773840984268,,791.6966,"experimental, Wiedemann-Franz: kappa_total - L*T/rho (Kim2015 L(S=203uV/K))",0,experimental,1.0,wf_subtracted,,,,,,,,,,Starrydata (experimental),10.1007/s11664-009-1032-8,https://doi.org/10.1007/s11664-009-1032-8,Starrydata all_curves.csv (release 'latest'),,,,,,,,D1,removed,derived (WF / total-minus-kappa_e) copy of a sample whose published kappa_L curve is in the corpus,data/external/KAPPA_POOL_MASTER.csv,,1283.0,ZrNiSn,,
ZrNiSn,3.3101117694602165,,876.8088,"experimental, Wiedemann-Franz: kappa_total - L*T/rho (Kim2015 L(S=200uV/K))",0,experimental,1.0,wf_subtracted,,,,,,,,,,Starrydata (experimental),10.1007/s11664-009-1032-8,https://doi.org/10.1007/s11664-009-1032-8,Starrydata all_curves.csv (release 'latest'),,,,,,,,D1,removed,derived (WF / total-minus-kappa_e) copy of a sample whose published kappa_L curve is in the corpus,data/external/KAPPA_POOL_MASTER.csv,,1283.0,ZrNiSn,,
ZrNiSn,3.274742396685797,,972.5535,"experimental, Wiedemann-Franz: kappa_total - L*T/rho (Kim2015 L(S=191uV/K))",0,experimental,1.0,wf_subtracted,,,,,,,,,,Starrydata (experimental),10.1007/s11664-009-1032-8,https://doi.org/10.1007/s11664-009-1032-8,Starrydata all_curves.csv (release 'latest'),,,,,,,,D1,removed,derived (WF / total-minus-kappa_e) copy of a sample whose published kappa_L curve is in the corpus,data/external/KAPPA_POOL_MASTER.csv,,1283.0,ZrNiSn,,
BaAgSb,2.371081739055648,,305.6754,"experimental, Wiedemann-Franz: kappa_total - L*T/rho (Kim2015 L(S=153uV/K))",0,experimental,1.0,wf_subtracted,,,,,,,,,,Starrydata (experimental),10.1007/s40843-020-1640-2,https://doi.org/10.1007/s40843-020-1640-2,Starrydata all_curves.csv (release 'latest'),,,,,,,,D1,removed,derived (WF / total-minus-kappa_e) copy of a sample whose published kappa_L curve is in the corpus,data/external/KAPPA_POOL_MASTER.csv,,45742.0,BaAgSb,,
BaAgSb,1.9951201710847848,,377.185,"experimental, Wiedemann-Franz: kappa_total - L*T/rho (Kim2015 L(S=176uV/K))",0,experimental,1.0,wf_subtracted,,,,,,,,,,Starrydata (experimental),10.1007/s40843-020-1640-2,https://doi.org/10.1007/s40843-020-1640-2,Starrydata all_curves.csv (release 'latest'),,,,,,,,D1,removed,derived (WF / total-minus-kappa_e) copy of a sample whose published kappa_L curve is in the corpus,data/external/KAPPA_POOL_MASTER.csv,,45742.0,BaAgSb,,
BaAgSb,1.626778027527188,,482.7469,"experimental, Wiedemann-Franz: kappa_total - L*T/rho (Kim2015 L(S=208uV/K))",0,experimental,1.0,wf_subtracted,,,,,,,,,,Starrydata (experimental),10.1007/s40843-020-1640-2,https://doi.org/10.1007/s40843-020-1640-2,Starrydata all_curves.csv (release 'latest'),,,,,,,,D1,removed,derived (WF / total-minus-kappa_e) copy of a sample whose published kappa_L curve is in the corpus,data/external/KAPPA_POOL_MASTER.csv,,45742.0,BaAgSb,,
BaAgSb,1.276835166418841,,583.7684,"experimental, Wiedemann-Franz: kappa_total - L*T/rho (Kim2015 L(S=207uV/K))",0,experimental,1.0,wf_subtracted,,,,,,,,,,Starrydata (experimental),10.1007/s40843-020-1640-2,https://doi.org/10.1007/s40843-020-1640-2,Starrydata all_curves.csv (release 'latest'),,,,,,,,D1,removed,derived (WF / total-minus-kappa_e) copy of a sample whose published kappa_L curve is in the corpus,data/external/KAPPA_POOL_MASTER.csv,,45742.0,BaAgSb,,
BaAgSb,1.032212078573576,,633.7117,"experimental, Wiedemann-Franz: kappa_total - L*T/rho (Kim2015 L(S=157uV/K))",0,experimental,1.0,wf_subtracted,,,,,,,,,,Starrydata (experimental),10.1007/s40843-020-1640-2,https://doi.org/10.1007/s40843-020-1640-2,Starrydata all_curves.csv (release 'latest'),,,,,,,,D1,removed,derived (WF / total-minus-kappa_e) copy of a sample whose published kappa_L curve is in the corpus,data/external/KAPPA_POOL_MASTER.csv,,45742.0,BaAgSb,,
BaAgSb,0.7508755688473302,,687.0602,"experimental, Wiedemann-Franz: kappa_total - L*T/rho (Kim2015 L(S=114uV/K))",0,experimental,1.0,wf_subtracted,,,,,,,,,,Starrydata (experimental),10.1007/s40843-020-1640-2,https://doi.org/10.1007/s40843-020-1640-2,Starrydata all_curves.csv (release 'latest'),,,,,,,,D1,removed,derived (WF / total-minus-kappa_e) copy of a sample whose published kappa_L curve is in the corpus,data/external/KAPPA_POOL_MASTER.csv,,45742.0,BaAgSb,,
BaAgSb,0.4997307568108395,,739.2736,"experimental, Wiedemann-Franz: kappa_total - L*T/rho (Kim2015 L(S=103uV/K))",0,experimental,1.0,wf_subtracted,,,,,,,,,,Starrydata (experimental),10.1007/s40843-020-1640-2,https://doi.org/10.1007/s40843-020-1640-2,Starrydata all_curves.csv (release 'latest'),,,,,,,,D1,removed,derived (WF / total-minus-kappa_e) copy of a sample whose published kappa_L curve is in the corpus,data/external/KAPPA_POOL_MASTER.csv,,45742.0,BaAgSb,,
BaAgSb,0.2496898368610933,,786.9467,"experimental, Wiedemann-Franz: kappa_total - L*T/rho (Kim2015 L(S=90uV/K))",0,experimental,1.0,wf_subtracted,,,,,,,,,,Starrydata (experimental),10.1007/s40843-020-1640-2,https://doi.org/10.1007/s40843-020-1640-2,Starrydata all_curves.csv (release 'latest'),,,,,,,,D1,removed,derived (WF / total-minus-kappa_e) copy of a sample whose published kappa_L curve is in the corpus,data/external/KAPPA_POOL_MASTER.csv,,45742.0,BaAgSb,,
ZrNiSn,6.03399435428808,,324.4514,"experimental, Wiedemann-Franz: kappa_total - L*T/rho (Kim2015 L(S=123uV/K))",0,experimental,1.0,wf_subtracted,,,,,,,,,,Starrydata (experimental),10.1007/s40195-025-01853-x,https://doi.org/10.1007/s40195-025-01853-x,Starrydata all_curves.csv (release 'latest'),,,,,,,,D1,removed,derived (WF / total-minus-kappa_e) copy of a sample whose published kappa_L curve is in the corpus,data/external/KAPPA_POOL_MASTER.csv,,93235.0,ZrNiSn,,
ZrNiSn,5.722526673889808,,373.2078,"experimental, Wiedemann-Franz: kappa_total - L*T/rho (Kim2015 L(S=134uV/K))",0,experimental,1.0,wf_subtracted,,,,,,,,,,Starrydata (experimental),10.1007/s40195-025-01853-x,https://doi.org/10.1007/s40195-025-01853-x,Starrydata all_curves.csv (release 'latest'),,,,,,,,D1,removed,derived (WF / total-minus-kappa_e) copy of a sample whose published kappa_L curve is in the corpus,data/external/KAPPA_POOL_MASTER.csv,,93235.0,ZrNiSn,,
ZrNiSn,5.4053818018507656,,423.5181,"experimental, Wiedemann-Franz: kappa_total - L*T/rho (Kim2015 L(S=147uV/K))",0,experimental,1.0,wf_subtracted,,,,,,,,,,Starrydata (experimental),10.1007/s40195-025-01853-x,https://doi.org/10.1007/s40195-025-01853-x,Starrydata all_curves.csv (release 'latest'),,,,,,,,D1,removed,derived (WF / total-minus-kappa_e) copy of a sample whose published kappa_L curve is in the corpus,data/external/KAPPA_POOL_MASTER.csv,,93235.0,ZrNiSn,,
ZrNiSn,5.151870996435568,,472.3323,"experimental, Wiedemann-Franz: kappa_total - L*T/rho (Kim2015 L(S=154uV/K))",0,experimental,1.0,wf_subtracted,,,,,,,,,,Starrydata (experimental),10.1007/s40195-025-01853-x,https://doi.org/10.1007/s40195-025-01853-x,Starrydata all_curves.csv (release 'latest'),,,,,,,,D1,removed,derived (WF / total-minus-kappa_e) copy of a sample whose published kappa_L curve is in the corpus,data/external/KAPPA_POOL_MASTER.csv,,93235.0,ZrNiSn,,
ZrNiSn,4.907404902561243,,525.0529,"experimental, Wiedemann-Franz: kappa_total - L*T/rho (Kim2015 L(S=161uV/K))",0,experimental,1.0,wf_subtracted,,,,,,,,,,Starrydata (experimental),10.1007/s40195-025-01853-x,https://doi.org/10.1007/s40195-025-01853-x,Starrydata all_curves.csv (release 'latest'),,,,,,,,D1,removed,derived (WF / total-minus-kappa_e) copy of a sample whose published kappa_L curve is in the corpus,data/external/KAPPA_POOL_MASTER.csv,,93235.0,ZrNiSn,,
ZrNiSn,4.73323820906386,,574.7156,"experimental, Wiedemann-Franz: kappa_total - L*T/rho (Kim2015 L(S=168uV/K))",0,experimental,1.0,wf_subtracted,,,,,,,,,,Starrydata (experimental),10.1007/s40195-025-01853-x,https://doi.org/10.1007/s40195-025-01853-x,Starrydata all_curves.csv (release 'latest'),,,,,,,,D1,removed,derived (WF / total-minus-kappa_e) copy of a sample whose published kappa_L curve is in the corpus,data/external/KAPPA_POOL_MASTER.csv,,93235.0,ZrNiSn,,
ZrNiSn,4.560438122233935,,621.2707,"experimental, Wiedemann-Franz: kappa_total - L*T/rho (Kim2015 L(S=172uV/K))",0,experimental,1.0,wf_subtracted,,,,,,,,,,Starrydata (experimental),10.1007/s40195-025-01853-x,https://doi.org/10.1007/s40195-025-01853-x,Starrydata all_curves.csv (release 'latest'),,,,,,,,D1,removed,derived (WF / total-minus-kappa_e) copy of a sample whose published kappa_L curve is in the corpus,data/external/KAPPA_POOL_MASTER.csv,,93235.0,ZrNiSn,,
ZrNiSn,4.350228079971132,,672.4713,"experimental, Wiedemann-Franz: kappa_total - L*T/rho (Kim2015 L(S=176uV/K))",0,experimental,1.0,wf_subtracted,,,,,,,,,,Starrydata (experimental),10.1007/s40195-025-01853-x,https://doi.org/10.1007/s40195-025-01853-x,Starrydata all_curves.csv (release 'latest'),,,,,,,,D1,removed,derived (WF / total-minus-kappa_e) copy of a sample whose published kappa_L curve is in the corpus,data/external/KAPPA_POOL_MASTER.csv,,93235.0,ZrNiSn,,
ZrNiSn,4.195208945920203,,722.1678,"experimental, Wiedemann-Franz: kappa_total - L*T/rho (Kim2015 L(S=179uV/K))",0,experimental,1.0,wf_subtracted,,,,,,,,,,Starrydata (experimental),10.1007/s40195-025-01853-x,https://doi.org/10.1007/s40195-025-01853-x,Starrydata all_curves.csv (release 'latest'),,,,,,,,D1,removed,derived (WF / total-minus-kappa_e) copy of a sample whose published kappa_L curve is in the corpus,data/external/KAPPA_POOL_MASTER.csv,,93235.0,ZrNiSn,,
ZrNiSn,4.077968744128443,,771.8902,"experimental, Wiedemann-Franz: kappa_total - L*T/rho (Kim2015 L(S=182uV/K))",0,experimental,1.0,wf_subtracted,,,,,,,,,,Starrydata (experimental),10.1007/s40195-025-01853-x,https://doi.org/10.1007/s40195-025-01853-x,Starrydata all_curves.csv (release 'latest'),,,,,,,,D1,removed,derived (WF / total-minus-kappa_e) copy of a sample whose published kappa_L curve is in the corpus,data/external/KAPPA_POOL_MASTER.csv,,93235.0,ZrNiSn,,
ZrNiSn,3.970516977087039,,823.1943,"experimental, Wiedemann-Franz: kappa_total - L*T/rho (Kim2015 L(S=182uV/K))",0,experimental,1.0,wf_subtracted,,,,,,,,,,Starrydata (experimental),10.1007/s40195-025-01853-x,https://doi.org/10.1007/s40195-025-01853-x,Starrydata all_curves.csv (release 'latest'),,,,,,,,D1,removed,derived (WF / total-minus-kappa_e) copy of a sample whose published kappa_L curve is in the corpus,data/external/KAPPA_POOL_MASTER.csv,,93235.0,ZrNiSn,,
ZrNiSn,3.923441712121633,,869.8687,"experimental, Wiedemann-Franz: kappa_total - L*T/rho (Kim2015 L(S=182uV/K))",0,experimental,1.0,wf_subtracted,,,,,,,,,,Starrydata (experimental),10.1007/s40195-025-01853-x,https://doi.org/10.1007/s40195-025-01853-x,Starrydata all_curves.csv (release 'latest'),,,,,,,,D1,removed,derived (WF / total-minus-kappa_e) copy of a sample whose published kappa_L curve is in the corpus,data/external/KAPPA_POOL_MASTER.csv,,93235.0,ZrNiSn,,
ZrNiSn,3.899206391284218,,925.9058,"experimental, Wiedemann-Franz: kappa_total - L*T/rho (Kim2015 L(S=183uV/K))",0,experimental,1.0,wf_subtracted,,,,,,,,,,Starrydata (experimental),10.1007/s40195-025-01853-x,https://doi.org/10.1007/s40195-025-01853-x,Starrydata all_curves.csv (release 'latest'),,,,,,,,D1,removed,derived (WF / total-minus-kappa_e) copy of a sample whose published kappa_L curve is in the corpus,data/external/KAPPA_POOL_MASTER.csv,,93235.0,ZrNiSn,,
AlVFe2,26.66823213738284,,300.423,"experimental, Wiedemann-Franz: kappa_total - L*T/rho (Kim2015 L(S=38uV/K))",0,experimental,1.0,wf_subtracted,,,,,,,,,,Starrydata (experimental),10.15541/jim20250041,https://doi.org/10.15541/jim20250041,Starrydata all_curves.csv (release 'latest'),,,,,,,,D1,removed,derived (WF / total-minus-kappa_e) copy of a sample whose published kappa_L curve is in the corpus,data/external/KAPPA_POOL_MASTER.csv,,93307.0,AlVFe2,,
AlVFe2,24.93151185490339,,325.3807,"experimental, Wiedemann-Franz: kappa_total - L*T/rho (Kim2015 L(S=36uV/K))",0,experimental,1.0,wf_subtracted,,,,,,,,,,Starrydata (experimental),10.15541/jim20250041,https://doi.org/10.15541/jim20250041,Starrydata all_curves.csv (release 'latest'),,,,,,,,D1,removed,derived (WF / total-minus-kappa_e) copy of a sample whose published kappa_L curve is in the corpus,data/external/KAPPA_POOL_MASTER.csv,,93307.0,AlVFe2,,
AlVFe2,23.34573864914776,,352.8765,"experimental, Wiedemann-Franz: kappa_total - L*T/rho (Kim2015 L(S=35uV/K))",0,experimental,1.0,wf_subtracted,,,,,,,,,,Starrydata (experimental),10.15541/jim20250041,https://doi.org/10.15541/jim20250041,Starrydata all_curves.csv (release 'latest'),,,,,,,,D1,removed,derived (WF / total-minus-kappa_e) copy of a sample whose published kappa_L curve is in the corpus,data/external/KAPPA_POOL_MASTER.csv,,93307.0,AlVFe2,,
AlVFe2,22.05057764008,,379.1032,"experimental, Wiedemann-Franz: kappa_total - L*T/rho (Kim2015 L(S=32uV/K))",0,experimental,1.0,wf_subtracted,,,,,,,,,,Starrydata (experimental),10.15541/jim20250041,https://doi.org/10.15541/jim20250041,Starrydata all_curves.csv (release 'latest'),,,,,,,,D1,removed,derived (WF / total-minus-kappa_e) copy of a sample whose published kappa_L curve is in the corpus,data/external/KAPPA_POOL_MASTER.csv,,93307.0,AlVFe2,,
AlVFe2,20.911292154013555,,404.9069,"experimental, Wiedemann-Franz: kappa_total - L*T/rho (Kim2015 L(S=29uV/K))",0,experimental,1.0,wf_subtracted,,,,,,,,,,Starrydata (experimental),10.15541/jim20250041,https://doi.org/10.15541/jim20250041,Starrydata all_curves.csv (release 'latest'),,,,,,,,D1,removed,derived (WF / total-minus-kappa_e) copy of a sample whose published kappa_L curve is in the corpus,data/external/KAPPA_POOL_MASTER.csv,,93307.0,AlVFe2,,
AlVFe2,20.061504581363565,,432.4027,"experimental, Wiedemann-Franz: kappa_total - L*T/rho (Kim2015 L(S=26uV/K))",0,experimental,1.0,wf_subtracted,,,,,,,,,,Starrydata (experimental),10.15541/jim20250041,https://doi.org/10.15541/jim20250041,Starrydata all_curves.csv (release 'latest'),,,,,,,,D1,removed,derived (WF / total-minus-kappa_e) copy of a sample whose published kappa_L curve is in the corpus,data/external/KAPPA_POOL_MASTER.csv,,93307.0,AlVFe2,,
AlVFe2,19.159917122725616,,457.7834,"experimental, Wiedemann-Franz: kappa_total - L*T/rho (Kim2015 L(S=25uV/K))",0,experimental,1.0,wf_subtracted,,,,,,,,,,Starrydata (experimental),10.15541/jim20250041,https://doi.org/10.15541/jim20250041,Starrydata all_curves.csv (release 'latest'),,,,,,,,D1,removed,derived (WF / total-minus-kappa_e) copy of a sample whose published kappa_L curve is in the corpus,data/external/KAPPA_POOL_MASTER.csv,,93307.0,AlVFe2,,
AlVFe2,18.393929311871887,,484.0102,"experimental, Wiedemann-Franz: kappa_total - L*T/rho (Kim2015 L(S=20uV/K))",0,experimental,1.0,wf_subtracted,,,,,,,,,,Starrydata (experimental),10.15541/jim20250041,https://doi.org/10.15541/jim20250041,Starrydata all_curves.csv (release 'latest'),,,,,,,,D1,removed,derived (WF / total-minus-kappa_e) copy of a sample whose published kappa_L curve is in the corpus,data/external/KAPPA_POOL_MASTER.csv,,93307.0,AlVFe2,,
AlVFe2,17.598550061934837,,510.6599,"experimental, Wiedemann-Franz: kappa_total - L*T/rho (Kim2015 L(S=18uV/K))",0,experimental,1.0,wf_subtracted,,,,,,,,,,Starrydata (experimental),10.15541/jim20250041,https://doi.org/10.15541/jim20250041,Starrydata all_curves.csv (release 'latest'),,,,,,,,D1,removed,derived (WF / total-minus-kappa_e) copy of a sample whose published kappa_L curve is in the corpus,data/external/KAPPA_POOL_MASTER.csv,,93307.0,AlVFe2,,
AlVFe2,16.98987669810738,,535.6176,"experimental, Wiedemann-Franz: kappa_total - L*T/rho (Kim2015 L(S=15uV/K))",0,experimental,1.0,wf_subtracted,,,,,,,,,,Starrydata (experimental),10.15541/jim20250041,https://doi.org/10.15541/jim20250041,Starrydata all_curves.csv (release 'latest'),,,,,,,,D1,removed,derived (WF / total-minus-kappa_e) copy of a sample whose published kappa_L curve is in the corpus,data/external/KAPPA_POOL_MASTER.csv,,93307.0,AlVFe2,,
AlVFe2,16.25808474852974,,562.6904,"experimental, Wiedemann-Franz: kappa_total - L*T/rho (Kim2015 L(S=13uV/K))",0,experimental,1.0,wf_subtracted,,,,,,,,,,Starrydata (experimental),10.15541/jim20250041,https://doi.org/10.15541/jim20250041,Starrydata all_curves.csv (release 'latest'),,,,,,,,D1,removed,derived (WF / total-minus-kappa_e) copy of a sample whose published kappa_L curve is in the corpus,data/external/KAPPA_POOL_MASTER.csv,,93307.0,AlVFe2,,
AlVFe2,15.511317038739726,,589.7631,"experimental, Wiedemann-Franz: kappa_total - L*T/rho (Kim2015 L(S=9uV/K))",0,experimental,1.0,wf_subtracted,,,,,,,,,,Starrydata (experimental),10.15541/jim20250041,https://doi.org/10.15541/jim20250041,Starrydata all_curves.csv (release 'latest'),,,,,,,,D1,removed,derived (WF / total-minus-kappa_e) copy of a sample whose published kappa_L curve is in the corpus,data/external/KAPPA_POOL_MASTER.csv,,93307.0,AlVFe2,,
AlVFe2,14.762762049924891,,615.9898,"experimental, Wiedemann-Franz: kappa_total - L*T/rho (Kim2015 L(S=8uV/K))",0,experimental,1.0,wf_subtracted,,,,,,,,,,Starrydata (experimental),10.15541/jim20250041,https://doi.org/10.15541/jim20250041,Starrydata all_curves.csv (release 'latest'),,,,,,,,D1,removed,derived (WF / total-minus-kappa_e) copy of a sample whose published kappa_L curve is in the corpus,data/external/KAPPA_POOL_MASTER.csv,,93307.0,AlVFe2,,
AlVFe2,14.130891607043823,,642.6396,"experimental, Wiedemann-Franz: kappa_total - L*T/rho (Kim2015 L(S=6uV/K))",0,experimental,1.0,wf_subtracted,,,,,,,,,,Starrydata (experimental),10.15541/jim20250041,https://doi.org/10.15541/jim20250041,Starrydata all_curves.csv (release 'latest'),,,,,,,,D1,removed,derived (WF / total-minus-kappa_e) copy of a sample whose published kappa_L curve is in the corpus,data/external/KAPPA_POOL_MASTER.csv,,93307.0,AlVFe2,,
AlVFe2,13.724661543693074,,668.0203,"experimental, Wiedemann-Franz: kappa_total - L*T/rho (Kim2015 L(S=4uV/K))",0,experimental,1.0,wf_subtracted,,,,,,,,,,Starrydata (experimental),10.15541/jim20250041,https://doi.org/10.15541/jim20250041,Starrydata all_curves.csv (release 'latest'),,,,,,,,D1,removed,derived (WF / total-minus-kappa_e) copy of a sample whose published kappa_L curve is in the corpus,data/external/KAPPA_POOL_MASTER.csv,,93307.0,AlVFe2,,
AlVFe2,13.101825199834623,,693.824,"experimental, Wiedemann-Franz: kappa_total - L*T/rho (Kim2015 L(S=2uV/K))",0,experimental,1.0,wf_subtracted,,,,,,,,,,Starrydata (experimental),10.15541/jim20250041,https://doi.org/10.15541/jim20250041,Starrydata all_curves.csv (release 'latest'),,,,,,,,D1,removed,derived (WF / total-minus-kappa_e) copy of a sample whose published kappa_L curve is in the corpus,data/external/KAPPA_POOL_MASTER.csv,,93307.0,AlVFe2,,
AlVFe2,12.529404872652409,,720.0508,"experimental, Wiedemann-Franz: kappa_total - L*T/rho (Kim2015 L(S=0uV/K))",0,experimental,1.0,wf_subtracted,,,,,,,,,,Starrydata (experimental),10.15541/jim20250041,https://doi.org/10.15541/jim20250041,Starrydata all_curves.csv (release 'latest'),,,,,,,,D1,removed,derived (WF / total-minus-kappa_e) copy of a sample whose published kappa_L curve is in the corpus,data/external/KAPPA_POOL_MASTER.csv,,93307.0,AlVFe2,,
AlVFe2,11.930018195997697,,747.5465,"experimental, Wiedemann-Franz: kappa_total - L*T/rho (Kim2015 L(S=1uV/K))",0,experimental,1.0,wf_subtracted,,,,,,,,,,Starrydata (experimental),10.15541/jim20250041,https://doi.org/10.15541/jim20250041,Starrydata all_curves.csv (release 'latest'),,,,,,,,D1,removed,derived (WF / total-minus-kappa_e) copy of a sample whose published kappa_L curve is in the corpus,data/external/KAPPA_POOL_MASTER.csv,,93307.0,AlVFe2,,
AlVFe2,11.392388315928894,,772.5042,"experimental, Wiedemann-Franz: kappa_total - L*T/rho (Kim2015 L(S=3uV/K))",0,experimental,1.0,wf_subtracted,,,,,,,,,,Starrydata (experimental),10.15541/jim20250041,https://doi.org/10.15541/jim20250041,Starrydata all_curves.csv (release 'latest'),,,,,,,,D1,removed,derived (WF / total-minus-kappa_e) copy of a sample whose published kappa_L curve is in the corpus,data/external/KAPPA_POOL_MASTER.csv,,93307.0,AlVFe2,,
AlVFe2,10.766169528292416,,800.423,"experimental, Wiedemann-Franz: kappa_total - L*T/rho (Kim2015 L(S=3uV/K))",0,experimental,1.0,wf_subtracted,,,,,,,,,,Starrydata (experimental),10.15541/jim20250041,https://doi.org/10.15541/jim20250041,Starrydata all_curves.csv (release 'latest'),,,,,,,,D1,removed,derived (WF / total-minus-kappa_e) copy of a sample whose published kappa_L curve is in the corpus,data/external/KAPPA_POOL_MASTER.csv,,93307.0,AlVFe2,,
TiFe2Sn,2.465720375703272,,298.5022,"experimental, Wiedemann-Franz: kappa_total - L*T/rho (degenerate 2.44e-8)",0,experimental,1.0,wf_subtracted,,,,,,,,,,Starrydata (experimental),10.3390/inorganics12120322,https://doi.org/10.3390/inorganics12120322,Starrydata all_curves.csv (release 'latest'),,,,,,,,D1,removed,derived (WF / total-minus-kappa_e) copy of a sample whose published kappa_L curve is in the corpus,data/external/KAPPA_POOL_MASTER.csv,,93464.0,TiFe2Sn,,
TiFe2Sn,2.4737439241589945,,320.8124,"experimental, Wiedemann-Franz: kappa_total - L*T/rho (degenerate 2.44e-8)",0,experimental,1.0,wf_subtracted,,,,,,,,,,Starrydata (experimental),10.3390/inorganics12120322,https://doi.org/10.3390/inorganics12120322,Starrydata all_curves.csv (release 'latest'),,,,,,,,D1,removed,derived (WF / total-minus-kappa_e) copy of a sample whose published kappa_L curve is in the corpus,data/external/KAPPA_POOL_MASTER.csv,,93464.0,TiFe2Sn,,
TiFe2Sn,2.451166432103243,,373.0471,"experimental, Wiedemann-Franz: kappa_total - L*T/rho (degenerate 2.44e-8)",0,experimental,1.0,wf_subtracted,,,,,,,,,,Starrydata (experimental),10.3390/inorganics12120322,https://doi.org/10.3390/inorganics12120322,Starrydata all_curves.csv (release 'latest'),,,,,,,,D1,removed,derived (WF / total-minus-kappa_e) copy of a sample whose published kappa_L curve is in the corpus,data/external/KAPPA_POOL_MASTER.csv,,93464.0,TiFe2Sn,,
TiFe2Sn,2.624398545431243,,423.6617,"experimental, Wiedemann-Franz: kappa_total - L*T/rho (degenerate 2.44e-8)",0,experimental,1.0,wf_subtracted,,,,,,,,,,Starrydata (experimental),10.3390/inorganics12120322,https://doi.org/10.3390/inorganics12120322,Starrydata all_curves.csv (release 'latest'),,,,,,,,D1,removed,derived (WF / total-minus-kappa_e) copy of a sample whose published kappa_L curve is in the corpus,data/external/KAPPA_POOL_MASTER.csv,,93464.0,TiFe2Sn,,
TiFe2Sn,2.802941656020445,,473.7345,"experimental, Wiedemann-Franz: kappa_total - L*T/rho (degenerate 2.44e-8)",0,experimental,1.0,wf_subtracted,,,,,,,,,,Starrydata (experimental),10.3390/inorganics12120322,https://doi.org/10.3390/inorganics12120322,Starrydata all_curves.csv (release 'latest'),,,,,,,,D1,removed,derived (WF / total-minus-kappa_e) copy of a sample whose published kappa_L curve is in the corpus,data/external/KAPPA_POOL_MASTER.csv,,93464.0,TiFe2Sn,,
TiFe2Sn,2.910625797855162,,525.437,"experimental, Wiedemann-Franz: kappa_total - L*T/rho (degenerate 2.44e-8)",0,experimental,1.0,wf_subtracted,,,,,,,,,,Starrydata (experimental),10.3390/inorganics12120322,https://doi.org/10.3390/inorganics12120322,Starrydata all_curves.csv (release 'latest'),,,,,,,,D1,removed,derived (WF / total-minus-kappa_e) copy of a sample whose published kappa_L curve is in the corpus,data/external/KAPPA_POOL_MASTER.csv,,93464.0,TiFe2Sn,,
TiFe2Sn,2.7701698826696552,,577.131,"experimental, Wiedemann-Franz: kappa_total - L*T/rho (degenerate 2.44e-8)",0,experimental,1.0,wf_subtracted,,,,,,,,,,Starrydata (experimental),10.3390/inorganics12120322,https://doi.org/10.3390/inorganics12120322,Starrydata all_curves.csv (release 'latest'),,,,,,,,D1,removed,derived (WF / total-minus-kappa_e) copy of a sample whose published kappa_L curve is in the corpus,data/external/KAPPA_POOL_MASTER.csv,,93464.0,TiFe2Sn,,
TiFe2Sn,2.772019660793573,,625.5676,"experimental, Wiedemann-Franz: kappa_total - L*T/rho (degenerate 2.44e-8)",0,experimental,1.0,wf_subtracted,,,,,,,,,,Starrydata (experimental),10.3390/inorganics12120322,https://doi.org/10.3390/inorganics12120322,Starrydata all_curves.csv (release 'latest'),,,,,,,,D1,removed,derived (WF / total-minus-kappa_e) copy of a sample whose published kappa_L curve is in the corpus,data/external/KAPPA_POOL_MASTER.csv,,93464.0,TiFe2Sn,,
TiFe2Sn,2.6664477806665685,,676.1779,"experimental, Wiedemann-Franz: kappa_total - L*T/rho (degenerate 2.44e-8)",0,experimental,1.0,wf_subtracted,,,,,,,,,,Starrydata (experimental),10.3390/inorganics12120322,https://doi.org/10.3390/inorganics12120322,Starrydata all_curves.csv (release 'latest'),,,,,,,,D1,removed,derived (WF / total-minus-kappa_e) copy of a sample whose published kappa_L curve is in the corpus,data/external/KAPPA_POOL_MASTER.csv,,93464.0,TiFe2Sn,,
TiFe2Sn,2.601820571721607,,726.2474,"experimental, Wiedemann-Franz: kappa_total - L*T/rho (degenerate 2.44e-8)",0,experimental,1.0,wf_subtracted,,,,,,,,,,Starrydata (experimental),10.3390/inorganics12120322,https://doi.org/10.3390/inorganics12120322,Starrydata all_curves.csv (release 'latest'),,,,,,,,D1,removed,derived (WF / total-minus-kappa_e) copy of a sample whose published kappa_L curve is in the corpus,data/external/KAPPA_POOL_MASTER.csv,,93464.0,TiFe2Sn,,
TiFe2Sn,2.4008176867717603,,775.2248,"experimental, Wiedemann-Franz: kappa_total - L*T/rho (degenerate 2.44e-8)",0,experimental,1.0,wf_subtracted,,,,,,,,,,Starrydata (experimental),10.3390/inorganics12120322,https://doi.org/10.3390/inorganics12120322,Starrydata all_curves.csv (release 'latest'),,,,,,,,D1,removed,derived (WF / total-minus-kappa_e) copy of a sample whose published kappa_L curve is in the corpus,data/external/KAPPA_POOL_MASTER.csv,,93464.0,TiFe2Sn,,
TiFe2Sn,2.2997937962316275,,824.2043,"experimental, Wiedemann-Franz: kappa_total - L*T/rho (degenerate 2.44e-8)",0,experimental,1.0,wf_subtracted,,,,,,,,,,Starrydata (experimental),10.3390/inorganics12120322,https://doi.org/10.3390/inorganics12120322,Starrydata all_curves.csv (release 'latest'),,,,,,,,D1,removed,derived (WF / total-minus-kappa_e) copy of a sample whose published kappa_L curve is in the corpus,data/external/KAPPA_POOL_MASTER.csv,,93464.0,TiFe2Sn,,
TiFe2Sn,2.493324341758255,,873.2019,"experimental, Wiedemann-Franz: kappa_total - L*T/rho (degenerate 2.44e-8)",0,experimental,1.0,wf_subtracted,,,,,,,,,,Starrydata (experimental),10.3390/inorganics12120322,https://doi.org/10.3390/inorganics12120322,Starrydata all_curves.csv (release 'latest'),,,,,,,,D1,removed,derived (WF / total-minus-kappa_e) copy of a sample whose published kappa_L curve is in the corpus,data/external/KAPPA_POOL_MASTER.csv,,93464.0,TiFe2Sn,,
AgSbSe2,0.48,W/m/K,300.0,measured,3,semi-empirical,0.3,,7.08222,225.0,Fm-3m,,,"[""Ag"", ""Ag"", ""Ag"", ""Ag"", ""Sb"", ""Sb"", ""Sb"", ""Sb"", ""Se"", ""Se"", ""Se"", ""Se"", ""Se"", ""Se"", ""Se"", ""Se""]","[[0.0, 0.0, 0.0], [0.0, 0.5, 0.5], [0.5, 0.0, 0.5], [0.5, 0.5, 0.0], [0.5, 0.0, 0.0], [0.5, 0.5, 0.5], [0.0, 0.0, 0.5], [0.0, 0.5, 0.0], [0.25, 0.75, 0.75], [0.25, 0.25, 0.75], [0.25, 0.25, 0.25], [0.25, 0.75, 0.25], [0.75, 0.75, 0.25], [0.75, 0.25, 0.25], [0.75, 0.25, 0.75], [0.75, 0.75, 0.75]]",A,conventional,"paper mining (PDF, batch 2)",10.1038/s41467-020-14772-5,,page 10,OPTIMADE,https://alexandria.icams.rub.de/pbe/v1/structures/agm002735473,alexandria,agm002735473,False,stoichiometric,AgSbSe2,D5,removed,"measured value, not a semi-empirical estimate; non-Heusler: rocksalt-derived I-V-VI2 chalcogenide, not a Heusler",data/Target_Materials/HEUSLER_KAPPA_TIER3_GAP_ROWS.csv,,,,,
TiSbRu2,1.23552,W/m/K,341.53744,κ - κe,3,semi-empirical,0.3,,6.29026,225.0,Fm-3m,,,"[""Ti"", ""Ti"", ""Ti"", ""Ti"", ""Sb"", ""Sb"", ""Sb"", ""Sb"", ""Ru"", ""Ru"", ""Ru"", ""Ru"", ""Ru"", ""Ru"", ""Ru"", ""Ru""]","[[0.0, 0.0, 0.0], [0.0, 0.5, 0.5], [0.5, 0.0, 0.5], [0.5, 0.5, 0.0], [0.0, 0.5, 0.0], [0.0, 0.0, 0.5], [0.5, 0.5, 0.5], [0.5, 0.0, 0.0], [0.75, 0.75, 0.25], [0.75, 0.75, 0.75], [0.75, 0.25, 0.75], [0.75, 0.25, 0.25], [0.25, 0.75, 0.75], [0.25, 0.75, 0.25], [0.25, 0.25, 0.25], [0.25, 0.25, 0.75]]",A,conventional,"paper mining (PDF, batch 2)",10.1038/s41467-021-27795-3,,sheet: Sheet1,OPTIMADE,https://oqmd.org/optimade/v1/structures/4603629,oqmd,4603629,False,stoichiometric,TiSbRu2,D5,removed,"measured value, not a semi-empirical estimate",data/Target_Materials/HEUSLER_KAPPA_TIER3_GAP_ROWS.csv,,,,,
TiSbRu2,1.34483,W/m/K,372.6212,κ - κe,3,semi-empirical,0.3,,6.29026,225.0,Fm-3m,,,"[""Ti"", ""Ti"", ""Ti"", ""Ti"", ""Sb"", ""Sb"", ""Sb"", ""Sb"", ""Ru"", ""Ru"", ""Ru"", ""Ru"", ""Ru"", ""Ru"", ""Ru"", ""Ru""]","[[0.0, 0.0, 0.0], [0.0, 0.5, 0.5], [0.5, 0.0, 0.5], [0.5, 0.5, 0.0], [0.0, 0.5, 0.0], [0.0, 0.0, 0.5], [0.5, 0.5, 0.5], [0.5, 0.0, 0.0], [0.75, 0.75, 0.25], [0.75, 0.75, 0.75], [0.75, 0.25, 0.75], [0.75, 0.25, 0.25], [0.25, 0.75, 0.75], [0.25, 0.75, 0.25], [0.25, 0.25, 0.25], [0.25, 0.25, 0.75]]",A,conventional,"paper mining (PDF, batch 2)",10.1038/s41467-021-27795-3,,sheet: Sheet1,OPTIMADE,https://oqmd.org/optimade/v1/structures/4603629,oqmd,4603629,False,stoichiometric,TiSbRu2,D5,removed,"measured value, not a semi-empirical estimate",data/Target_Materials/HEUSLER_KAPPA_TIER3_GAP_ROWS.csv,,,,,
TiSbRu2,1.34718,W/m/K,421.3514,κ - κe,3,semi-empirical,0.3,,6.29026,225.0,Fm-3m,,,"[""Ti"", ""Ti"", ""Ti"", ""Ti"", ""Sb"", ""Sb"", ""Sb"", ""Sb"", ""Ru"", ""Ru"", ""Ru"", ""Ru"", ""Ru"", ""Ru"", ""Ru"", ""Ru""]","[[0.0, 0.0, 0.0], [0.0, 0.5, 0.5], [0.5, 0.0, 0.5], [0.5, 0.5, 0.0], [0.0, 0.5, 0.0], [0.0, 0.0, 0.5], [0.5, 0.5, 0.5], [0.5, 0.0, 0.0], [0.75, 0.75, 0.25], [0.75, 0.75, 0.75], [0.75, 0.25, 0.75], [0.75, 0.25, 0.25], [0.25, 0.75, 0.75], [0.25, 0.75, 0.25], [0.25, 0.25, 0.25], [0.25, 0.25, 0.75]]",A,conventional,"paper mining (PDF, batch 2)",10.1038/s41467-021-27795-3,,sheet: Sheet1,OPTIMADE,https://oqmd.org/optimade/v1/structures/4603629,oqmd,4603629,False,stoichiometric,TiSbRu2,D5,removed,"measured value, not a semi-empirical estimate",data/Target_Materials/HEUSLER_KAPPA_TIER3_GAP_ROWS.csv,,,,,
TiSbRu2,1.38222,W/m/K,469.5291,κ - κe,3,semi-empirical,0.3,,6.29026,225.0,Fm-3m,,,"[""Ti"", ""Ti"", ""Ti"", ""Ti"", ""Sb"", ""Sb"", ""Sb"", ""Sb"", ""Ru"", ""Ru"", ""Ru"", ""Ru"", ""Ru"", ""Ru"", ""Ru"", ""Ru""]","[[0.0, 0.0, 0.0], [0.0, 0.5, 0.5], [0.5, 0.0, 0.5], [0.5, 0.5, 0.0], [0.0, 0.5, 0.0], [0.0, 0.0, 0.5], [0.5, 0.5, 0.5], [0.5, 0.0, 0.0], [0.75, 0.75, 0.25], [0.75, 0.75, 0.75], [0.75, 0.25, 0.75], [0.75, 0.25, 0.25], [0.25, 0.75, 0.75], [0.25, 0.75, 0.25], [0.25, 0.25, 0.25], [0.25, 0.25, 0.75]]",A,conventional,"paper mining (PDF, batch 2)",10.1038/s41467-021-27795-3,,sheet: Sheet1,OPTIMADE,https://oqmd.org/optimade/v1/structures/4603629,oqmd,4603629,False,stoichiometric,TiSbRu2,D5,removed,"measured value, not a semi-empirical estimate",data/Target_Materials/HEUSLER_KAPPA_TIER3_GAP_ROWS.csv,,,,,
TiSbRu2,1.43164,W/m/K,518.3984,κ - κe,3,semi-empirical,0.3,,6.29026,225.0,Fm-3m,,,"[""Ti"", ""Ti"", ""Ti"", ""Ti"", ""Sb"", ""Sb"", ""Sb"", ""Sb"", ""Ru"", ""Ru"", ""Ru"", ""Ru"", ""Ru"", ""Ru"", ""Ru"", ""Ru""]","[[0.0, 0.0, 0.0], [0.0, 0.5, 0.5], [0.5, 0.0, 0.5], [0.5, 0.5, 0.0], [0.0, 0.5, 0.0], [0.0, 0.0, 0.5], [0.5, 0.5, 0.5], [0.5, 0.0, 0.0], [0.75, 0.75, 0.25], [0.75, 0.75, 0.75], [0.75, 0.25, 0.75], [0.75, 0.25, 0.25], [0.25, 0.75, 0.75], [0.25, 0.75, 0.25], [0.25, 0.25, 0.25], [0.25, 0.25, 0.75]]",A,conventional,"paper mining (PDF, batch 2)",10.1038/s41467-021-27795-3,,sheet: Sheet1,OPTIMADE,https://oqmd.org/optimade/v1/structures/4603629,oqmd,4603629,False,stoichiometric,TiSbRu2,D5,removed,"measured value, not a semi-empirical estimate",data/Target_Materials/HEUSLER_KAPPA_TIER3_GAP_ROWS.csv,,,,,
TiSbRu2,1.44513,W/m/K,566.8868,κ - κe,3,semi-empirical,0.3,,6.29026,225.0,Fm-3m,,,"[""Ti"", ""Ti"", ""Ti"", ""Ti"", ""Sb"", ""Sb"", ""Sb"", ""Sb"", ""Ru"", ""Ru"", ""Ru"", ""Ru"", ""Ru"", ""Ru"", ""Ru"", ""Ru""]","[[0.0, 0.0, 0.0], [0.0, 0.5, 0.5], [0.5, 0.0, 0.5], [0.5, 0.5, 0.0], [0.0, 0.5, 0.0], [0.0, 0.0, 0.5], [0.5, 0.5, 0.5], [0.5, 0.0, 0.0], [0.75, 0.75, 0.25], [0.75, 0.75, 0.75], [0.75, 0.25, 0.75], [0.75, 0.25, 0.25], [0.25, 0.75, 0.75], [0.25, 0.75, 0.25], [0.25, 0.25, 0.25], [0.25, 0.25, 0.75]]",A,conventional,"paper mining (PDF, batch 2)",10.1038/s41467-021-27795-3,,sheet: Sheet1,OPTIMADE,https://oqmd.org/optimade/v1/structures/4603629,oqmd,4603629,False,stoichiometric,TiSbRu2,D5,removed,"measured value, not a semi-empirical estimate",data/Target_Materials/HEUSLER_KAPPA_TIER3_GAP_ROWS.csv,,,,,
TiSbRu2,1.49846,W/m/K,615.5511,κ - κe,3,semi-empirical,0.3,,6.29026,225.0,Fm-3m,,,"[""Ti"", ""Ti"", ""Ti"", ""Ti"", ""Sb"", ""Sb"", ""Sb"", ""Sb"", ""Ru"", ""Ru"", ""Ru"", ""Ru"", ""Ru"", ""Ru"", ""Ru"", ""Ru""]","[[0.0, 0.0, 0.0], [0.0, 0.5, 0.5], [0.5, 0.0, 0.5], [0.5, 0.5, 0.0], [0.0, 0.5, 0.0], [0.0, 0.0, 0.5], [0.5, 0.5, 0.5], [0.5, 0.0, 0.0], [0.75, 0.75, 0.25], [0.75, 0.75, 0.75], [0.75, 0.25, 0.75], [0.75, 0.25, 0.25], [0.25, 0.75, 0.75], [0.25, 0.75, 0.25], [0.25, 0.25, 0.25], [0.25, 0.25, 0.75]]",A,conventional,"paper mining (PDF, batch 2)",10.1038/s41467-021-27795-3,,sheet: Sheet1,OPTIMADE,https://oqmd.org/optimade/v1/structures/4603629,oqmd,4603629,False,stoichiometric,TiSbRu2,D5,removed,"measured value, not a semi-empirical estimate",data/Target_Materials/HEUSLER_KAPPA_TIER3_GAP_ROWS.csv,,,,,
TiSbRu2,1.51099,W/m/K,664.4432,κ - κe,3,semi-empirical,0.3,,6.29026,225.0,Fm-3m,,,"[""Ti"", ""Ti"", ""Ti"", ""Ti"", ""Sb"", ""Sb"", ""Sb"", ""Sb"", ""Ru"", ""Ru"", ""Ru"", ""Ru"", ""Ru"", ""Ru"", ""Ru"", ""Ru""]","[[0.0, 0.0, 0.0], [0.0, 0.5, 0.5], [0.5, 0.0, 0.5], [0.5, 0.5, 0.0], [0.0, 0.5, 0.0], [0.0, 0.0, 0.5], [0.5, 0.5, 0.5], [0.5, 0.0, 0.0], [0.75, 0.75, 0.25], [0.75, 0.75, 0.75], [0.75, 0.25, 0.75], [0.75, 0.25, 0.25], [0.25, 0.75, 0.75], [0.25, 0.75, 0.25], [0.25, 0.25, 0.25], [0.25, 0.25, 0.75]]",A,conventional,"paper mining (PDF, batch 2)",10.1038/s41467-021-27795-3,,sheet: Sheet1,OPTIMADE,https://oqmd.org/optimade/v1/structures/4603629,oqmd,4603629,False,stoichiometric,TiSbRu2,D5,removed,"measured value, not a semi-empirical estimate",data/Target_Materials/HEUSLER_KAPPA_TIER3_GAP_ROWS.csv,,,,,
TiSbRu2,1.55504,W/m/K,713.3482,κ - κe,3,semi-empirical,0.3,,6.29026,225.0,Fm-3m,,,"[""Ti"", ""Ti"", ""Ti"", ""Ti"", ""Sb"", ""Sb"", ""Sb"", ""Sb"", ""Ru"", ""Ru"", ""Ru"", ""Ru"", ""Ru"", ""Ru"", ""Ru"", ""Ru""]","[[0.0, 0.0, 0.0], [0.0, 0.5, 0.5], [0.5, 0.0, 0.5], [0.5, 0.5, 0.0], [0.0, 0.5, 0.0], [0.0, 0.0, 0.5], [0.5, 0.5, 0.5], [0.5, 0.0, 0.0], [0.75, 0.75, 0.25], [0.75, 0.75, 0.75], [0.75, 0.25, 0.75], [0.75, 0.25, 0.25], [0.25, 0.75, 0.75], [0.25, 0.75, 0.25], [0.25, 0.25, 0.25], [0.25, 0.25, 0.75]]",A,conventional,"paper mining (PDF, batch 2)",10.1038/s41467-021-27795-3,,sheet: Sheet1,OPTIMADE,https://oqmd.org/optimade/v1/structures/4603629,oqmd,4603629,False,stoichiometric,TiSbRu2,D5,removed,"measured value, not a semi-empirical estimate",data/Target_Materials/HEUSLER_KAPPA_TIER3_GAP_ROWS.csv,,,,,
TiSbRu2,1.60982,W/m/K,762.6186,κ - κe,3,semi-empirical,0.3,,6.29026,225.0,Fm-3m,,,"[""Ti"", ""Ti"", ""Ti"", ""Ti"", ""Sb"", ""Sb"", ""Sb"", ""Sb"", ""Ru"", ""Ru"", ""Ru"", ""Ru"", ""Ru"", ""Ru"", ""Ru"", ""Ru""]","[[0.0, 0.0, 0.0], [0.0, 0.5, 0.5], [0.5, 0.0, 0.5], [0.5, 0.5, 0.0], [0.0, 0.5, 0.0], [0.0, 0.0, 0.5], [0.5, 0.5, 0.5], [0.5, 0.0, 0.0], [0.75, 0.75, 0.25], [0.75, 0.75, 0.75], [0.75, 0.25, 0.75], [0.75, 0.25, 0.25], [0.25, 0.75, 0.75], [0.25, 0.75, 0.25], [0.25, 0.25, 0.25], [0.25, 0.25, 0.75]]",A,conventional,"paper mining (PDF, batch 2)",10.1038/s41467-021-27795-3,,sheet: Sheet1,OPTIMADE,https://oqmd.org/optimade/v1/structures/4603629,oqmd,4603629,False,stoichiometric,TiSbRu2,D5,removed,"measured value, not a semi-empirical estimate",data/Target_Materials/HEUSLER_KAPPA_TIER3_GAP_ROWS.csv,,,,,
TiSbRu2,1.64574,W/m/K,811.8026,κ - κe,3,semi-empirical,0.3,,6.29026,225.0,Fm-3m,,,"[""Ti"", ""Ti"", ""Ti"", ""Ti"", ""Sb"", ""Sb"", ""Sb"", ""Sb"", ""Ru"", ""Ru"", ""Ru"", ""Ru"", ""Ru"", ""Ru"", ""Ru"", ""Ru""]","[[0.0, 0.0, 0.0], [0.0, 0.5, 0.5], [0.5, 0.0, 0.5], [0.5, 0.5, 0.0], [0.0, 0.5, 0.0], [0.0, 0.0, 0.5], [0.5, 0.5, 0.5], [0.5, 0.0, 0.0], [0.75, 0.75, 0.25], [0.75, 0.75, 0.75], [0.75, 0.25, 0.75], [0.75, 0.25, 0.25], [0.25, 0.75, 0.75], [0.25, 0.75, 0.25], [0.25, 0.25, 0.25], [0.25, 0.25, 0.75]]",A,conventional,"paper mining (PDF, batch 2)",10.1038/s41467-021-27795-3,,sheet: Sheet1,OPTIMADE,https://oqmd.org/optimade/v1/structures/4603629,oqmd,4603629,False,stoichiometric,TiSbRu2,D5,removed,"measured value, not a semi-empirical estimate",data/Target_Materials/HEUSLER_KAPPA_TIER3_GAP_ROWS.csv,,,,,
TiSbRu2,1.71649,W/m/K,861.005,κ - κe,3,semi-empirical,0.3,,6.29026,225.0,Fm-3m,,,"[""Ti"", ""Ti"", ""Ti"", ""Ti"", ""Sb"", ""Sb"", ""Sb"", ""Sb"", ""Ru"", ""Ru"", ""Ru"", ""Ru"", ""Ru"", ""Ru"", ""Ru"", ""Ru""]","[[0.0, 0.0, 0.0], [0.0, 0.5, 0.5], [0.5, 0.0, 0.5], [0.5, 0.5, 0.0], [0.0, 0.5, 0.0], [0.0, 0.0, 0.5], [0.5, 0.5, 0.5], [0.5, 0.0, 0.0], [0.75, 0.75, 0.25], [0.75, 0.75, 0.75], [0.75, 0.25, 0.75], [0.75, 0.25, 0.25], [0.25, 0.75, 0.75], [0.25, 0.75, 0.25], [0.25, 0.25, 0.25], [0.25, 0.25, 0.75]]",A,conventional,"paper mining (PDF, batch 2)",10.1038/s41467-021-27795-3,,sheet: Sheet1,OPTIMADE,https://oqmd.org/optimade/v1/structures/4603629,oqmd,4603629,False,stoichiometric,TiSbRu2,D5,removed,"measured value, not a semi-empirical estimate",data/Target_Materials/HEUSLER_KAPPA_TIER3_GAP_ROWS.csv,,,,,
TiSbRu2,1.79957,W/m/K,910.273,κ - κe,3,semi-empirical,0.3,,6.29026,225.0,Fm-3m,,,"[""Ti"", ""Ti"", ""Ti"", ""Ti"", ""Sb"", ""Sb"", ""Sb"", ""Sb"", ""Ru"", ""Ru"", ""Ru"", ""Ru"", ""Ru"", ""Ru"", ""Ru"", ""Ru""]","[[0.0, 0.0, 0.0], [0.0, 0.5, 0.5], [0.5, 0.0, 0.5], [0.5, 0.5, 0.0], [0.0, 0.5, 0.0], [0.0, 0.0, 0.5], [0.5, 0.5, 0.5], [0.5, 0.0, 0.0], [0.75, 0.75, 0.25], [0.75, 0.75, 0.75], [0.75, 0.25, 0.75], [0.75, 0.25, 0.25], [0.25, 0.75, 0.75], [0.25, 0.75, 0.25], [0.25, 0.25, 0.25], [0.25, 0.25, 0.75]]",A,conventional,"paper mining (PDF, batch 2)",10.1038/s41467-021-27795-3,,sheet: Sheet1,OPTIMADE,https://oqmd.org/optimade/v1/structures/4603629,oqmd,4603629,False,stoichiometric,TiSbRu2,D5,removed,"measured value, not a semi-empirical estimate",data/Target_Materials/HEUSLER_KAPPA_TIER3_GAP_ROWS.csv,,,,,
TiSbRu2,1.87235,W/m/K,959.5551,κ - κe,3,semi-empirical,0.3,,6.29026,225.0,Fm-3m,,,"[""Ti"", ""Ti"", ""Ti"", ""Ti"", ""Sb"", ""Sb"", ""Sb"", ""Sb"", ""Ru"", ""Ru"", ""Ru"", ""Ru"", ""Ru"", ""Ru"", ""Ru"", ""Ru""]","[[0.0, 0.0, 0.0], [0.0, 0.5, 0.5], [0.5, 0.0, 0.5], [0.5, 0.5, 0.0], [0.0, 0.5, 0.0], [0.0, 0.0, 0.5], [0.5, 0.5, 0.5], [0.5, 0.0, 0.0], [0.75, 0.75, 0.25], [0.75, 0.75, 0.75], [0.75, 0.25, 0.75], [0.75, 0.25, 0.25], [0.25, 0.75, 0.75], [0.25, 0.75, 0.25], [0.25, 0.25, 0.25], [0.25, 0.25, 0.75]]",A,conventional,"paper mining (PDF, batch 2)",10.1038/s41467-021-27795-3,,sheet: Sheet1,OPTIMADE,https://oqmd.org/optimade/v1/structures/4603629,oqmd,4603629,False,stoichiometric,TiSbRu2,D5,removed,"measured value, not a semi-empirical estimate",data/Target_Materials/HEUSLER_KAPPA_TIER3_GAP_ROWS.csv,,,,,
